Return_ID,PO_ID,Vendor_ID,Product_SKU,Product_Category,Return_Date,Return_Reason,Return_Qty,Unit_Price_INR,Approved_By,Refund_Status,Return_Value,High_Value_Return
RET0004349,PO0038264,VND00326,SKU3119,Textiles,08/26/2023,Damaged Packaging,123,997.99,Manager_B,Processed,122752.77,1
RET0004836,PO0027837,VND00546,SKU2560,Machinery,06/11/2024,Wrong Item Delivered,373,411.87,,Processed,153627.51,1
RET0003717,PO0011213,VND00599,SKU2096,Textiles,07/08/2024,,175,1823.76,,Processed,319158,1
RET0000111,PO0012387,VND00344,SKU4338,IT Equipment,09/12/2021,Wrong Item Delivered,277,3316.22,,Pending,918592.94,1
RET0003882,PO0013395,VND00504,SKU5567,Machinery,10/26/2023,Defective Item,370,3956.19,Manager_A,Rejected,1463790.3,1
RET0001476,PO0033559,VND00433,SKU2911,Packaging,09/06/2024,Quality Failure,389,4029.99,Manager_A,Processed,1567666.11,1
RET0003060,PO0038996,VND00263,SKU2175,Packaging,02/25/2024,Damaged Packaging,110,2225.41,Manager_B,Rejected,244795.1,1
RET0000586,PO0026010,VND00772,SKU5728,Textiles,08/29/2022,Expired Product,278,1306.78,Manager_B,Pending,363284.84,1
RET0000691,PO0007958,VND00300,SKU1230,IT Equipment,02/16/2023,Wrong Quantity,429,1610.65,Manager_B,Processed,690968.85,1
RET0004081,PO0031035,VND00970,SKU4924,Raw Material,09/10/2021,Quality Failure,53,4082.98,Manager_C,Processed,216397.94,1
RET0001864,PO0004435,VND00465,SKU4057,Electronics,04/27/2023,Quality Failure,161,3915.43,Manager_A,Processed,630384.23,1
RET0003564,PO0003383,VND00349,SKU2681,IT Equipment,09/11/2023,Quality Failure,255,3552.87,Manager_A,Processed,905981.85,1
RET0001207,PO0037178,VND00510,SKU5823,Spare Parts,06/19/2023,Damaged Packaging,332,4737.67,Manager_B,Processed,1572906.44,1
RET0001536,PO0039645,VND00341,SKU5194,Electronics,11/20/2024,Over Shipment,288,3244.45,,Processed,934401.6,1
RET0002739,PO0044611,VND00231,SKU5328,IT Equipment,09/06/2023,Over Shipment,244,111.46,,Processed,27196.24,1
RET0000781,PO0023039,VND00198,SKU4480,Machinery,08/06/2023,Quality Failure,19,1347.25,Manager_A,Processed,25597.75,1
RET0002979,PO0023535,VND00317,SKU5034,Electronics,11/14/2023,Wrong Quantity,222,1422.26,Manager_A,Processed,315741.72,1
RET0004884,PO0037996,VND00360,SKU2244,IT Equipment,02/12/2022,Wrong Quantity,416,1927.5,Manager_A,Processed,801840,1
RET0000414,PO0026456,VND00715,SKU3481,Packaging,12/03/2022,Expired Product,61,4230.26,Manager_C,Processed,258045.86,1
RET0000453,PO0002368,VND00454,SKU5603,Raw Material,09/19/2023,Expired Product,239,1744.93,Manager_B,Pending,417038.27,1
RET0000025,PO0034023,VND00185,SKU4396,Electronics,12/27/2023,Damaged Packaging,182,3428.91,Manager_B,Pending,624061.62,1
RET0000700,PO0010027,VND00223,SKU2764,Chemicals,01/02/2024,Expired Product,250,2711.36,Manager_B,Pending,677840,1
RET0004107,PO0049857,VND00687,SKU5688,Raw Material,03/14/2023,Damaged Packaging,372,4115.9,Manager_B,Rejected,1531114.8,1
RET0003294,PO0044399,VND00985,SKU5736,Electronics,09/24/2022,Expired Product,422,279.12,,Processed,117788.64,1
RET0000169,PO0047340,VND00384,SKU1235,Raw Material,10/30/2022,Over Shipment,213,1780.13,Manager_C,Processed,379167.69,1
RET0004666,PO0041194,VND00599,SKU3794,Chemicals,12/05/2023,Wrong Item delivered,478,2125.31,Manager_A,Pending,1015898.18,1
RET0000686,PO0017556,VND00045,SKU4456,Electronics,02/02/2022,Damaged Packaging,458,3524.06,Manager_B,Processed,1614019.48,1
RET0001620,PO0001808,VND00017,SKU5217,Spare Parts,09/22/2024,Defective Item,385,3508.32,Manager_B,Rejected,1350703.2,1
RET0004181,PO0003942,VND00235,SKU1339,Textiles,06/12/2024,Damaged Packaging,495,3122.68,,Pending,1545726.6,1
RET0001053,PO0000255,VND00516,SKU4722,Chemicals,03/30/2022,Quality Failure,468,2855.4,Manager_B,Pending,1336327.2,1
RET0002415,PO0036177,VND00108,SKU2718,Textiles,01/31/2024,Expired product,384,3972.06,Manager_B,Pending,1525271.04,1
RET0001312,PO0039096,VND00282,SKU3325,Packaging,12/04/2023,Wrong Item Delivered,421,1807.1,,Processed,760789.1,1
RET0003644,PO0009706,VND00054,SKU1624,Spare Parts,03/08/2021,Quality Failure,377,4062.25,Manager_A,Processed,1531468.25,1
RET0002808,PO0013227,VND00457,SKU3088,Spare Parts,01/03/2023,Wrong Quantity,82,1777.97,Manager_B,Processed,145793.54,1
RET0001254,PO0005557,VND00945,SKU5444,Textiles,02/08/2021,Over Shipment,440,2881.86,,Processed,1268018.4,1
RET0003300,PO0008307,VND00411,SKU3033,Spare Parts,09/20/2023,Wrong Item Delivered,348,3742.33,,Rejected,1302330.84,1
RET0004542,PO0017476,VND00147,SKU3171,IT Equipment,08/03/2023,Quality Failure,376,4688.17,,Processed,1762751.92,1
RET0001665,PO0008045,VND00856,SKU5564,Packaging,02/25/2022,Quality Failure,335,3058.64,Manager_B,Processed,1024644.4,1
RET0003889,PO0042242,VND00134,SKU1331,Chemicals,07/27/2022,Quality Failure,357,16.58,,Pending,5919.06,1
RET0002837,PO0039371,VND00428,SKU3614,Raw Material,10/13/2024,Quality Failure,481,2519.12,Manager_A,Processed,1211696.72,1
RET0001303,PO0004924,VND00286,SKU5989,Machinery,05/04/2021,Defective Item,455,3376.35,Manager_A,Processed,1536239.25,1
RET0003807,PO0007092,VND00486,SKU2385,Textiles,07/08/2021,Expired Product,87,4300.26,,Rejected,374122.62,1
RET0003211,PO0026330,VND00228,SKU1339,Chemicals,04/13/2022,Expired Product,306,2657.48,,Processed,813188.88,1
RET0001631,PO0001152,VND00008,SKU5131,Textiles,03/11/2024,Quality Failure,351,3716.11,Manager_C,Pending,1304354.61,1
RET0004708,PO0018403,VND00220,SKU1868,Textiles,02/05/2022,Defective Item,453,3231.29,,Pending,1463774.37,1
RET0000914,PO0046233,VND00432,SKU2193,Textiles,12/17/2024,,173,1752.26,Manager_C,Processed,303140.98,1
RET0000136,PO0046035,VND00562,SKU1209,Packaging,07/27/2022,Quality Failure,336,672.96,Manager_B,Rejected,226114.56,1
RET0004067,PO0027548,VND00157,SKU4533,Spare Parts,09/25/2023,Expired Product,75,610.95,Manager_A,Processed,45821.25,1
RET0002993,PO0004475,VND00361,SKU3707,Spare Parts,01/29/2021,Wrong Item Delivered,120,2916.27,Manager_B,Pending,349952.4,1
RET0000970,PO0025939,VND00134,SKU1935,Packaging,12/27/2024,Wrong Item Delivered,369,4187.8,Manager_A,Processed,1545298.2,1
RET0000878,PO0030218,VND00235,SKU1714,Machinery,11/27/2022,Wrong Quantity,397,4365.11,,Processed,1732948.67,1
RET0001897,PO0019915,VND00053,SKU1389,Machinery,05/21/2021,Defective Item,11,3703.15,Manager_C,Processed,40734.65,1
RET0001886,PO0032492,VND00350,SKU3313,IT Equipment,10/22/2021,Wrong Item,386,1281.35,,Pending,494601.1,1
RET0004995,PO0042736,VND00432,SKU5596,IT Equipment,03/06/2024,Wrong Item Delivered,129,4853.66,,Processed,626122.14,1
RET0000829,PO0012164,VND00942,SKU1305,Spare Parts,09/22/2023,Quality Failure,146,672.6,Manager_A,Pending,98199.6,1
RET0001888,PO0013840,VND00522,SKU1427,IT Equipment,02/03/2022,Defective Item,67,4324.96,Manager_B,Processed,289772.32,1
RET0003098,PO0022740,VND00175,SKU1850,Raw Material,07/20/2023,Wrong Item Delivered,200,2013.28,Manager_B,Pending,402656,1
RET0002917,PO0004189,VND00997,SKU1850,Chemicals,08/25/2021,Defective Item,26,340.14,Manager_A,Processed,8843.64,1
RET0002273,PO0027725,VND00304,SKU4335,Electronics,01/07/2022,Defective Item,240,3589.17,Manager_C,Pending,861400.8,1
RET0001383,PO0046625,VND00433,SKU1258,Packaging,08/29/2022,Wrong Quantity,188,1431.64,Manager_A,Processed,269148.32,1
RET0004905,PO0026602,VND00816,SKU4072,Electronics,02/03/2021,Over Shipment,183,2684.37,Manager_C,Processed,491239.71,1
RET0002668,PO0042231,VND00374,SKU3366,Machinery,06/10/2021,Wrong Quantity,38,2406.04,,Processed,91429.52,1
RET0000851,PO0008754,VND00055,SKU2677,Raw Material,04/27/2024,Defective Item,485,1018.34,,Pending,493894.9,1
RET0002577,PO0048414,VND00086,SKU1125,Raw Material,09/21/2022,Damaged Packaging,104,2243.59,Manager_B,Processed,233333.36,1
RET0001892,PO0035926,VND00377,SKU2100,Machinery,12/24/2023,Defective Item,440,4581.29,Manager_B,Processed,2015767.6,1
RET0002006,PO0032451,VND00638,SKU2844,Spare Parts,03/22/2024,Damaged Packaging,74,3940.16,,Processed,291571.84,1
RET0000889,PO0011095,VND00986,SKU2261,Raw Material,11/13/2022,Over Shipment,312,3649.59,,Processed,1138672.08,1
RET0003589,PO0036811,VND00188,SKU1023,Chemicals,11/01/2022,Quality Failure,455,4414.53,,Processed,2008611.15,1
RET0003169,PO0031419,VND00046,SKU1897,Chemicals,09/06/2021,Expired Product,398,210.09,Manager_A,Pending,83615.82,1
RET0003400,PO0035328,VND00407,SKU4892,Packaging,07/10/2023,Quality Failure,459,810.37,,Processed,371959.83,1
RET0000805,PO0010638,VND00672,SKU2217,Machinery,02/18/2024,Expired Product,231,558.58,Manager_A,Processed,129031.98,1
RET0002643,PO0025700,VND00618,SKU2072,Textiles,08/23/2023,Over Shipment,12,4963.52,Manager_B,Processed,59562.24,1
RET0001503,PO0049993,VND00501,SKU5437,IT Equipment,09/22/2021,Expired Product,181,1605.76,Manager_A,Pending,290642.56,1
RET0000344,PO0004567,VND00978,SKU1320,IT Equipment,07/14/2023,Defective Item,440,1862.79,Manager_B,Rejected,819627.6,1
RET0000342,PO0044762,VND00798,SKU4195,Raw Material,09/12/2023,Damaged Packaging,99,3074.57,Manager_C,Pending,304382.43,1
RET0004958,PO0028348,VND00697,SKU2042,IT Equipment,01/11/2021,Quality Failure,483,4433.95,Manager_C,Processed,2141597.85,1
RET0002847,PO0009387,VND00794,SKU4635,Packaging,12/19/2022,Damaged Packaging,360,3397.02,,Pending,1222927.2,1
RET0002411,PO0036133,VND00645,SKU3266,Chemicals,06/08/2021,Wrong Quantity,253,299.4,Manager_A,Processed,75748.2,1
RET0002353,PO0025350,VND00766,SKU1648,Packaging,01/30/2024,Expired,447,805.71,,Rejected,360152.37,1
RET0004589,PO0046254,VND00088,SKU5612,Packaging,05/04/2022,Wrong Item,121,1905.11,Manager_A,Pending,230518.31,1
RET0000152,PO0004009,VND00504,SKU3220,Textiles,08/04/2022,expiry,181,588.8,,Processed,106572.8,1
RET0001199,PO0015723,VND00735,SKU4878,Packaging,11/26/2021,Quality Failure,112,4180.24,Manager_C,Pending,468186.88,1
RET0004456,PO0002131,VND00840,SKU2771,Raw Material,09/27/2022,Defective Item,258,2739.33,,Processed,706747.14,1
RET0001067,PO0012566,VND00449,SKU1585,Electronics,06/16/2024,,444,2354.02,Manager_C,Processed,1045184.88,1
RET0001225,PO0021448,VND00547,SKU2343,Chemicals,08/24/2021,Defective Item,308,1722.92,,Processed,530659.36,1
RET0003560,PO0047090,VND00805,SKU3721,Textiles,10/04/2021,,400,983.76,Manager_C,Processed,393504,1
RET0001315,PO0001757,VND00043,SKU5090,Textiles,11/20/2024,Wrong Item Delivered,447,1985.72,Manager_B,Processed,887616.84,1
RET0000430,PO0028975,VND00006,SKU4990,Packaging,08/11/2021,Expired Product,302,4982.51,,Rejected,1504718.02,1
RET0001160,PO0024780,VND00092,SKU4069,Spare Parts,09/24/2021,Defective Item,84,4025.73,Manager_B,Pending,338161.32,1
RET0000404,PO0028069,VND00841,SKU3454,Electronics,09/21/2023,Quality Failure,260,1016.63,,Processed,264323.8,1
RET0003242,PO0003024,VND00665,SKU5572,Textiles,01/07/2022,Defective Item,484,287.93,,Pending,139358.12,1
RET0000711,PO0031295,VND00054,SKU2876,IT Equipment,02/08/2021,Quality Failure,143,4086.42,Manager_B,Processed,584358.06,1
RET0001112,PO0007850,VND00321,SKU4435,Machinery,04/11/2021,Defective Item,9,3644.92,Manager_B,Processed,32804.28,1
RET0000068,PO0045890,VND00468,SKU1952,Packaging,10/14/2022,Wrong Quantity,434,960.82,,Pending,416995.88,1
RET0001012,PO0004883,VND00108,SKU3324,Raw Material,04/03/2022,Wrong Quantity,157,2692.69,Manager_C,Processed,422752.33,1
RET0001274,PO0009602,VND00059,SKU4223,Chemicals,03/22/2024,Quality Failure,232,4142.91,,Pending,961155.12,1
RET0002335,PO0001435,VND00679,SKU3239,Chemicals,12/19/2023,Quality Failure,310,4994.52,Manager_A,Processed,1548301.2,1
RET0004079,PO0017922,VND00251,SKU3635,Textiles,04/05/2021,Damaged Packaging,26,4917.27,Manager_A,Processed,127849.02,1
RET0001669,PO0010988,VND00035,SKU3493,IT Equipment,08/25/2023,Defective Item,342,2361.96,Manager_B,Processed,807790.32,1
RET0001045,PO0034167,VND00221,SKU1514,Chemicals,12/18/2022,over shipment,2,863.23,Manager_B,Pending,1726.46,1
RET0000996,PO0005029,VND00199,SKU3142,Spare Parts,02/02/2024,Wrong Item Delivered,415,1249.6,Manager_B,Processed,518584,1
RET0002741,PO0010523,VND00479,SKU4301,IT Equipment,02/23/2021,Damaged Packaging,155,3664.68,Manager_A,Pending,568025.4,1
RET0001224,PO0007566,VND00355,SKU2292,Machinery,12/10/2023,Damaged Packaging,253,3338.7,Manager_A,Processed,844691.1,1
RET0003287,PO0000263,VND00368,SKU3907,IT Equipment,01/28/2022,Expired Product,401,1171.64,Manager_B,,469827.64,1
RET0001171,PO0045284,VND00479,SKU4075,Machinery,07/17/2022,,476,199.48,Manager_A,,94952.48,1
RET0000710,PO0022963,VND00245,SKU2136,Packaging,05/09/2024,Expired Product,15,3945.91,Manager_A,Processed,59188.65,1
RET0004522,PO0004683,VND00444,SKU2090,IT Equipment,10/01/2024,Over Shipment,71,858.3,Manager_A,Rejected,60939.3,1
RET0001184,PO0038092,VND00321,SKU4191,Raw Material,05/20/2023,Expired Product,427,2983.27,Manager_B,Processed,1273856.29,1
RET0003127,PO0038220,VND00318,SKU3951,Textiles,08/03/2021,Defective Item,198,3393.59,Manager_A,Processed,671930.82,1
RET0003955,PO0002310,VND00322,SKU2247,Chemicals,07/29/2021,Over Shipment,289,4845.75,Manager_C,Processed,1400421.75,1
RET0002356,PO0013393,VND00286,SKU3694,IT Equipment,07/29/2024,Over Shipment,3,3533.64,,Pending,10600.92,1
RET0004832,PO0023160,VND00544,SKU2657,Chemicals,02/18/2022,Defective Item,360,2883.38,,Processed,1038016.8,1
RET0000537,PO0029708,VND00780,SKU4734,Chemicals,01/21/2022,Damaged Packaging,445,469,Manager_B,Pending,208705,1
RET0003306,PO0037748,VND00145,SKU5692,Textiles,04/15/2024,damaged packaging,252,3283.52,Manager_C,Processed,827447.04,1
RET0004513,PO0006315,VND00530,SKU5609,IT Equipment,03/24/2022,,128,4964.35,Manager_A,Pending,635436.8,1
RET0003524,PO0035335,VND00392,SKU2356,Textiles,11/23/2023,Wrong Quantity,454,334.89,Manager_A,Processed,152040.06,1
RET0000275,PO0006117,VND00590,SKU3703,Machinery,05/29/2024,Defective Item,478,1510.14,Manager_B,Processed,721846.92,1
RET0001475,PO0041628,VND00789,SKU2537,Packaging,11/23/2023,Defective Item,239,279.56,Manager_C,Processed,66814.84,1
RET0003777,PO0013383,VND00098,SKU1901,IT Equipment,01/29/2023,Wrong Item Delivered,175,2115.44,,Pending,370202,1
RET0000043,PO0036596,VND00320,SKU4576,Electronics,04/16/2024,Damaged Packaging,54,1848.39,,Processed,99813.06,1
RET0002759,PO0029088,VND00958,SKU3978,Spare Parts,08/30/2021,Over Shipment,159,3580.12,Manager_C,Processed,569239.08,1
RET0004847,PO0026567,VND00694,SKU3226,Electronics,05/27/2021,Expired Product,182,3940.15,,Rejected,717107.3,1
RET0001296,PO0042059,VND00844,SKU3577,Spare Parts,06/23/2022,Over Shipment,316,942.27,Manager_A,Processed,297757.32,1
RET0004634,PO0048060,VND00602,SKU3106,Textiles,04/29/2022,Defective Item,92,4569.12,Manager_C,Pending,420359.04,1
RET0002853,PO0025664,VND00995,SKU4200,Electronics,07/15/2022,,271,637.66,Manager_A,Processed,172805.86,1
RET0000943,PO0045025,VND00314,SKU3900,Chemicals,04/09/2024,Damaged Packaging,281,18.61,Manager_C,Processed,5229.41,1
RET0000359,PO0008593,VND00366,SKU2533,IT Equipment,07/06/2023,Wrong Quantity,348,2132.59,Manager_A,Processed,742141.32,1
RET0004186,PO0027191,VND00362,SKU5939,Chemicals,06/18/2024,Wrong Item Delivered,6,2327.84,,Processed,13967.04,1
RET0004756,PO0035057,VND00889,SKU2270,Packaging,04/30/2024,Defective Item,394,3710.44,Manager_B,Pending,1461913.36,1
RET0002396,PO0028915,VND00740,SKU4742,Chemicals,10/16/2022,Quality Failure,498,4190,Manager_C,Processed,2086620,1
RET0003616,PO0002045,VND00588,SKU3115,Raw Material,08/05/2024,Quality Failure,321,4084.36,Manager_B,Pending,1311079.56,1
RET0001628,PO0003763,VND00355,SKU1738,Raw Material,02/05/2023,Damaged Packaging,182,3000.27,,Processed,546049.14,1
RET0002038,PO0000519,VND00356,SKU1552,Machinery,10/18/2023,,173,4543.1,Manager_B,Processed,785956.3,1
RET0001189,PO0026530,VND00722,SKU2109,Chemicals,12/20/2021,Damaged Packaging,307,598.24,Manager_B,Processed,183659.68,1
RET0002926,PO0035243,VND00523,SKU2212,Electronics,10/18/2023,Wrong Item Delivered,247,438.16,Manager_C,Pending,108225.52,1
RET0000939,PO0005676,VND00763,SKU4553,Spare Parts,06/24/2023,Wrong Item Delivered,305,4593.35,Manager_C,Processed,1400971.75,1
RET0002156,PO0046353,VND00099,SKU3079,Raw Material,01/30/2022,Expired Product,462,1371.68,Manager_A,Processed,633716.16,1
RET0001243,PO0034913,VND00854,SKU4440,Raw Material,03/17/2022,Expired Product,310,3766.77,,Pending,1167698.7,1
RET0000385,PO0037063,VND00640,SKU3518,Packaging,09/03/2021,Wrong Quantity,145,4625.74,Manager_A,Pending,670732.3,1
RET0003367,PO0007420,VND00454,SKU2842,Textiles,01/22/2021,Expired Product,234,774.9,Manager_C,Processed,181326.6,1
RET0000481,PO0012440,VND00024,SKU4683,Electronics,02/09/2021,Over Shipment,138,33.5,,Processed,4623,1
RET0002068,PO0045823,VND00767,SKU3281,Chemicals,03/10/2023,Wrong Quantity,356,1064.77,Manager_A,Processed,379058.12,1
RET0003421,PO0013402,VND00712,SKU5766,Electronics,09/22/2024,Expired Product,459,3364.69,Manager_C,Pending,1544392.71,1
RET0000705,PO0035771,VND00700,SKU4345,Machinery,12/21/2022,Defective Item,225,1288.93,,Processed,290009.25,1
RET0004355,PO0039684,VND00817,SKU3672,Electronics,05/30/2022,Expired,33,1635.03,Manager_A,Processed,53955.99,1
RET0004165,PO0039061,VND00940,SKU2810,Raw Material,04/30/2023,Damaged Packaging,148,4662.02,Manager_C,Pending,689978.96,1
RET0002113,PO0015742,VND00543,SKU1669,Electronics,10/15/2024,Wrong Quantity,188,898.88,Manager_A,Processed,168989.44,1
RET0002395,PO0023544,VND00654,SKU2707,Textiles,02/24/2024,Quality Failure,119,3729.14,Manager_B,Rejected,443767.66,1
RET0004478,PO0048858,VND00320,SKU1896,Packaging,08/14/2024,Damaged Packaging,215,2369.22,Manager_A,Processed,509382.3,1
RET0001626,PO0026747,VND00216,SKU3866,Chemicals,10/22/2022,Wrong Item Delivered,389,4751.48,,Processed,1848325.72,1
RET0004400,PO0024215,VND00572,SKU3695,Machinery,08/04/2022,Over Shipment,152,1839.79,Manager_A,Processed,279648.08,1
RET0000659,PO0025243,VND00144,SKU5133,Textiles,07/21/2022,expiry,117,2923.02,,Processed,341993.34,1
RET0002372,PO0007874,VND00968,SKU5148,Electronics,02/24/2021,Wrong Quantity,204,4203.85,Manager_B,Pending,857585.4,1
RET0003173,PO0013702,VND00606,SKU4627,Chemicals,07/11/2024,Quality Failure,465,504.37,,Processed,234532.05,1
RET0001234,PO0011489,VND00728,SKU1718,Textiles,03/09/2023,Expired Product,129,1031.65,Manager_A,Pending,133082.85,1
RET0004002,PO0012936,VND00937,SKU4158,Electronics,05/16/2022,Over Shipment,369,3512.95,,Pending,1296278.55,1
RET0002095,PO0049359,VND00209,SKU4205,Chemicals,08/01/2022,Wrong Item Delivered,98,2077.38,Manager_A,Processed,203583.24,1
RET0000958,PO0028066,VND00453,SKU2226,Electronics,07/04/2022,Damaged Packaging,78,4043.58,,Processed,315399.24,1
RET0000644,PO0049594,VND00594,SKU5658,IT Equipment,10/25/2023,Quality Failure,35,3870.44,Manager_A,Pending,135465.4,1
RET0004701,PO0039668,VND00249,SKU1048,Chemicals,10/19/2023,Expired Product,376,4295.27,Manager_B,Processed,1615021.52,1
RET0001831,PO0011292,VND00732,SKU3145,Packaging,10/12/2022,Quality Failure,248,2178.59,Manager_A,Processed,540290.32,1
RET0004230,PO0011653,VND00253,SKU1683,IT Equipment,04/19/2023,Defective Item,140,2401.54,Manager_C,Processed,336215.6,1
RET0004322,PO0031874,VND00709,SKU1972,Spare Parts,10/16/2021,Wrong Quantity,160,3607.63,Manager_A,Processed,577220.8,1
RET0001196,PO0032276,VND00265,SKU5831,Raw Material,05/06/2022,Wrong Quantity,498,730.88,,Rejected,363978.24,1
RET0001208,PO0026539,VND00495,SKU2451,Machinery,02/27/2022,Wrong Quantity,293,430.66,,Processed,126183.38,1
RET0001650,PO0009503,VND00965,SKU4450,Machinery,04/21/2023,Over Shipment,161,4089.6,,Processed,658425.6,1
RET0002282,PO0035459,VND00068,SKU5245,Spare Parts,09/19/2024,Wrong Quantity,428,4618.87,,Pending,1976876.36,1
RET0001124,PO0009535,VND00466,SKU3398,IT Equipment,05/28/2022,Over Shipment,64,4508.89,Manager_C,Processed,288568.96,1
RET0004444,PO0026875,VND00651,SKU1093,Chemicals,07/21/2022,Quality Failure,275,4351.22,,Processed,1196585.5,1
RET0003765,PO0046862,VND00210,SKU1335,Electronics,05/17/2021,Defective Item,90,100.56,Manager_C,Rejected,9050.4,1
RET0002309,PO0017342,VND00418,SKU3897,Raw Material,05/16/2021,Expired Product,285,308.62,Manager_B,Pending,87956.7,1
RET0000969,PO0008928,VND00253,SKU4784,Textiles,08/29/2023,Wrong Quantity,122,4836.17,Manager_B,Processed,590012.74,1
RET0003819,PO0046990,VND00274,SKU5553,Electronics,08/18/2024,Defective Item,88,361.45,Manager_A,Processed,31807.6,1
RET0003122,PO0036457,VND00165,SKU5745,Electronics,12/19/2021,Over Shipment,165,425.96,Manager_A,Processed,70283.4,1
RET0000741,PO0042251,VND00638,SKU2362,Packaging,03/09/2022,Defective Item,359,3081.22,Manager_C,Pending,1106157.98,1
RET0001962,PO0023203,VND00949,SKU3202,Textiles,02/04/2022,Wrong Item,318,4926.79,Manager_A,Processed,1566719.22,1
RET0004559,PO0010155,VND00386,SKU5665,Electronics,10/30/2021,Expired,339,781.45,Manager_B,Processed,264911.55,1
RET0004341,PO0029368,VND00672,SKU1883,Machinery,11/20/2022,Quality Failure,322,2259.91,Manager_A,Processed,727691.02,1
RET0004849,PO0001580,VND00548,SKU5329,Machinery,02/17/2024,Wrong Quantity,390,3103.29,Manager_B,Processed,1210283.1,1
RET0002193,PO0041455,VND00811,SKU4414,Machinery,01/16/2021,Damaged Packaging,380,3057.35,Manager_C,Pending,1161793,1
RET0002123,PO0041870,VND00705,SKU4699,Spare Parts,01/01/2021,Over Shipment,377,212.95,Manager_B,Pending,80282.15,1
RET0002508,PO0047768,VND00647,SKU5585,Packaging,02/04/2024,Expired,206,3121.12,Manager_C,Processed,642950.72,1
RET0004356,PO0038230,VND00811,SKU4468,Chemicals,10/17/2021,Expired Product,421,4115.83,Manager_A,Processed,1732764.43,1
RET0000415,PO0044749,VND00328,SKU2673,IT Equipment,12/03/2023,Damaged Packaging,260,264.06,Manager_A,Processed,68655.6,1
RET0003429,PO0045583,VND00076,SKU5478,Spare Parts,05/30/2021,Quality Failure,388,3104.1,Manager_C,Pending,1204390.8,1
RET0004963,PO0000292,VND00176,SKU4472,Raw Material,09/26/2023,Defective Item,104,4946.4,Manager_A,Processed,514425.6,1
RET0001952,PO0007266,VND00048,SKU1117,IT Equipment,11/14/2021,Damaged Packaging,361,537.75,,Pending,194127.75,1
RET0001803,PO0034711,VND00055,SKU5921,Textiles,12/25/2021,Defective Item,146,4642.5,Manager_C,Processed,677805,1
RET0003778,PO0044666,VND00535,SKU3545,IT Equipment,11/17/2022,Expired Product,461,2842.95,Manager_C,Pending,1310599.95,1
RET0000690,PO0013936,VND00955,SKU2067,Textiles,09/27/2021,Damaged Packaging,269,3905.07,Manager_C,Processed,1050463.83,1
RET0004247,PO0036216,VND00775,SKU5182,Machinery,03/31/2024,Quality Failure,179,4566.43,,Processed,817390.97,1
RET0002312,PO0045841,VND00596,SKU3315,Machinery,12/29/2021,Quality Failure,457,2432.85,Manager_B,Processed,1111812.45,1
RET0001092,PO0003003,VND00551,SKU3360,IT Equipment,07/24/2024,Expired,116,4412.96,Manager_B,Pending,511903.36,1
RET0002588,PO0041720,VND00702,SKU4132,Textiles,07/16/2023,Over Shipment,196,4865.03,,Processed,953545.88,1
RET0001143,PO0034590,VND00825,SKU4183,Electronics,10/20/2022,Damaged Packaging,336,3883.18,,Pending,1304748.48,1
RET0003864,PO0037095,VND00124,SKU1886,Electronics,12/05/2023,Quality Failure,122,1074.46,Manager_C,Rejected,131084.12,1
RET0003225,PO0035334,VND00816,SKU5407,Spare Parts,12/04/2021,Wrong Item,387,339.58,Manager_C,,131417.46,1
RET0004978,PO0015008,VND00297,SKU3059,Packaging,10/09/2021,Over Shipment,303,336.42,,Processed,101935.26,1
RET0000499,PO0005753,VND00893,SKU5282,Spare Parts,11/23/2023,Quality Failure,7,211.64,Manager_C,Processed,1481.48,1
RET0004809,PO0014331,VND00053,SKU1018,Packaging,05/16/2024,Wrong Item Delivered,147,3123.7,Manager_C,Processed,459183.9,1
RET0003422,PO0010974,VND00829,SKU5815,Textiles,07/08/2021,Wrong Quantity,485,2595.64,Manager_C,Processed,1258885.4,1
RET0002199,PO0021872,VND00307,SKU1971,Raw Material,01/17/2023,Wrong Quantity,38,2418.06,Manager_A,Rejected,91886.28,1
RET0002834,PO0004717,VND00685,SKU4108,Chemicals,11/08/2022,Damaged Packaging,287,3113.3,Manager_C,Rejected,893517.1,1
RET0003542,PO0024999,VND00870,SKU2322,Raw Material,09/16/2022,Defective Item,251,3496.05,,Pending,877508.55,1
RET0001852,PO0024419,VND00132,SKU1378,Spare Parts,07/03/2023,Defective Item,204,1175.83,,Pending,239869.32,1
RET0003491,PO0045111,VND00944,SKU1639,Spare Parts,09/13/2023,Damaged Packaging,489,3384.29,Manager_A,Processed,1654917.81,1
RET0004717,PO0043406,VND00496,SKU4535,Raw Material,08/21/2022,Damaged Packaging,75,2098.47,,Processed,157385.25,1
RET0003675,PO0048182,VND00449,SKU2301,IT Equipment,10/12/2022,Wrong Quantity,63,539,,Processed,33957,1
RET0002664,PO0043110,VND00881,SKU2073,Packaging,04/18/2021,Damaged Packaging,414,3166.91,Manager_C,Pending,1311100.74,1
RET0004862,PO0016571,VND00211,SKU3252,IT Equipment,06/13/2022,Over Shipment,42,4057.5,Manager_C,Pending,170415,1
RET0003229,PO0005654,VND00305,SKU1511,Electronics,10/19/2022,Damaged Packaging,120,4595.49,Manager_B,Pending,551458.8,1
RET0003203,PO0014317,VND00529,SKU3623,IT Equipment,10/05/2023,Over Shipment,241,4025.73,Manager_B,Pending,970200.93,1
RET0002253,PO0002852,VND00405,SKU1283,Packaging,01/06/2023,Damaged Packaging,33,1024.27,,Processed,33800.91,1
RET0002941,PO0039585,VND00924,SKU1346,IT Equipment,01/03/2024,Over Shipment,444,3866.54,Manager_A,Processed,1716743.76,1
RET0002039,PO0047355,VND00631,SKU3989,Spare Parts,09/18/2024,Expired Product,33,3269.58,Manager_A,Processed,107896.14,1
RET0004842,PO0047213,VND00287,SKU4245,Textiles,06/27/2023,Damaged Packaging,19,4210.01,Manager_C,Pending,79990.19,1
RET0000334,PO0032114,VND00924,SKU3527,Raw Material,12/02/2021,Expired Product,352,4293.33,Manager_C,Processed,1511252.16,1
RET0003032,PO0006772,VND00052,SKU5777,Chemicals,03/11/2023,Quality Failure,470,1129.21,,Processed,530728.7,1
RET0002436,PO0017151,VND00844,SKU1171,Raw Material,02/21/2022,Over Shipment,225,3793.71,Manager_C,Processed,853584.75,1
RET0003414,PO0034634,VND00725,SKU4265,Raw Material,09/10/2022,Defective Item,223,3032.94,Manager_C,Processed,676345.62,1
RET0002753,PO0023929,VND00414,SKU5526,Textiles,11/17/2023,Expired Product,114,3185.59,,Processed,363157.26,1
RET0003702,PO0021473,VND00999,SKU1298,Textiles,04/17/2024,Wrong Item Delivered,109,2441.19,Manager_A,Processed,266089.71,1
RET0001507,PO0047670,VND00165,SKU5524,Chemicals,12/25/2024,Over Shipment,295,1999.73,Manager_A,Processed,589920.35,1
RET0002403,PO0036818,VND00935,SKU5555,Spare Parts,02/07/2021,Over Shipment,430,728.96,Manager_B,Processed,313452.8,1
RET0000261,PO0034882,VND00511,SKU4246,Chemicals,03/20/2024,Quality Failure,263,504.76,Manager_A,Processed,132751.88,1
RET0000332,PO0016324,VND00615,SKU2317,Chemicals,05/18/2022,Quality Failure,301,667.87,,Processed,201028.87,1
RET0000548,PO0028429,VND00493,SKU2231,Machinery,03/03/2024,Wrong Quantity,473,1279.21,Manager_C,Rejected,605066.33,1
RET0000742,PO0041511,VND00533,SKU1873,Textiles,01/17/2022,Defective Item,14,3927.68,,Pending,54987.52,1
RET0002598,PO0015863,VND00895,SKU2414,Chemicals,08/08/2021,Defective Item,120,513.18,,Rejected,61581.6,1
RET0001922,PO0020131,VND00651,SKU1513,Textiles,08/18/2024,Defective Item,100,97.24,,Pending,9724,1
RET0002124,PO0025828,VND00256,SKU4808,Raw Material,01/20/2023,Over Shipment,288,1853.96,Manager_B,Pending,533940.48,1
RET0001558,PO0023769,VND00199,SKU4343,Chemicals,05/05/2024,Wrong Item Delivered,227,2413.9,Manager_C,Processed,547955.3,1
RET0000827,PO0031420,VND00268,SKU4985,Electronics,11/26/2023,Over Shipment,268,4227.33,Manager_A,Processed,1132924.44,1
RET0004055,PO0029279,VND00027,SKU2201,IT Equipment,04/28/2024,Defective Item,349,1690.03,Manager_B,Pending,589820.47,1
RET0001514,PO0039449,VND00441,SKU1025,Packaging,03/28/2023,Quality Failure,175,905.21,,Rejected,158411.75,1
RET0001167,PO0040340,VND00556,SKU1194,Chemicals,08/28/2022,Quality Failure,62,3422.18,Manager_C,Pending,212175.16,1
RET0001123,PO0007088,VND00766,SKU1708,IT Equipment,12/13/2022,,472,1068.35,Manager_C,Processed,504261.2,1
RET0001792,PO0030597,VND00560,SKU5196,Raw Material,04/29/2023,Wrong Item Delivered,231,3267.15,Manager_A,Processed,754711.65,1
RET0004804,PO0047884,VND00702,SKU5107,Textiles,05/23/2023,Expired Product,441,307.84,Manager_B,Pending,135757.44,1
RET0003593,PO0046808,VND00085,SKU3536,IT Equipment,10/05/2024,Defective Item,47,2794.12,,Processed,131323.64,1
RET0001311,PO0022976,VND00494,SKU1896,Raw Material,08/08/2021,Damaged Packaging,3,708.05,Manager_B,Pending,2124.15,1
RET0004383,PO0044230,VND00642,SKU1594,Machinery,11/13/2023,,314,1215.79,Manager_B,Processed,381758.06,1
RET0000978,PO0017231,VND00205,SKU4529,Raw Material,12/20/2024,Defective Item,214,1252.8,,Processed,268099.2,1
RET0000852,PO0022482,VND00664,SKU1334,Electronics,05/12/2023,Wrong Item Delivered,466,1152.54,Manager_B,Processed,537083.64,1
RET0002210,PO0034711,VND00319,SKU5721,IT Equipment,03/23/2023,Expired Product,203,2116.04,Manager_C,Processed,429556.12,1
RET0002120,PO0047774,VND00365,SKU1623,Machinery,07/16/2023,Quality Failure,241,1842.35,,Processed,444006.35,1
RET0003508,PO0033619,VND00432,SKU4804,Spare Parts,11/09/2022,Expired Product,54,1623.36,Manager_C,Pending,87661.44,1
RET0003261,PO0014040,VND00220,SKU2582,Packaging,12/21/2021,Quality Failure,367,3679.68,Manager_A,Processed,1350442.56,1
RET0002573,PO0035214,VND00102,SKU4794,Chemicals,03/25/2024,Wrong Quantity,114,4563.7,,Processed,520261.8,1
RET0000528,PO0034745,VND00005,SKU1524,Spare Parts,12/23/2021,Quality Failure,407,1836.22,Manager_C,Pending,747341.54,1
RET0000522,PO0045106,VND00610,SKU5005,Raw Material,01/09/2021,Over Shipment,418,4488.31,Manager_B,Processed,1876113.58,1
RET0003779,PO0019595,VND00294,SKU4119,Packaging,05/22/2023,Damaged Packaging,33,1576.07,Manager_A,Pending,52010.31,1
RET0004938,PO0023137,VND00562,SKU2492,Machinery,08/17/2024,Quality Failure,452,3796.13,,Processed,1715850.76,1
RET0004401,PO0010471,VND00840,SKU1490,Packaging,07/17/2023,Over Shipment,27,1003.18,Manager_C,Processed,27085.86,1
RET0003438,PO0040489,VND00431,SKU3798,Textiles,10/12/2021,Damaged Packaging,4,1374.45,Manager_C,Processed,5497.8,1
RET0001571,PO0030976,VND00213,SKU4906,IT Equipment,04/27/2022,Defective Item,195,3016.7,Manager_C,,588256.5,1
RET0000080,PO0031857,VND00784,SKU4088,Electronics,10/07/2023,Damaged Packaging,495,653.67,Manager_C,Processed,323566.65,1
RET0003492,PO0003868,VND00346,SKU1334,Textiles,08/14/2021,Defective Item,173,4885.16,Manager_C,Rejected,845132.68,1
RET0000363,PO0041636,VND00571,SKU1162,Packaging,07/29/2021,Expired Product,339,2444.04,,Processed,828529.56,1
RET0003843,PO0047815,VND00701,SKU4350,Electronics,11/06/2024,Defective Item,86,2979.13,Manager_B,Processed,256205.18,1
RET0000520,PO0025932,VND00567,SKU5209,Textiles,11/10/2021,Over Shipment,455,349.76,Manager_A,Processed,159140.8,1
RET0000840,PO0038117,VND00232,SKU3734,Machinery,02/11/2021,Quality Failure,68,1785.83,,Rejected,121436.44,1
RET0001945,PO0032558,VND00797,SKU1165,Raw Material,02/10/2022,Wrong Quantity,362,2619.1,Manager_B,Rejected,948114.2,1
RET0003659,PO0015443,VND00738,SKU5577,Raw Material,10/17/2023,Quality Failure,81,1886.7,,Processed,152822.7,1
RET0004595,PO0004596,VND00023,SKU1421,Chemicals,05/16/2022,Damaged Packaging,8,1397.79,Manager_A,Processed,11182.32,1
RET0001332,PO0032153,VND00872,SKU2114,Textiles,01/06/2021,Wrong Item Delivered,284,1818.55,,Processed,516468.2,1
RET0001653,PO0049393,VND00144,SKU3248,Raw Material,06/19/2023,Expired Product,362,4478.96,,Pending,1621383.52,1
RET0002091,PO0037071,VND00251,SKU2691,IT Equipment,01/06/2022,Expired,375,2232.13,Manager_A,Processed,837048.75,1
RET0004866,PO0036349,VND00567,SKU5105,Textiles,03/01/2022,Defective Item,345,3162.57,Manager_A,Pending,1091086.65,1
RET0000656,PO0049345,VND00731,SKU2986,Machinery,11/15/2021,Over Shipment,338,1267.07,,Pending,428269.66,1
RET0002673,PO0011103,VND00011,SKU3093,Packaging,03/13/2022,Defective Item,113,1807.46,Manager_C,Processed,204242.98,1
RET0003555,PO0017116,VND00953,SKU5746,Raw Material,07/04/2022,Over Shipment,429,220.45,Manager_B,Processed,94573.05,1
RET0001948,PO0029053,VND00997,SKU1075,Spare Parts,01/21/2022,Defective Item,145,1901.56,Manager_C,Pending,275726.2,1
RET0004791,PO0043226,VND00136,SKU3726,Raw Material,11/28/2021,Over Shipment,109,2993.67,,Processed,326310.03,1
RET0002011,PO0024520,VND00799,SKU1754,Textiles,07/25/2022,Expired Product,380,3511.8,,Processed,1334484,1
RET0002776,PO0016257,VND00704,SKU4112,Electronics,02/20/2024,Wrong Quantity,290,572.58,,Pending,166048.2,1
RET0000602,PO0049847,VND00744,SKU2762,Packaging,06/28/2024,Quality Failure,440,3061.66,Manager_A,Processed,1347130.4,1
RET0004430,PO0046571,VND00679,SKU1734,Packaging,02/10/2024,Wrong Quantity,221,430.88,Manager_B,Pending,95224.48,1
RET0001853,PO0012877,VND00446,SKU5733,Spare Parts,03/08/2022,Damaged Packaging,300,4502.08,,Processed,1350624,1
RET0004889,PO0013714,VND00494,SKU5433,Chemicals,06/26/2024,Quality Failure,89,2411.92,Manager_C,Processed,214660.88,1
RET0003653,PO0049149,VND00419,SKU5616,Textiles,12/26/2021,Damaged Packaging,241,603.72,Manager_C,Processed,145496.52,1
RET0002344,PO0012941,VND00957,SKU5369,Packaging,09/30/2021,Expired Product,147,1544.88,Manager_C,Processed,227097.36,1
RET0001513,PO0035906,VND00829,SKU1191,Chemicals,11/30/2023,Damaged Packaging,370,1887.87,Manager_C,Processed,698511.9,1
RET0001735,PO0002362,VND00578,SKU1775,IT Equipment,01/13/2022,Over Shipment,166,4676.4,Manager_C,Processed,776282.4,1
RET0001998,PO0032005,VND00376,SKU2873,IT Equipment,08/09/2021,Defective Item,105,3108.7,,Processed,326413.5,1
RET0004319,PO0004480,VND00286,SKU3356,Packaging,10/03/2024,Wrong Item Delivered,72,2750.72,Manager_A,Pending,198051.84,1
RET0001652,PO0036553,VND00490,SKU5811,Electronics,01/29/2021,Wrong Quantity,1,1246.66,Manager_A,Processed,1246.66,1
RET0004442,PO0043907,VND00719,SKU4640,IT Equipment,06/24/2024,Wrong Quantity,91,3054.02,,Rejected,277915.82,1
RET0004517,PO0013985,VND00137,SKU1357,Chemicals,06/24/2024,Over Shipment,0,2335.2,,Pending,0,0
RET0001918,PO0040599,VND00774,SKU1803,Electronics,02/18/2022,Defective Item,364,4308.45,Manager_A,Processed,1568275.8,1
RET0004122,PO0025359,VND00936,SKU3569,Raw Material,02/20/2021,Over Shipment,189,1329.64,Manager_B,Pending,251301.96,1
RET0001440,PO0008741,VND00189,SKU3746,Spare Parts,01/29/2024,Wrong Item Delivered,340,1650.07,,Processed,561023.8,1
RET0000828,PO0028290,VND00635,SKU3229,Spare Parts,05/17/2024,Expired Product,110,724.53,Manager_A,Processed,79698.3,1
RET0002985,PO0040100,VND00341,SKU2420,Chemicals,07/11/2024,Expired Product,331,3826.65,Manager_C,Pending,1266621.15,1
RET0004267,PO0029992,VND00953,SKU4113,Raw Material,10/12/2022,Quality Failure,337,2689.27,Manager_B,Processed,906283.99,1
RET0000955,PO0030009,VND00750,SKU3881,Spare Parts,05/05/2024,Wrong Item Delivered,232,3145.01,,Pending,729642.32,1
RET0001532,PO0023529,VND00381,SKU2644,Packaging,01/26/2023,Over Shipment,352,3148.78,,Processed,1108370.56,1
RET0002278,PO0009062,VND00012,SKU4738,Chemicals,12/23/2023,Wrong Quantity,243,1487.9,Manager_B,Processed,361559.7,1
RET0002443,PO0041002,VND00335,SKU4564,Electronics,05/17/2023,Wrong Item,125,4625.36,,Pending,578170,1
RET0003455,PO0038564,VND00035,SKU5543,Electronics,04/25/2021,Wrong Item Delivered,52,3223.34,Manager_A,Pending,167613.68,1
RET0001267,PO0040174,VND00155,SKU2257,Chemicals,01/19/2021,Defective Item,482,168.28,Manager_A,Processed,81110.96,1
RET0000157,PO0019120,VND00625,SKU2534,Packaging,06/21/2024,Wrong Item Delivered,73,1670.01,,Processed,121910.73,1
RET0004947,PO0021150,VND00790,SKU2372,Raw Material,06/07/2023,Expired Product,28,1712.78,Manager_A,Processed,47957.84,1
RET0000936,PO0007984,VND00127,SKU2127,Chemicals,03/29/2023,Defective Item,224,3615.74,Manager_B,Processed,809925.76,1
RET0004897,PO0040658,VND00026,SKU2832,Spare Parts,04/12/2023,Damaged Packaging,212,3436.38,Manager_A,Pending,728512.56,1
RET0001925,PO0008518,VND00892,SKU3031,Packaging,03/04/2022,,77,2547.6,Manager_A,Rejected,196165.2,1
RET0001891,PO0015913,VND00445,SKU3210,Machinery,04/04/2021,Over Shipment,219,2118.03,Manager_A,Pending,463848.57,1
RET0004375,PO0009108,VND00944,SKU5452,IT Equipment,10/09/2022,Over Shipment,214,1943.02,Manager_C,Processed,415806.28,1
RET0000440,PO0045943,VND00317,SKU3383,IT Equipment,10/31/2021,Expired Product,435,442.2,Manager_C,Processed,192357,1
RET0001480,PO0031271,VND00819,SKU1488,Raw Material,07/31/2023,Wrong Quantity,430,383.81,Manager_C,Processed,165038.3,1
RET0004750,PO0013935,VND00640,SKU3362,Spare Parts,01/16/2022,Expired Product,351,4801.66,,Processed,1685382.66,1
RET0002633,PO0023620,VND00923,SKU5820,Machinery,07/12/2022,Expired Product,455,1670.24,,Pending,759959.2,1
RET0003424,PO0045667,VND00998,SKU5067,Electronics,06/02/2021,Quality Failure,452,2715.79,Manager_B,Processed,1227537.08,1
RET0000692,PO0016932,VND00179,SKU5833,Machinery,11/09/2023,,491,4409.65,Manager_C,Pending,2165138.15,1
RET0000574,PO0039577,VND00404,SKU3130,Raw Material,02/10/2022,Wrong Quantity,144,4999.43,Manager_B,Processed,719917.92,1
RET0001688,PO0035428,VND00846,SKU3600,Textiles,05/17/2023,Over Shipment,293,104.41,,Processed,30592.13,1
RET0001295,PO0009271,VND00578,SKU5152,Electronics,04/23/2023,Wrong Item Delivered,440,433.51,Manager_B,Processed,190744.4,1
RET0003947,PO0018637,VND00179,SKU4364,Electronics,06/16/2024,Over Shipment,22,4840.11,Manager_B,Processed,106482.42,1
RET0002677,PO0044939,VND00934,SKU2975,Machinery,05/06/2024,Wrong Quantity,309,3924.25,Manager_B,Processed,1212593.25,1
RET0003022,PO0046833,VND00024,SKU1595,Raw Material,09/03/2021,Over Shipment,430,4507.58,Manager_C,Pending,1938259.4,1
RET0003516,PO0017788,VND00735,SKU3781,Raw Material,09/02/2021,Wrong Item,444,3424.29,Manager_A,Pending,1520384.76,1
RET0000722,PO0009442,VND00383,SKU4858,Packaging,09/13/2024,,403,2237.99,Manager_C,Processed,901909.97,1
RET0004083,PO0048677,VND00371,SKU3103,Chemicals,11/02/2022,Quality Failure,82,2854.33,Manager_B,Pending,234055.06,1
RET0003347,PO0024425,VND00111,SKU5119,Textiles,04/03/2023,Wrong Item Delivered,215,4153.82,Manager_A,Processed,893071.3,1
RET0000497,PO0046744,VND00337,SKU1246,Packaging,08/22/2022,Quality Failure,447,4578.16,,Processed,2046437.52,1
RET0004439,PO0018499,VND00309,SKU1431,Machinery,02/12/2022,Defective Item,135,4251.21,Manager_B,Rejected,573913.35,1
RET0001739,PO0014283,VND00172,SKU1435,Textiles,04/07/2024,Wrong Quantity,210,133.02,Manager_C,Processed,27934.2,1
RET0000458,PO0003297,VND00705,SKU1980,IT Equipment,05/01/2021,Damaged Packaging,194,2698.57,Manager_C,Pending,523522.58,1
RET0000607,PO0013124,VND00279,SKU3551,Textiles,10/03/2021,Wrong Quantity,45,4857.6,,Pending,218592,1
RET0001416,PO0003445,VND00427,SKU4390,Chemicals,02/03/2023,Over Shipment,389,2342.22,Manager_A,Processed,911123.58,1
RET0002728,PO0002825,VND00964,SKU3420,Electronics,04/15/2023,,114,1454.88,Manager_B,Processed,165856.32,1
RET0004432,PO0027403,VND00673,SKU3062,Chemicals,01/29/2021,Damaged Packaging,130,1262.15,Manager_A,Processed,164079.5,1
RET0001661,PO0024956,VND00509,SKU4240,Textiles,07/24/2021,Quality Failure,483,3854.71,Manager_C,Rejected,1861824.93,1
RET0003219,PO0046186,VND00016,SKU4479,Chemicals,06/26/2024,Wrong Quantity,483,2902.6,Manager_C,Pending,1401955.8,1
RET0004243,PO0043503,VND00378,SKU2459,Raw Material,06/25/2023,Quality Failure,454,1177.34,Manager_C,Processed,534512.36,1
RET0003204,PO0004854,VND00593,SKU3382,Machinery,06/13/2024,Defective Item,377,1989.25,Manager_A,Pending,749947.25,1
RET0003366,PO0046534,VND00439,SKU3573,Spare Parts,03/11/2021,Over Shipment,92,255.31,Manager_B,Pending,23488.52,1
RET0002284,PO0040409,VND00075,SKU1992,Electronics,11/24/2024,Damaged Packaging,322,2168.3,Manager_B,Processed,698192.6,1
RET0003226,PO0003441,VND00010,SKU4336,Packaging,07/22/2024,Over Shipment,54,1974.25,,Processed,106609.5,1
RET0002024,PO0028957,VND00639,SKU2324,Textiles,08/20/2023,Damaged Packaging,484,3417.45,Manager_C,Processed,1654045.8,1
RET0004800,PO0039924,VND00606,SKU5126,Textiles,02/14/2024,over shipment,165,2088.4,Manager_B,Pending,344586,1
RET0001992,PO0032121,VND00275,SKU3940,IT Equipment,09/02/2022,Quality Failure,474,101.12,Manager_A,Processed,47930.88,1
RET0000582,PO0044124,VND00478,SKU1335,Raw Material,04/21/2024,Damaged Packaging,130,4205.75,Manager_B,Processed,546747.5,1
RET0004330,PO0009701,VND00787,SKU2802,Electronics,06/30/2023,,284,4041.78,Manager_A,Pending,1147865.52,1
RET0004460,PO0007824,VND00390,SKU3816,IT Equipment,12/12/2024,Wrong Item Delivered,203,3545.27,Manager_B,Rejected,719689.81,1
RET0003049,PO0039295,VND00085,SKU1132,Spare Parts,04/25/2021,Wrong Quantity,354,4469.55,Manager_B,Processed,1582220.7,1
RET0004287,PO0015450,VND00501,SKU3008,Chemicals,05/30/2023,Wrong Quantity,416,124.26,Manager_A,Pending,51692.16,1
RET0001439,PO0037008,VND00023,SKU1622,Spare Parts,09/06/2022,,35,1355.89,Manager_A,Pending,47456.15,1
RET0004875,PO0025708,VND00108,SKU2388,Textiles,08/27/2024,Damaged Packaging,342,2961.94,Manager_B,Pending,1012983.48,1
RET0001967,PO0031703,VND00557,SKU5442,Packaging,06/21/2024,Defective Item,326,3477.06,Manager_C,Rejected,1133521.56,1
RET0000988,PO0030353,VND00826,SKU3489,Electronics,12/18/2023,Quality Failure,92,1616.3,Manager_C,Processed,148699.6,1
RET0001798,PO0034559,VND00009,SKU5572,Textiles,03/31/2024,Expired Product,349,3448.24,Manager_C,Processed,1203435.76,1
RET0001783,PO0045662,VND00809,SKU3473,Machinery,12/17/2021,Defective Item,154,3418.85,Manager_B,Processed,526502.9,1
RET0000041,PO0045919,VND00109,SKU1299,Chemicals,02/02/2022,Damaged Packaging,18,4639.12,Manager_B,Pending,83504.16,1
RET0001283,PO0038226,VND00668,SKU5383,Packaging,01/19/2024,Defective Item,16,4846.04,Manager_A,Processed,77536.64,1
RET0002735,PO0048039,VND00181,SKU5177,IT Equipment,06/01/2023,Over Shipment,165,2099.94,,Rejected,346490.1,1
RET0003863,PO0034948,VND00613,SKU1338,Textiles,12/05/2023,Wrong Item Delivered,28,3151.3,Manager_C,Processed,88236.4,1
RET0000188,PO0039784,VND00884,SKU2098,Spare Parts,05/12/2021,over shipment,92,3077.8,Manager_B,Pending,283157.6,1
RET0002895,PO0006601,VND00231,SKU4865,IT Equipment,11/03/2023,Quality Failure,176,720.54,Manager_C,Pending,126815.04,1
RET0004260,PO0028344,VND00208,SKU2796,IT Equipment,02/28/2021,,310,111.53,Manager_B,Processed,34574.3,1
RET0002799,PO0036057,VND00072,SKU3090,Packaging,12/01/2024,Defective Item,472,120.01,Manager_B,Pending,56644.72,1
RET0000274,PO0038961,VND00346,SKU2107,Electronics,05/17/2024,Defective Item,257,3475.11,Manager_A,Processed,893103.27,1
RET0000578,PO0043305,VND00960,SKU5520,Electronics,01/13/2022,Wrong Quantity,387,2739.73,,Processed,1060275.51,1
RET0004254,PO0039075,VND00686,SKU2174,Textiles,11/28/2024,Quality Failure,373,1266.06,Manager_C,Pending,472240.38,1
RET0000932,PO0040227,VND00304,SKU4169,Electronics,01/15/2024,Quality Failure,476,964.26,Manager_A,Processed,458987.76,1
RET0002999,PO0029892,VND00402,SKU2723,IT Equipment,11/21/2021,Expired,340,1730.6,Manager_A,Processed,588404,1
RET0001538,PO0034931,VND00742,SKU5672,Chemicals,07/09/2024,Quality Failure,232,2943.12,Manager_C,Pending,682803.84,1
RET0000600,PO0025072,VND00702,SKU2145,Electronics,01/09/2024,Quality Failure,108,2150.51,,Pending,232255.08,1
RET0002732,PO0046929,VND00913,SKU5738,Raw Material,05/10/2021,Over Shipment,24,4385.39,Manager_B,Pending,105249.36,1
RET0002330,PO0043269,VND00950,SKU5912,Chemicals,08/13/2022,Damaged Packaging,105,3716.25,Manager_B,Pending,390206.25,1
RET0004482,PO0045628,VND00695,SKU5460,Packaging,10/03/2022,Quality Failure,465,1579.53,Manager_B,Pending,734481.45,1
RET0002983,PO0012912,VND00994,SKU4243,Machinery,03/03/2022,Over Shipment,326,1992.87,Manager_C,Pending,649675.62,1
RET0001822,PO0014206,VND00924,SKU3966,Packaging,07/10/2021,Defective Item,474,4585.42,Manager_C,Processed,2173489.08,1
RET0002385,PO0048984,VND00439,SKU2564,Packaging,01/31/2022,Wrong Quantity,150,2866.23,Manager_B,Processed,429934.5,1
RET0003612,PO0026633,VND00113,SKU5446,Packaging,07/17/2021,Quality Failure,99,4319.61,Manager_C,Processed,427641.39,1
RET0004425,PO0041466,VND00952,SKU1692,Raw Material,09/13/2024,Wrong Item Delivered,446,2099.18,Manager_A,Pending,936234.28,1
RET0003086,PO0023507,VND00187,SKU5218,Machinery,11/29/2021,Damaged Packaging,382,332.08,Manager_C,Pending,126854.56,1
RET0004986,PO0017617,VND00573,SKU1963,Chemicals,06/02/2022,,313,28.37,Manager_C,Pending,8879.81,1
RET0004248,PO0008762,VND00206,SKU1929,Electronics,05/16/2023,Defective Item,400,2478.84,Manager_C,Processed,991536,1
RET0001186,PO0026964,VND00286,SKU3481,Raw Material,02/11/2022,Damaged Packaging,107,4703.1,Manager_B,Pending,503231.7,1
RET0000811,PO0024066,VND00686,SKU1055,IT Equipment,12/04/2022,Defective Item,263,513.42,,Pending,135029.46,1
RET0001151,PO0047256,VND00440,SKU5074,Textiles,03/08/2023,Expired Product,430,3891.16,,Processed,1673198.8,1
RET0003106,PO0024553,VND00080,SKU3731,Chemicals,05/23/2024,,233,3857.14,Manager_C,Processed,898713.62,1
RET0001957,PO0027855,VND00445,SKU2663,Packaging,09/27/2021,Wrong Item Delivered,397,97.91,Manager_C,Pending,38870.27,1
RET0004603,PO0040150,VND00353,SKU4073,Raw Material,08/09/2021,Over Shipment,28,2125.34,Manager_C,Processed,59509.52,1
RET0001768,PO0003811,VND00843,SKU5712,Spare Parts,04/30/2022,Expired Product,62,1599.27,Manager_A,Rejected,99154.74,1
RET0003828,PO0008775,VND00705,SKU2097,IT Equipment,06/26/2023,Expired Product,367,1331.5,Manager_A,Pending,488660.5,1
RET0000482,PO0003623,VND00776,SKU3277,Chemicals,05/06/2021,Wrong Item Delivered,302,236.12,Manager_B,Pending,71308.24,1
RET0002464,PO0019686,VND00914,SKU4671,IT Equipment,03/18/2023,Defective Item,343,3635.3,,Pending,1246907.9,1
RET0002825,PO0015674,VND00132,SKU5760,IT Equipment,05/09/2023,Quality Failure,167,4907.12,Manager_B,Rejected,819489.04,1
RET0000929,PO0020867,VND00022,SKU3244,Electronics,01/09/2024,Expired Product,431,4398.54,Manager_A,Pending,1895770.74,1
RET0000908,PO0038625,VND00908,SKU1512,Spare Parts,01/01/2023,Expired Product,271,4302.98,Manager_A,Processed,1166107.58,1
RET0003588,PO0010210,VND00873,SKU1328,Electronics,06/06/2022,Quality Failure,13,1016.7,Manager_C,Rejected,13217.1,1
RET0000425,PO0019801,VND00457,SKU5017,Chemicals,12/01/2023,Over Shipment,354,4892.98,,Processed,1732114.92,1
RET0000698,PO0029240,VND00662,SKU5447,Packaging,02/01/2021,Quality Failure,229,1859.29,Manager_B,Rejected,425777.41,1
RET0002959,PO0007460,VND00418,SKU4137,Textiles,08/17/2023,Quality Failure,401,1873.43,Manager_A,Pending,751245.43,1
RET0003107,PO0016945,VND00135,SKU2767,Machinery,07/05/2023,Wrong Quantity,4,1774.15,Manager_B,Processed,7096.6,1
RET0004416,PO0021736,VND01000,SKU2214,Textiles,05/15/2023,Defective Item,98,1727.3,Manager_C,Processed,169275.4,1
RET0000535,PO0022092,VND00416,SKU3486,Textiles,12/16/2024,Quality Failure,273,73.07,Manager_B,Processed,19948.11,1
RET0003342,PO0032741,VND00177,SKU5742,Machinery,09/18/2024,Wrong Item Delivered,399,4095.48,,Processed,1634096.52,1
RET0000732,PO0021349,VND00604,SKU3687,Spare Parts,02/22/2024,Quality Failure,495,4255.41,Manager_B,Pending,2106427.95,1
RET0000655,PO0009952,VND00279,SKU5374,Spare Parts,02/25/2022,Over Shipment,376,3684.67,Manager_A,Processed,1385435.92,1
RET0002995,PO0027871,VND00889,SKU3353,Packaging,08/28/2021,Expired Product,208,1030.3,,Processed,214302.4,1
RET0001579,PO0015621,VND00591,SKU1897,Spare Parts,06/25/2023,Over Shipment,261,2875.26,Manager_A,,750442.86,1
RET0000406,PO0045574,VND00652,SKU4096,IT Equipment,04/03/2022,Quality Failure,304,2928.05,,Rejected,890127.2,1
RET0000102,PO0043520,VND00305,SKU5760,Spare Parts,06/15/2024,Quality Failure,170,2694.85,Manager_C,Processed,458124.5,1
RET0003954,PO0004396,VND00377,SKU2495,Chemicals,11/14/2024,Defective Item,318,2354.4,Manager_A,Processed,748699.2,1
RET0001949,PO0042328,VND00704,SKU2145,Textiles,10/06/2021,Wrong Quantity,277,1899.05,Manager_C,Processed,526036.85,1
RET0001855,PO0048874,VND00540,SKU4607,Spare Parts,02/01/2022,Quality Failure,355,2905.75,Manager_A,Processed,1031541.25,1
RET0001802,PO0043202,VND00678,SKU3389,Packaging,08/11/2023,Damaged Packaging,328,3623.1,Manager_B,Processed,1188376.8,1
RET0004054,PO0002719,VND00698,SKU3699,IT Equipment,02/06/2024,Expired,122,60.18,Manager_B,Pending,7341.96,1
RET0002467,PO0018181,VND00580,SKU4459,IT Equipment,03/01/2023,Wrong Item Delivered,454,2316.63,Manager_B,Processed,1051750.02,1
RET0003695,PO0043701,VND00041,SKU5181,Raw Material,01/13/2022,Wrong Quantity,130,3233.97,,Processed,420416.1,1
RET0000818,PO0025547,VND01000,SKU3430,Raw Material,06/01/2023,Defective Item,349,3822.53,Manager_C,Processed,1334062.97,1
RET0003206,PO0044718,VND00766,SKU4433,Textiles,10/01/2022,Over Shipment,113,243.46,Manager_B,Processed,27510.98,1
RET0000587,PO0020885,VND00178,SKU5197,Electronics,10/25/2021,Over Shipment,456,3742.98,,Processed,1706798.88,1
RET0004912,PO0034097,VND00525,SKU4082,Textiles,08/25/2021,Over Shipment,356,4477.1,Manager_B,Processed,1593847.6,1
RET0002437,PO0010889,VND00775,SKU3309,Electronics,02/16/2024,Quality Failure,352,3934.29,,Processed,1384870.08,1
RET0000670,PO0042216,VND00515,SKU1751,Spare Parts,02/03/2021,Expired Product,25,1406.28,Manager_C,Pending,35157,1
RET0002568,PO0042712,VND00698,SKU4601,Machinery,01/12/2024,Over Shipment,16,2978.81,Manager_A,Pending,47660.96,1
RET0001149,PO0038181,VND00547,SKU5275,Spare Parts,03/13/2021,Quality Failure,320,1417.7,Manager_A,Processed,453664,1
RET0003907,PO0025137,VND00124,SKU2424,Textiles,10/27/2023,Wrong Quantity,105,614.54,Manager_C,Processed,64526.7,1
RET0004313,PO0023795,VND00919,SKU2220,Raw Material,09/27/2022,Quality Failure,401,3450.05,Manager_B,Processed,1383470.05,1
RET0003110,PO0031937,VND00156,SKU3370,Raw Material,06/09/2024,Defective Item,295,3371.24,Manager_B,Processed,994515.8,1
RET0000428,PO0044382,VND00451,SKU4011,Raw Material,12/29/2021,Damaged Packaging,196,4347.4,Manager_A,Pending,852090.4,1
RET0002578,PO0022717,VND00071,SKU4177,Textiles,03/24/2021,Expired Product,454,3488.79,Manager_A,Processed,1583910.66,1
RET0002626,PO0030731,VND00464,SKU3086,Raw Material,03/19/2022,Over Shipment,258,4932.14,,Pending,1272492.12,1
RET0002487,PO0039766,VND00785,SKU2299,IT Equipment,03/12/2024,Defective Item,164,3312.03,Manager_C,Processed,543172.92,1
RET0000226,PO0019275,VND00765,SKU3438,Textiles,05/02/2024,Defective Item,69,2596.35,,Processed,179148.15,1
RET0002582,PO0049362,VND00461,SKU5132,IT Equipment,01/17/2021,Wrong Item Delivered,313,1729.33,Manager_C,Pending,541280.29,1
RET0004053,PO0022017,VND00895,SKU3684,Spare Parts,06/11/2023,Damaged Packaging,456,1351.72,,,616384.32,1
RET0000240,PO0020593,VND00274,SKU1181,Packaging,10/25/2023,Over Shipment,126,4369.4,,Processed,550544.4,1
RET0001351,PO0049462,VND00521,SKU2168,Raw Material,08/01/2024,Quality Failure,400,1668.92,,Processed,667568,1
RET0000312,PO0049049,VND00339,SKU3691,Raw Material,04/12/2021,Damaged Packaging,47,2032.13,Manager_C,Processed,95510.11,1
RET0003162,PO0040196,VND00322,SKU1519,Raw Material,10/21/2023,Expired,229,542.42,Manager_A,Rejected,124214.18,1
RET0001322,PO0032481,VND00714,SKU2368,Packaging,11/03/2022,Expired Product,326,1376.67,Manager_A,Pending,448794.42,1
RET0003006,PO0010333,VND00813,SKU3105,Spare Parts,02/21/2024,Defective Item,313,665.55,Manager_C,Processed,208317.15,1
RET0002540,PO0006810,VND00517,SKU5411,Machinery,01/22/2021,Over Shipment,69,900.64,Manager_B,Processed,62144.16,1
RET0000949,PO0019801,VND00027,SKU1077,Packaging,09/28/2021,Damaged Packaging,23,317.11,Manager_C,Pending,7293.53,1
RET0004047,PO0030992,VND00606,SKU5118,Textiles,10/14/2023,Wrong Quantity,15,4853.32,Manager_C,Rejected,72799.8,1
RET0000486,PO0015368,VND00386,SKU4011,Packaging,07/29/2022,Wrong Item Delivered,142,2850.79,Manager_A,Processed,404812.18,1
RET0001286,PO0008935,VND00303,SKU3001,Packaging,08/15/2021,Over Shipment,190,3532.03,Manager_B,Pending,671085.7,1
RET0004972,PO0030816,VND00984,SKU1750,Packaging,11/12/2023,Wrong Item Delivered,460,4633.27,Manager_C,Rejected,2131304.2,1
RET0004606,PO0016699,VND00726,SKU3456,Electronics,05/07/2024,Damaged Packaging,286,1259.4,,Pending,360188.4,1
RET0000665,PO0012932,VND00989,SKU5364,Chemicals,06/15/2024,Defective Item,284,3975.64,Manager_A,Processed,1129081.76,1
RET0004948,PO0009232,VND00351,SKU2605,Spare Parts,10/21/2021,Quality Failure,326,1272.3,Manager_B,Processed,414769.8,1
RET0002931,PO0008801,VND00597,SKU3923,Spare Parts,07/01/2023,Wrong Quantity,375,2267.04,Manager_C,Rejected,850140,1
RET0001690,PO0049826,VND00563,SKU3532,IT Equipment,08/09/2024,Defective Item,38,1004.44,Manager_C,Pending,38168.72,1
RET0001584,PO0046183,VND00406,SKU5108,Electronics,10/02/2023,Over Shipment,316,2977.92,Manager_A,Pending,941022.72,1
RET0002128,PO0039957,VND00268,SKU5092,Machinery,09/15/2022,Quality Failure,477,1385.77,Manager_B,Pending,661012.29,1
RET0004820,PO0007108,VND00011,SKU5355,Spare Parts,03/18/2021,Expired Product,309,3843.04,Manager_A,Processed,1187499.36,1
RET0001890,PO0033699,VND00044,SKU2149,Packaging,04/27/2023,Expired Product,499,4594.54,Manager_A,Processed,2292675.46,1
RET0002371,PO0016494,VND00433,SKU1998,IT Equipment,07/05/2023,Wrong Quantity,385,239.2,Manager_C,Processed,92092,1
RET0003733,PO0018247,VND00299,SKU3303,Machinery,01/20/2022,Defective Item,105,2263.75,Manager_B,Pending,237693.75,1
RET0002463,PO0016503,VND00156,SKU2352,Chemicals,05/05/2023,Expired Product,248,1668.27,Manager_A,Processed,413730.96,1
RET0000883,PO0036350,VND00009,SKU4991,Chemicals,07/01/2021,Defective Item,97,4836.7,Manager_C,Processed,469159.9,1
RET0001463,PO0029254,VND00619,SKU5622,Chemicals,07/09/2023,Damaged Packaging,91,4615.89,Manager_B,Pending,420045.99,1
RET0002904,PO0031395,VND00732,SKU3368,Raw Material,04/13/2023,Defective Item,48,4910.25,Manager_C,Processed,235692,1
RET0002832,PO0004771,VND00285,SKU5312,IT Equipment,03/05/2024,Damaged Packaging,180,4904.82,Manager_B,Processed,882867.6,1
RET0003471,PO0047124,VND00369,SKU3527,Electronics,03/18/2024,,481,2157.82,Manager_A,Processed,1037911.42,1
RET0003825,PO0012876,VND00677,SKU3009,Packaging,12/03/2024,Defective Item,440,3358.38,Manager_B,Processed,1477687.2,1
RET0000801,PO0034055,VND00613,SKU2795,IT Equipment,10/28/2022,Over Shipment,96,896.8,Manager_A,Pending,86092.8,1
RET0002043,PO0021097,VND00192,SKU5086,Raw Material,01/29/2024,Defective Item,285,2946.44,Manager_B,Processed,839735.4,1
RET0004923,PO0000130,VND00318,SKU1263,Spare Parts,10/10/2023,Defective Item,175,4867.01,Manager_B,Processed,851726.75,1
RET0004398,PO0038950,VND00179,SKU5761,Packaging,08/03/2021,Quality Failure,426,2960.86,Manager_A,Processed,1261326.36,1
RET0004857,PO0037882,VND00892,SKU5571,Machinery,11/18/2024,Over Shipment,113,3461.3,,Processed,391126.9,1
RET0000953,PO0016003,VND00781,SKU2242,Spare Parts,02/25/2022,Defective Item,214,648.27,,Processed,138729.78,1
RET0001481,PO0020732,VND00503,SKU3680,Electronics,08/20/2021,Damaged Packaging,328,816.62,,Processed,267851.36,1
RET0000616,PO0040570,VND00592,SKU5027,Electronics,11/17/2023,Over Shipment,421,2078.02,Manager_A,Pending,874846.42,1
RET0003826,PO0025540,VND00329,SKU2562,Electronics,12/12/2022,Defective Item,426,3376.38,Manager_A,Processed,1438337.88,1
RET0003046,PO0040466,VND00447,SKU2287,Electronics,12/30/2023,Wrong Item Delivered,353,2144.61,Manager_C,Processed,757047.33,1
RET0003642,PO0012850,VND00274,SKU2951,Packaging,12/25/2022,wrong quantity,262,2618.49,Manager_C,Processed,686044.38,1
RET0000907,PO0029520,VND00477,SKU5046,IT Equipment,01/07/2024,Quality Failure,458,4822.71,,Pending,2208801.18,1
RET0004129,PO0041331,VND00139,SKU1026,Spare Parts,05/28/2024,Over Shipment,284,4590.67,,Processed,1303750.28,1
RET0001343,PO0016147,VND00495,SKU1372,Machinery,05/29/2021,Over Shipment,409,914.82,Manager_B,Processed,374161.38,1
RET0002818,PO0026953,VND00509,SKU2679,Textiles,03/04/2022,Quality Failure,101,3150.64,Manager_C,Pending,318214.64,1
RET0001136,PO0042128,VND00306,SKU3959,Packaging,05/17/2022,Expired Product,271,1972.56,,Processed,534563.76,1
RET0003470,PO0047170,VND00880,SKU5323,Raw Material,09/09/2022,Quality Failure,181,3625.65,Manager_B,Processed,656242.65,1
RET0003624,PO0028141,VND00173,SKU1401,IT Equipment,10/22/2022,Over Shipment,129,4100.1,Manager_A,Processed,528912.9,1
RET0003093,PO0001131,VND00025,SKU3010,Machinery,03/05/2022,Damaged Packaging,477,3249.48,,Processed,1550001.96,1
RET0001769,PO0043637,VND00289,SKU4246,Chemicals,10/04/2021,Expired Product,309,4665.91,,Processed,1441766.19,1
RET0004303,PO0020685,VND00288,SKU4699,IT Equipment,12/03/2022,Quality Failure,450,1946.67,Manager_A,Processed,876001.5,1
RET0004112,PO0032520,VND00245,SKU5438,Textiles,03/24/2024,Expired,391,2361.48,Manager_C,Processed,923338.68,1
RET0003321,PO0025682,VND00768,SKU4864,Machinery,12/08/2022,Wrong Quantity,301,1001.63,Manager_C,Processed,301490.63,1
RET0001327,PO0017246,VND00255,SKU5028,Electronics,11/16/2024,Expired Product,314,2859.65,,Rejected,897930.1,1
RET0004352,PO0010069,VND00144,SKU5958,Machinery,02/09/2021,Damaged Packaging,277,3275.38,,Processed,907280.26,1
RET0001629,PO0001059,VND00545,SKU5578,Chemicals,07/15/2023,,207,2902.01,,Processed,600716.07,1
RET0004661,PO0047733,VND00700,SKU5516,Textiles,02/22/2023,Wrong Item,228,3445,,Processed,785460,1
RET0001026,PO0009965,VND00035,SKU2087,Spare Parts,12/05/2023,Wrong Item Delivered,442,1900.67,Manager_B,Processed,840096.14,1
RET0003338,PO0029628,VND00377,SKU2572,Textiles,11/20/2023,Wrong Quantity,346,3312.39,Manager_C,Processed,1146086.94,1
RET0001089,PO0007669,VND00744,SKU3124,Textiles,11/05/2022,Quality Failure,160,4644.67,Manager_B,Rejected,743147.2,1
RET0000963,PO0009472,VND00629,SKU2232,IT Equipment,03/11/2021,Damaged Packaging,404,4975.97,Manager_A,Pending,2010291.88,1
RET0003623,PO0040589,VND00202,SKU3417,Textiles,05/30/2024,Wrong Item,133,4199.03,Manager_A,Processed,558470.99,1
RET0001064,PO0006456,VND00120,SKU4352,Spare Parts,05/06/2022,Over Shipment,488,2267.16,,Rejected,1106374.08,1
RET0004879,PO0030102,VND00404,SKU1568,Packaging,12/11/2022,Over Shipment,45,2795.32,,Pending,125789.4,1
RET0004715,PO0049515,VND00691,SKU5649,IT Equipment,08/29/2024,Quality Failure,101,2790.13,Manager_A,,281803.13,1
RET0003336,PO0031500,VND00590,SKU1207,Raw Material,04/22/2021,Expired Product,416,1382.02,Manager_A,Pending,574920.32,1
RET0002388,PO0035357,VND00203,SKU3916,Chemicals,01/17/2024,Defective Item,450,1348.96,Manager_B,Processed,607032,1
RET0004955,PO0029213,VND00444,SKU2963,Chemicals,06/21/2022,Defective Item,395,1556.07,Manager_A,Pending,614647.65,1
RET0001290,PO0003517,VND00251,SKU1470,Machinery,05/06/2022,Quality Failure,450,3936.97,Manager_C,Processed,1771636.5,1
RET0004360,PO0005988,VND00595,SKU1196,Raw Material,06/09/2022,Wrong Quantity,493,1955.28,Manager_A,Processed,963953.04,1
RET0004671,PO0029844,VND00309,SKU4487,Machinery,02/25/2024,Defective Item,186,4966.87,,Processed,923837.82,1
RET0004481,PO0010122,VND00979,SKU3541,Electronics,05/07/2024,Defective Item,361,4005.95,,Processed,1446147.95,1
RET0004272,PO0011906,VND00611,SKU4043,Machinery,10/22/2023,Wrong Quantity,281,2576.21,,,723915.01,1
RET0003645,PO0009686,VND00805,SKU3323,Electronics,10/23/2021,Wrong Quantity,52,1344.9,Manager_A,Processed,69934.8,1
RET0000098,PO0023881,VND00025,SKU3227,IT Equipment,02/28/2022,Expired,156,1933.79,Manager_B,Processed,301671.24,1
RET0002751,PO0045898,VND00904,SKU4921,Spare Parts,03/29/2021,Over Shipment,364,9.98,Manager_C,Processed,3632.72,1
RET0000074,PO0022494,VND00719,SKU1982,IT Equipment,07/11/2023,Defective Item,75,1111.91,,Processed,83393.25,1
RET0002717,PO0039922,VND00387,SKU5630,Spare Parts,04/22/2021,Defective Item,465,465.7,Manager_C,Processed,216550.5,1
RET0002119,PO0007494,VND00828,SKU4605,Spare Parts,03/12/2024,Quality Failure,242,1252.62,Manager_B,Processed,303134.04,1
RET0003741,PO0006102,VND00003,SKU5537,Electronics,03/17/2023,Over Shipment,43,2897.32,Manager_B,Processed,124584.76,1
RET0003396,PO0011748,VND00897,SKU2420,Raw Material,07/01/2022,Damaged Packaging,180,638.19,Manager_A,Processed,114874.2,1
RET0002066,PO0003603,VND00907,SKU5542,Packaging,12/19/2022,Quality Failure,233,1531.86,Manager_A,Rejected,356923.38,1
RET0000678,PO0006904,VND00972,SKU1339,IT Equipment,07/24/2024,Wrong Item Delivered,368,3077.95,,Rejected,1132685.6,1
RET0002652,PO0031833,VND00983,SKU4515,Chemicals,10/18/2021,Expired Product,155,4183.51,,Processed,648444.05,1
RET0000434,PO0022901,VND00124,SKU5218,Spare Parts,08/17/2022,damaged packaging,140,4957.99,,Processed,694118.6,1
RET0000518,PO0021715,VND00871,SKU1455,Electronics,02/24/2024,Damaged Packaging,349,3188.01,Manager_C,Processed,1112615.49,1
RET0001003,PO0040074,VND00549,SKU1551,Electronics,04/15/2021,Over Shipment,338,1334.26,Manager_C,Rejected,450979.88,1
RET0004876,PO0031340,VND00068,SKU2123,Raw Material,05/21/2023,Over Shipment,67,4076.43,Manager_B,Processed,273120.81,1
RET0001022,PO0007527,VND00528,SKU3816,Spare Parts,10/28/2024,Quality Failure,316,1746.42,Manager_B,Pending,551868.72,1
RET0001174,PO0000798,VND00612,SKU1857,IT Equipment,01/19/2024,Over Shipment,28,644.5,,Processed,18046,1
RET0003533,PO0001239,VND00670,SKU1189,Electronics,02/14/2022,Damaged Packaging,47,1069.4,Manager_B,Pending,50261.8,1
RET0004545,PO0017832,VND00381,SKU1563,Electronics,07/18/2022,Quality Failure,61,4481.46,Manager_C,Processed,273369.06,1
RET0001574,PO0048151,VND00690,SKU2596,Packaging,11/26/2021,Damaged Packaging,98,1882.98,,Pending,184532.04,1
RET0001917,PO0040727,VND00625,SKU4496,Electronics,06/16/2022,Wrong Item Delivered,296,2145.09,Manager_C,Processed,634946.64,1
RET0002441,PO0019968,VND00058,SKU4807,IT Equipment,09/21/2021,Wrong Quantity,21,1155.32,Manager_C,Pending,24261.72,1
RET0002137,PO0019921,VND00785,SKU2378,Spare Parts,12/15/2023,Quality Failure,288,4312.32,Manager_B,Pending,1241948.16,1
RET0002734,PO0029445,VND00476,SKU5334,Raw Material,12/03/2022,Damaged Packaging,414,401.09,Manager_C,Pending,166051.26,1
RET0001713,PO0009332,VND00114,SKU5431,IT Equipment,05/14/2022,Defective Item,449,1690.24,Manager_B,Processed,758917.76,1
RET0001816,PO0030623,VND00017,SKU4273,Spare Parts,04/09/2022,Expired Product,23,2841.12,Manager_C,Processed,65345.76,1
RET0003314,PO0021093,VND00015,SKU5993,Raw Material,01/14/2021,Wrong Quantity,132,3484.1,Manager_A,Processed,459901.2,1
RET0000077,PO0022233,VND00536,SKU3818,Chemicals,10/19/2021,Quality Failure,284,500.84,Manager_B,Pending,142238.56,1
RET0000113,PO0008300,VND00268,SKU2406,IT Equipment,07/23/2024,Wrong Item,138,3081.84,Manager_A,Pending,425293.92,1
RET0003719,PO0039022,VND00460,SKU4930,Spare Parts,02/23/2022,Expired Product,499,38.92,Manager_C,Processed,19421.08,1
RET0002548,PO0040919,VND00828,SKU2518,Raw Material,11/02/2022,Expired Product,93,1349.83,Manager_C,Processed,125534.19,1
RET0002621,PO0014525,VND00455,SKU3000,Raw Material,02/15/2023,Quality Failure,486,1392.9,Manager_C,Processed,676949.4,1
RET0000436,PO0005495,VND00024,SKU3517,Packaging,03/06/2023,Defective Item,21,1737.15,Manager_B,Processed,36480.15,1
RET0000895,PO0024024,VND00420,SKU5450,Chemicals,07/02/2022,expiry,480,2036.48,Manager_A,Processed,977510.4,1
RET0000037,PO0011520,VND00116,SKU5758,IT Equipment,06/07/2021,Wrong Quantity,424,326.63,Manager_B,Processed,138491.12,1
RET0004904,PO0028659,VND00319,SKU5996,Packaging,05/25/2023,Defective Item,409,2091.63,Manager_B,Processed,855476.67,1
RET0002407,PO0020786,VND00246,SKU4193,Packaging,12/11/2023,,433,1859.04,Manager_A,Processed,804964.32,1
RET0003352,PO0014625,VND00312,SKU4468,IT Equipment,12/25/2024,Expired Product,329,1321.17,Manager_B,Processed,434664.93,1
RET0001497,PO0005196,VND00733,SKU4008,Electronics,05/06/2022,Wrong Item Delivered,414,1650.28,Manager_C,Processed,683215.92,1
RET0004234,PO0012348,VND00153,SKU4395,Spare Parts,05/26/2023,Quality Failure,495,3202.68,Manager_B,Processed,1585326.6,1
RET0004816,PO0023293,VND00353,SKU1627,Packaging,06/02/2022,Wrong Item Delivered,324,1352.84,Manager_C,Processed,438320.16,1
RET0001601,PO0046095,VND00946,SKU5907,Raw Material,02/04/2021,Quality Failure,424,2593.08,Manager_B,Rejected,1099465.92,1
RET0002257,PO0008860,VND00207,SKU3569,Raw Material,04/25/2024,Over Shipment,449,4992.14,Manager_C,Pending,2241470.86,1
RET0003253,PO0003214,VND00328,SKU3700,Packaging,03/09/2021,Defective Item,33,738.31,Manager_C,Processed,24364.23,1
RET0004984,PO0005717,VND00700,SKU3113,Machinery,08/04/2023,Wrong Quantity,27,4087.42,,Pending,110360.34,1
RET0003114,PO0043698,VND00700,SKU5442,Chemicals,11/02/2024,Expired Product,94,1552.11,Manager_B,Processed,145898.34,1
RET0002286,PO0035638,VND00963,SKU1122,Raw Material,02/25/2024,Over Shipment,57,2602.56,Manager_A,Processed,148345.92,1
RET0000758,PO0022875,VND00064,SKU5466,Chemicals,12/13/2022,Wrong Quantity,282,3544.07,Manager_B,Pending,999427.74,1
RET0002538,PO0043734,VND00707,SKU2704,Raw Material,10/26/2021,,283,4974.38,Manager_C,Processed,1407749.54,1
RET0000570,PO0015490,VND00299,SKU3426,Spare Parts,11/13/2023,Wrong Item Delivered,358,379.59,Manager_C,Pending,135893.22,1
RET0004461,PO0012850,VND00522,SKU3424,IT Equipment,04/26/2022,Over Shipment,419,864.25,Manager_B,Processed,362120.75,1
RET0000398,PO0043095,VND00252,SKU2647,Chemicals,02/26/2024,Over Shipment,400,2387.82,Manager_A,Processed,955128,1
RET0003920,PO0046433,VND00432,SKU2559,Electronics,11/24/2023,Over Shipment,309,85.63,Manager_C,Processed,26459.67,1
RET0002005,PO0026700,VND00457,SKU5111,Chemicals,10/28/2021,Defective Item,43,711.11,Manager_A,Processed,30577.73,1
RET0004205,PO0033262,VND00920,SKU4739,Spare Parts,12/03/2022,Wrong Quantity,371,1525.06,Manager_C,Processed,565797.26,1
RET0002409,PO0047969,VND00157,SKU3590,Raw Material,02/10/2023,Expired Product,35,2977.11,Manager_C,Pending,104198.85,1
RET0002276,PO0043753,VND00966,SKU5368,IT Equipment,09/27/2023,,292,251.58,Manager_B,Processed,73461.36,1
RET0001686,PO0005309,VND00844,SKU1967,Chemicals,12/04/2022,wrong quantity,467,4057.31,,,1894763.77,1
RET0004231,PO0041012,VND00319,SKU2344,IT Equipment,09/24/2023,Wrong Item Delivered,399,1804.34,Manager_A,Processed,719931.66,1
RET0004576,PO0046338,VND00468,SKU2747,Electronics,04/16/2023,Quality Failure,144,3861.57,,Processed,556066.08,1
RET0002635,PO0042763,VND00774,SKU3597,Packaging,01/21/2023,Over Shipment,101,1002.35,Manager_A,Processed,101237.35,1
RET0001526,PO0027468,VND00305,SKU1227,Machinery,07/01/2023,Wrong Quantity,283,2486.69,Manager_B,Processed,703733.27,1
RET0004785,PO0018942,VND00464,SKU2566,Machinery,03/10/2024,Wrong Quantity,149,3383.36,Manager_B,Pending,504120.64,1
RET0002363,PO0031552,VND00312,SKU1385,Spare Parts,06/17/2021,Quality Failure,22,498.42,Manager_A,Processed,10965.24,1
RET0000677,PO0045672,VND00592,SKU3207,IT Equipment,10/09/2023,Expired Product,29,2877.77,Manager_B,Processed,83455.33,1
RET0000278,PO0028100,VND00262,SKU2920,Chemicals,03/16/2023,Over Shipment,378,3684.6,Manager_B,,1392778.8,1
RET0003048,PO0028724,VND00792,SKU3745,Machinery,04/21/2021,Wrong Item Delivered,31,2172.83,Manager_C,Processed,67357.73,1
RET0004659,PO0012001,VND00578,SKU4940,Electronics,05/19/2022,Wrong Quantity,417,363.58,Manager_A,Processed,151612.86,1
RET0001305,PO0015073,VND00116,SKU3232,Packaging,09/13/2021,Wrong Item Delivered,340,3783.11,Manager_B,Pending,1286257.4,1
RET0000585,PO0031593,VND00198,SKU1867,Electronics,07/07/2024,Over Shipment,363,4004.68,Manager_A,Processed,1453698.84,1
RET0004658,PO0037166,VND00715,SKU2058,Electronics,08/30/2021,Damaged Packaging,8,955.71,Manager_A,Processed,7645.68,1
RET0004167,PO0031150,VND00892,SKU4533,Spare Parts,12/11/2024,Expired Product,123,4280.94,Manager_A,Pending,526555.62,1
RET0002554,PO0013990,VND00361,SKU2302,Textiles,01/07/2021,Wrong Item Delivered,135,4841.73,Manager_A,Rejected,653633.55,1
RET0003959,PO0003189,VND00918,SKU1015,IT Equipment,06/01/2022,Defective Item,482,1095.9,Manager_C,Pending,528223.8,1
RET0004516,PO0027856,VND00450,SKU1809,Machinery,06/09/2023,Damaged Packaging,490,3281.86,Manager_B,Processed,1608111.4,1
RET0001707,PO0039146,VND00313,SKU2024,IT Equipment,05/27/2024,Damaged Packaging,474,1914.38,,Processed,907416.12,1
RET0001449,PO0037739,VND00579,SKU2538,IT Equipment,03/08/2021,Defective Item,261,3339.81,Manager_A,Processed,871690.41,1
RET0002581,PO0025373,VND00222,SKU4415,Electronics,07/07/2022,Damaged Packaging,483,339.16,Manager_C,Pending,163814.28,1
RET0004487,PO0034967,VND00261,SKU4439,Electronics,10/21/2021,Wrong Item Delivered,215,4126.95,Manager_C,Pending,887294.25,1
RET0000525,PO0014085,VND00716,SKU2912,Textiles,07/30/2021,Wrong Item Delivered,483,879.37,,Processed,424735.71,1
RET0000020,PO0022351,VND00073,SKU4078,Textiles,11/27/2022,Over Shipment,414,3984.73,,Rejected,1649678.22,1
RET0003243,PO0022311,VND00426,SKU2187,Packaging,12/26/2022,Over Shipment,18,4351.37,,Processed,78324.66,1
RET0002942,PO0033313,VND00971,SKU1061,Machinery,08/12/2023,Wrong Quantity,346,3103.86,Manager_C,Processed,1073935.56,1
RET0003018,PO0000078,VND00927,SKU2769,Textiles,11/11/2023,Quality Failure,485,3631.68,Manager_A,Processed,1761364.8,1
RET0001913,PO0006872,VND00230,SKU3781,Chemicals,01/31/2024,Wrong Quantity,62,4968.55,Manager_C,Processed,308050.1,1
RET0001875,PO0046061,VND00864,SKU1083,Chemicals,11/22/2021,Quality Failure,185,1426.02,Manager_A,Pending,263813.7,1
RET0004227,PO0010913,VND00166,SKU4834,Packaging,01/11/2022,wrong quantity,250,4492.22,Manager_C,Rejected,1123055,1
RET0000987,PO0026425,VND00696,SKU2373,IT Equipment,08/12/2022,Over Shipment,159,655.12,Manager_A,,104164.08,1
RET0003948,PO0027769,VND00007,SKU3409,Electronics,12/09/2023,Quality Failure,294,3346.63,,Processed,983909.22,1
RET0003525,PO0007178,VND00143,SKU3863,Chemicals,08/18/2024,Expired Product,11,2676.8,,Processed,29444.8,1
RET0004458,PO0033579,VND00257,SKU4535,Spare Parts,11/20/2021,Wrong Quantity,385,2108.41,Manager_A,Processed,811737.85,1
RET0003534,PO0013418,VND00493,SKU2649,Machinery,08/27/2021,Defective Item,328,4613.47,Manager_B,Rejected,1513218.16,1
RET0001231,PO0017941,VND00031,SKU2531,Machinery,02/07/2022,Defective Item,477,914.5,,Processed,436216.5,1
RET0000603,PO0006126,VND00344,SKU2262,Spare Parts,04/02/2021,Expired Product,286,817.87,Manager_A,Processed,233910.82,1
RET0002987,PO0029569,VND00575,SKU4634,Electronics,11/09/2023,expiry,370,3049.25,,Pending,1128222.5,1
RET0002723,PO0009591,VND00596,SKU1481,Spare Parts,09/12/2021,Expired Product,127,4125.59,Manager_B,Processed,523949.93,1
RET0004577,PO0041172,VND00387,SKU2624,Machinery,01/08/2022,Expired Product,12,2188.33,Manager_C,Rejected,26259.96,1
RET0001309,PO0039904,VND00620,SKU4083,Machinery,06/14/2021,,58,1746.57,,Processed,101301.06,1
RET0000178,PO0031829,VND00631,SKU5077,Textiles,08/09/2024,Expired Product,179,2721.77,,Processed,487196.83,1
RET0002265,PO0014013,VND00348,SKU4506,Packaging,09/24/2021,Expired,226,692.75,Manager_B,Pending,156561.5,1
RET0001001,PO0004682,VND00861,SKU2795,IT Equipment,04/09/2022,,335,1781.72,Manager_B,Rejected,596876.2,1
RET0002041,PO0002772,VND00409,SKU1612,IT Equipment,10/20/2021,Expired Product,141,2168.17,Manager_A,,305711.97,1
RET0004684,PO0023506,VND00998,SKU5640,IT Equipment,02/27/2023,Quality Failure,339,4423.66,,Processed,1499620.74,1
RET0002885,PO0029316,VND00230,SKU1837,Spare Parts,06/28/2023,Wrong Item Delivered,255,55.71,Manager_C,Processed,14206.05,1
RET0001339,PO0003574,VND00516,SKU1759,Raw Material,04/20/2024,Quality Failure,52,4493.77,Manager_B,Rejected,233676.04,1
RET0002438,PO0044870,VND00997,SKU5875,Raw Material,04/09/2021,Over Shipment,347,3170.8,Manager_B,Rejected,1100267.6,1
RET0002480,PO0017136,VND00854,SKU4968,Spare Parts,11/20/2023,Expired,75,1861.88,Manager_B,Processed,139641,1
RET0000095,PO0028946,VND00719,SKU5743,Raw Material,09/25/2021,Defective Item,102,2104.22,Manager_C,Pending,214630.44,1
RET0004073,PO0032561,VND00148,SKU5772,IT Equipment,01/08/2022,Defective Item,282,357.08,Manager_A,Processed,100696.56,1
RET0002009,PO0026439,VND00259,SKU2711,Textiles,05/04/2023,Wrong Item Delivered,110,3619.73,,Processed,398170.3,1
RET0002191,PO0043079,VND00307,SKU2429,Chemicals,04/20/2023,Over Shipment,205,4130.23,,,846697.15,1
RET0001899,PO0006529,VND00991,SKU2445,Raw Material,10/01/2023,Wrong Quantity,280,1741.27,Manager_B,Pending,487555.6,1
RET0000449,PO0021689,VND00225,SKU5658,Machinery,05/11/2024,Expired,61,670.68,Manager_A,Pending,40911.48,1
RET0004789,PO0043076,VND00449,SKU5369,Textiles,08/12/2021,Damaged Packaging,453,1783.83,Manager_B,Pending,808074.99,1
RET0003790,PO0000830,VND00954,SKU3910,Chemicals,05/17/2024,Damaged Packaging,349,3210.22,Manager_C,Pending,1120366.78,1
RET0004019,PO0013829,VND00910,SKU2862,Textiles,11/19/2023,Wrong Item,458,722.34,Manager_C,Processed,330831.72,1
RET0000158,PO0031269,VND00091,SKU1410,Textiles,05/15/2024,Over Shipment,444,2426,Manager_C,Processed,1077144,1
RET0002098,PO0037293,VND00980,SKU4051,Chemicals,01/29/2023,Wrong Quantity,0,1669.67,Manager_B,Processed,0,0
RET0000139,PO0000376,VND00466,SKU2381,Machinery,07/28/2023,Defective Item,171,569.3,Manager_A,Processed,97350.3,1
RET0001765,PO0001904,VND00806,SKU4511,Electronics,04/23/2024,Damaged Packaging,223,137.56,,Processed,30675.88,1
RET0002806,PO0010005,VND00087,SKU4798,Machinery,11/22/2024,Damaged Packaging,138,4899.8,Manager_B,Processed,676172.4,1
RET0004915,PO0025943,VND00023,SKU2823,Spare Parts,10/11/2023,Quality Failure,29,529.53,Manager_C,Processed,15356.37,1
RET0001714,PO0005358,VND00154,SKU1403,Machinery,09/25/2022,Expired Product,316,4920.62,Manager_C,Processed,1554915.92,1
RET0000150,PO0025786,VND00458,SKU2563,Spare Parts,07/16/2024,Defective Item,494,4258.08,Manager_C,Processed,2103491.52,1
RET0001911,PO0040203,VND00775,SKU3518,Machinery,05/21/2021,Damaged Packaging,145,4910.05,,Pending,711957.25,1
RET0003115,PO0042063,VND00651,SKU1496,Electronics,09/07/2021,Quality Failure,489,3351.8,Manager_C,Processed,1639030.2,1
RET0003604,PO0009607,VND00109,SKU2995,Textiles,11/30/2021,Over Shipment,346,555.58,Manager_C,Processed,192230.68,1
RET0003764,PO0017782,VND00067,SKU5508,Spare Parts,02/11/2022,Expired product,85,2403.72,Manager_B,Processed,204316.2,1
RET0000370,PO0017237,VND00246,SKU5138,IT Equipment,01/02/2024,Expired Product,356,1241.44,Manager_B,Processed,441952.64,1
RET0002172,PO0025014,VND00126,SKU5006,Spare Parts,10/17/2021,Over Shipment,468,2655.32,Manager_C,Processed,1242689.76,1
RET0003956,PO0014104,VND00193,SKU4867,IT Equipment,04/20/2023,Quality Failure,120,1191.98,,Processed,143037.6,1
RET0002399,PO0002821,VND00641,SKU4926,Spare Parts,03/27/2021,Quality Failure,67,3415.45,Manager_B,Processed,228835.15,1
RET0001955,PO0014543,VND00494,SKU3801,Textiles,01/16/2024,,465,3078.87,,Processed,1431674.55,1
RET0003368,PO0023155,VND00911,SKU2335,Chemicals,03/14/2023,wrong quantity,5,709.23,,Rejected,3546.15,1
RET0004108,PO0026745,VND00103,SKU2586,Packaging,04/20/2024,Damaged Packaging,223,2918.46,Manager_B,Processed,650816.58,1
RET0003691,PO0004123,VND00467,SKU4564,Electronics,04/25/2023,Damaged Packaging,259,4655.96,,Processed,1205893.64,1
RET0002997,PO0009094,VND00947,SKU5454,Packaging,07/02/2024,Quality Failure,484,1236.6,Manager_B,Processed,598514.4,1
RET0004645,PO0028759,VND00967,SKU4575,Raw Material,09/23/2024,Wrong Quantity,139,1996,Manager_A,Processed,277444,1
RET0003411,PO0030717,VND00473,SKU3077,Raw Material,08/22/2021,Expired Product,351,2556.53,,Processed,897342.03,1
RET0002014,PO0033821,VND00018,SKU5048,Electronics,12/15/2021,Wrong Item delivered,55,3184.68,Manager_B,Processed,175157.4,1
RET0004421,PO0031335,VND00268,SKU3945,Textiles,04/10/2021,,68,2221.25,,Processed,151045,1
RET0001242,PO0022231,VND00679,SKU2495,Machinery,05/23/2022,Damaged Packaging,294,1660.4,Manager_C,Processed,488157.6,1
RET0004028,PO0014512,VND00474,SKU1247,Machinery,03/21/2023,Expired Product,375,1669.88,,Processed,626205,1
RET0003952,PO0028019,VND00706,SKU2364,Textiles,05/14/2024,Damaged Packaging,473,3579.35,,Processed,1693032.55,1
RET0003686,PO0046164,VND00025,SKU1216,Electronics,05/27/2022,damaged packaging,172,368.28,Manager_B,Rejected,63344.16,1
RET0000088,PO0010167,VND00161,SKU1708,IT Equipment,09/19/2022,Wrong Quantity,37,248.02,Manager_B,Pending,9176.74,1
RET0002357,PO0021300,VND00162,SKU3551,Electronics,11/11/2022,,380,136.25,Manager_A,Rejected,51775,1
RET0000927,PO0045146,VND00853,SKU1725,Raw Material,10/20/2023,Wrong Quantity,114,1920.9,,Pending,218982.6,1
RET0004224,PO0029190,VND00358,SKU1409,Machinery,10/25/2023,Defective Item,25,4182.87,Manager_B,Processed,104571.75,1
RET0004348,PO0032537,VND00213,SKU1241,Raw Material,09/14/2022,Over Shipment,200,1518.49,Manager_B,Pending,303698,1
RET0000193,PO0026480,VND00765,SKU5695,Spare Parts,03/18/2022,Damaged Packaging,375,3392.5,Manager_B,Processed,1272187.5,1
RET0000220,PO0032848,VND00659,SKU2369,Chemicals,04/15/2023,Damaged Packaging,305,1817.06,Manager_B,Processed,554203.3,1
RET0003548,PO0036543,VND00444,SKU3886,Packaging,07/12/2024,Expired Product,294,2391,Manager_A,Processed,702954,1
RET0004864,PO0034539,VND00258,SKU2606,Machinery,01/19/2021,Wrong Item Delivered,360,538.9,Manager_A,Pending,194004,1
RET0003180,PO0021302,VND00017,SKU5500,Packaging,12/14/2024,Over Shipment,33,2230.5,Manager_B,Processed,73606.5,1
RET0000935,PO0026938,VND00864,SKU2795,Chemicals,11/06/2022,Over Shipment,270,3191.45,Manager_C,Pending,861691.5,1
RET0001063,PO0038511,VND00280,SKU1213,Raw Material,01/31/2024,Damaged Packaging,383,283.36,,Pending,108526.88,1
RET0004863,PO0007231,VND00511,SKU2601,Textiles,05/28/2021,Wrong Quantity,385,1190.2,Manager_B,Rejected,458227,1
RET0000650,PO0020350,VND00487,SKU4905,Raw Material,08/08/2021,Wrong Item Delivered,178,3286.48,,Pending,584993.44,1
RET0004192,PO0030048,VND00496,SKU3141,Textiles,07/08/2021,Quality Failure,355,2715.98,Manager_C,Processed,964172.9,1
RET0003835,PO0012428,VND00396,SKU1669,Electronics,08/09/2021,Expired,191,3293.73,Manager_B,Processed,629102.43,1
RET0000360,PO0042444,VND00789,SKU1351,Electronics,03/12/2022,Defective Item,306,1161.81,,Processed,355513.86,1
RET0002440,PO0015653,VND00768,SKU3070,Raw Material,07/07/2022,Damaged Packaging,225,1002.15,Manager_A,Processed,225483.75,1
RET0001624,PO0014847,VND00835,SKU2984,Chemicals,06/18/2022,Wrong Quantity,133,2976.63,Manager_A,Pending,395891.79,1
RET0001697,PO0018039,VND00444,SKU5266,Chemicals,04/30/2022,Damaged Packaging,422,2179.29,Manager_C,Rejected,919660.38,1
RET0002672,PO0027154,VND00125,SKU3618,Packaging,10/07/2024,Expired Product,212,1644.22,Manager_A,Pending,348574.64,1
RET0001421,PO0009209,VND00889,SKU4580,Spare Parts,09/02/2023,Wrong Item Delivered,87,4965.63,,Processed,432009.81,1
RET0004668,PO0014326,VND00071,SKU4586,Chemicals,05/04/2023,Damaged Packaging,117,1882.29,,Processed,220227.93,1
RET0001736,PO0024845,VND00506,SKU3380,Machinery,08/23/2023,Wrong Item Delivered,340,4921.47,Manager_B,Pending,1673299.8,1
RET0004891,PO0041379,VND00931,SKU5174,Spare Parts,02/10/2023,Quality Failure,209,2229.17,,Pending,465896.53,1
RET0003501,PO0047683,VND00407,SKU4935,Electronics,03/11/2023,Wrong Item Delivered,368,1754.46,Manager_B,Processed,645641.28,1
RET0003851,PO0040569,VND00736,SKU3489,Chemicals,10/20/2023,Over Shipment,431,1149.72,Manager_B,Processed,495529.32,1
RET0003885,PO0031768,VND00266,SKU4080,Chemicals,11/30/2023,Over Shipment,206,851.42,,Processed,175392.52,1
RET0000288,PO0020181,VND00392,SKU3923,Raw Material,12/18/2021,Wrong Item Delivered,124,3606.85,Manager_B,Processed,447249.4,1
RET0000547,PO0018270,VND00014,SKU4192,Electronics,02/24/2021,Wrong Quantity,36,3963.39,Manager_C,Processed,142682.04,1
RET0000338,PO0045086,VND00946,SKU2746,Spare Parts,05/15/2021,Expired Product,2,467,Manager_B,Processed,934,1
RET0002107,PO0015449,VND00619,SKU2823,Packaging,12/08/2023,Wrong Item Delivered,464,2418.12,Manager_A,Pending,1122007.68,1
RET0002736,PO0023652,VND00210,SKU4684,Raw Material,10/06/2024,Wrong Item Delivered,450,837.01,,Pending,376654.5,1
RET0001501,PO0045651,VND00155,SKU2956,Spare Parts,11/24/2023,Quality Failure,179,3942.62,Manager_C,Processed,705728.98,1
RET0004917,PO0048964,VND00279,SKU1344,IT Equipment,05/01/2022,Wrong Quantity,194,909.97,Manager_B,Processed,176534.18,1
RET0004688,PO0020937,VND00277,SKU5521,IT Equipment,11/09/2022,Expired Product,182,3139.68,,Processed,571421.76,1
RET0002032,PO0036305,VND00671,SKU1325,IT Equipment,08/15/2024,Wrong Quantity,83,4741.39,Manager_A,Processed,393535.37,1
RET0003041,PO0036051,VND00228,SKU5312,IT Equipment,10/26/2021,Damaged Packaging,44,1526.48,Manager_C,Rejected,67165.12,1
RET0003855,PO0024581,VND00727,SKU4978,Spare Parts,05/24/2021,Wrong Quantity,356,112.67,,Rejected,40110.52,1
RET0004448,PO0030883,VND00025,SKU4734,Raw Material,08/03/2024,Defective Item,430,3063.24,Manager_B,Pending,1317193.2,1
RET0002060,PO0002796,VND00303,SKU2491,Textiles,07/08/2022,Defective Item,497,4670.22,Manager_A,Rejected,2321099.34,1
RET0002883,PO0031643,VND00865,SKU3059,Electronics,08/18/2021,Wrong Quantity,207,1392.78,Manager_C,Processed,288305.46,1
RET0004531,PO0000979,VND00308,SKU2620,Textiles,02/07/2023,Wrong Item Delivered,36,596.16,Manager_B,Processed,21461.76,1
RET0004641,PO0001842,VND00682,SKU4219,Spare Parts,02/20/2022,Wrong Quantity,112,1688.79,Manager_C,Rejected,189144.48,1
RET0002688,PO0021896,VND00755,SKU3785,Packaging,02/21/2023,Damaged Packaging,320,4910.66,,Pending,1571411.2,1
RET0004766,PO0030520,VND00309,SKU2384,Raw Material,11/15/2022,Wrong Item Delivered,400,4541.98,Manager_A,Processed,1816792,1
RET0002952,PO0023385,VND00560,SKU3876,Spare Parts,06/05/2022,Defective Item,24,1089.73,Manager_A,Processed,26153.52,1
RET0001667,PO0002591,VND00543,SKU5309,Spare Parts,06/27/2022,Defective Item,354,3883.16,Manager_C,Pending,1374638.64,1
RET0002965,PO0031578,VND00319,SKU1708,Machinery,09/15/2024,Quality Failure,21,1841.35,Manager_A,Rejected,38668.35,1
RET0003580,PO0010481,VND00829,SKU3186,Packaging,12/16/2024,Expired Product,288,2034.2,,Rejected,585849.6,1
RET0002817,PO0047152,VND00186,SKU1030,Spare Parts,05/23/2024,Wrong Item Delivered,244,3756.46,,Pending,916576.24,1
RET0001168,PO0005643,VND00891,SKU3813,Raw Material,03/28/2021,Over Shipment,321,1123.54,,Processed,360656.34,1
RET0004695,PO0041454,VND00072,SKU1759,Packaging,07/17/2021,Expired Product,333,32.68,Manager_A,Pending,10882.44,1
RET0004086,PO0001339,VND00261,SKU2731,Packaging,11/21/2024,Wrong Item Delivered,89,3816.39,Manager_A,Processed,339658.71,1
RET0004476,PO0014220,VND00851,SKU4321,Raw Material,09/30/2021,Wrong Item Delivered,348,3802.93,Manager_C,Pending,1323419.64,1
RET0003732,PO0030394,VND00831,SKU4714,Spare Parts,05/10/2022,Defective Item,490,4977.78,Manager_B,Pending,2439112.2,1
RET0000219,PO0025691,VND00218,SKU5521,Spare Parts,02/20/2021,Damaged Packaging,285,73.05,Manager_B,Processed,20819.25,1
RET0004206,PO0030540,VND00273,SKU2704,IT Equipment,12/31/2023,Damaged Packaging,173,1956.46,Manager_B,Processed,338467.58,1
RET0003224,PO0001794,VND00470,SKU3465,Chemicals,08/10/2022,Damaged Packaging,429,3360.29,Manager_C,Processed,1441564.41,1
RET0001252,PO0020256,VND00381,SKU4843,Electronics,05/30/2021,Damaged Packaging,240,740.96,Manager_C,Processed,177830.4,1
RET0003641,PO0047996,VND00244,SKU3580,Chemicals,04/07/2021,Quality Failure,131,3597.31,Manager_C,Processed,471247.61,1
RET0003493,PO0046694,VND00478,SKU3736,Chemicals,09/25/2024,Damaged Packaging,68,2282.08,Manager_A,Processed,155181.44,1
RET0004966,PO0045055,VND00946,SKU1666,Electronics,04/17/2022,Over Shipment,194,941.18,Manager_B,Processed,182588.92,1
RET0000892,PO0032150,VND00793,SKU2820,Chemicals,08/26/2023,Wrong Quantity,177,4830.35,Manager_A,Pending,854971.95,1
RET0003365,PO0037626,VND00758,SKU2057,IT Equipment,11/21/2021,Wrong Quantity,423,3671.32,Manager_C,Processed,1552968.36,1
RET0002073,PO0042459,VND00660,SKU4312,Machinery,01/25/2022,Expired Product,425,3047.23,Manager_A,Pending,1295072.75,1
RET0001759,PO0024410,VND00007,SKU2704,IT Equipment,04/11/2023,Defective Item,452,4238.32,Manager_B,Rejected,1915720.64,1
RET0003082,PO0009468,VND00269,SKU1797,Textiles,12/17/2021,Over Shipment,55,650.07,Manager_A,Processed,35753.85,1
RET0001740,PO0036361,VND00699,SKU5470,Electronics,04/09/2023,Wrong Item,129,4026.25,Manager_B,Processed,519386.25,1
RET0003407,PO0012236,VND00913,SKU1779,Spare Parts,03/09/2023,Over Shipment,327,3115.58,Manager_B,,1018794.66,1
RET0003708,PO0030123,VND00302,SKU4967,IT Equipment,04/12/2024,Defective Item,214,1384.13,,Processed,296203.82,1
RET0001116,PO0030329,VND00255,SKU5281,Electronics,03/07/2021,Wrong Item Delivered,311,570.32,Manager_A,Processed,177369.52,1
RET0003550,PO0046808,VND00818,SKU4789,Machinery,07/19/2024,Over Shipment,345,2166.82,Manager_C,,747552.9,1
RET0004835,PO0034303,VND00042,SKU4507,Textiles,11/08/2022,Over Shipment,153,4509.15,Manager_A,Processed,689899.95,1
RET0004735,PO0048761,VND00410,SKU5643,Spare Parts,08/26/2021,Over Shipment,168,670.83,,,112699.44,1
RET0002963,PO0039140,VND00871,SKU5129,Raw Material,06/28/2021,Over Shipment,471,3984.21,Manager_A,Processed,1876562.91,1
RET0000148,PO0004950,VND00194,SKU5103,Chemicals,05/13/2021,Quality Failure,456,291.3,Manager_B,Processed,132832.8,1
RET0003125,PO0038757,VND00252,SKU2545,Spare Parts,06/03/2023,Expired Product,195,3752.79,,Pending,731794.05,1
RET0000866,PO0016568,VND00655,SKU5500,Electronics,10/31/2021,Over Shipment,138,213.11,Manager_B,Processed,29409.18,1
RET0004389,PO0013893,VND00395,SKU1241,Machinery,05/28/2023,Over Shipment,74,2708.28,Manager_B,Rejected,200412.72,1
RET0003052,PO0008353,VND00831,SKU3894,Spare Parts,10/06/2023,Quality Failure,263,2721.48,Manager_A,Processed,715749.24,1
RET0001369,PO0033205,VND00498,SKU4264,Raw Material,03/11/2024,Over Shipment,374,2855.64,Manager_B,Processed,1068009.36,1
RET0004672,PO0026419,VND00592,SKU5466,Packaging,11/12/2022,Defective Item,22,651.07,Manager_B,Rejected,14323.54,1
RET0000915,PO0004569,VND00733,SKU5805,Raw Material,01/19/2023,Wrong Quantity,415,915.69,Manager_C,Processed,380011.35,1
RET0004829,PO0019202,VND00726,SKU5396,IT Equipment,02/21/2022,Wrong Item Delivered,445,3649.45,Manager_A,,1624005.25,1
RET0003683,PO0038334,VND00051,SKU2684,Electronics,11/12/2022,Wrong Quantity,439,2000.67,Manager_A,,878294.13,1
RET0002173,PO0026355,VND00265,SKU5791,Packaging,07/07/2023,Quality Failure,179,157.21,Manager_C,Pending,28140.59,1
RET0001718,PO0037867,VND00596,SKU4478,Packaging,11/24/2022,Damaged Packaging,403,2181,,Rejected,878943,1
RET0000409,PO0029762,VND00175,SKU2757,Machinery,10/29/2023,Expired Product,115,311.67,Manager_B,Processed,35842.05,1
RET0002536,PO0028894,VND00800,SKU5334,Electronics,05/10/2022,Quality Failure,305,4267.74,Manager_B,Processed,1301660.7,1
RET0002761,PO0011623,VND00790,SKU1393,IT Equipment,08/27/2024,Quality Failure,51,4879.53,Manager_B,Processed,248856.03,1
RET0004060,PO0049056,VND00934,SKU3594,Chemicals,03/04/2021,Wrong Item Delivered,185,2134.26,Manager_A,Processed,394838.1,1
RET0001851,PO0033415,VND00358,SKU2833,IT Equipment,03/17/2023,Quality Failure,167,1913.41,Manager_A,Processed,319539.47,1
RET0000239,PO0036165,VND00406,SKU4441,Machinery,02/26/2023,Wrong Quantity,131,2207.95,Manager_C,Pending,289241.45,1
RET0001764,PO0038201,VND00329,SKU1898,Raw Material,02/14/2023,Expired Product,357,1147.25,Manager_C,Processed,409568.25,1
RET0004508,PO0042463,VND00417,SKU3343,Spare Parts,12/24/2024,Over Shipment,7,1086.44,Manager_A,Pending,7605.08,1
RET0003562,PO0039591,VND00355,SKU4730,Chemicals,10/25/2022,Wrong Item Delivered,238,1720.86,Manager_C,Processed,409564.68,1
RET0004524,PO0000424,VND00376,SKU4459,Electronics,05/22/2023,,443,651.97,Manager_A,Processed,288822.71,1
RET0003360,PO0030267,VND00593,SKU3820,Textiles,08/02/2021,Wrong Item Delivered,5,2143.07,,Processed,10715.35,1
RET0001754,PO0022463,VND00019,SKU5655,Chemicals,10/04/2021,Expired Product,439,4920.28,,Processed,2160002.92,1
RET0003139,PO0048313,VND00841,SKU4919,Spare Parts,02/19/2021,Damaged Packaging,440,2371.81,Manager_B,Processed,1043596.4,1
RET0000021,PO0045960,VND00177,SKU5964,Chemicals,07/03/2021,Damaged Packaging,31,1611.08,Manager_C,Processed,49943.48,1
RET0002471,PO0022363,VND00420,SKU1371,Spare Parts,04/14/2024,,14,4609.3,Manager_A,Processed,64530.2,1
RET0000623,PO0010634,VND00829,SKU1392,Spare Parts,06/21/2024,Expired Product,61,2298.26,Manager_A,Pending,140193.86,1
RET0001408,PO0025665,VND00635,SKU2353,Packaging,09/24/2024,Damaged Packaging,78,1987.13,Manager_C,Pending,154996.14,1
RET0002213,PO0044930,VND00216,SKU1387,IT Equipment,03/05/2024,Defective Item,17,2696.25,Manager_A,Processed,45836.25,1
RET0003866,PO0026748,VND00117,SKU2775,Spare Parts,04/07/2023,,248,3643.15,Manager_C,Rejected,903501.2,1
RET0003840,PO0006502,VND00878,SKU3888,Chemicals,04/04/2023,Wrong Quantity,118,4159.71,Manager_A,Processed,490845.78,1
RET0000593,PO0020290,VND00586,SKU4388,Packaging,06/17/2021,Quality Failure,286,3073.13,Manager_B,Processed,878915.18,1
RET0000277,PO0034710,VND00673,SKU4036,Packaging,11/11/2024,Over Shipment,337,2374.04,Manager_C,Processed,800051.48,1
RET0001288,PO0048724,VND00432,SKU1351,Raw Material,10/24/2022,Wrong Quantity,37,73.36,Manager_A,Processed,2714.32,1
RET0002250,PO0027332,VND00909,SKU3859,Chemicals,07/20/2024,Quality Failure,461,133.93,Manager_C,Rejected,61741.73,1
RET0001169,PO0002255,VND00030,SKU4076,Spare Parts,11/08/2023,Wrong Item,417,3558.13,Manager_C,Processed,1483740.21,1
RET0004064,PO0038124,VND00759,SKU1047,Raw Material,03/05/2024,Defective Item,378,3046.79,Manager_B,Pending,1151686.62,1
RET0004712,PO0006166,VND00082,SKU4805,Packaging,10/28/2024,Over Shipment,481,3355.43,Manager_B,Processed,1613961.83,1
RET0001847,PO0033838,VND00793,SKU3985,Textiles,03/06/2023,Defective Item,252,1998.99,Manager_A,Processed,503745.48,1
RET0002380,PO0027481,VND00464,SKU3580,Textiles,10/19/2021,Quality Failure,157,3807.49,Manager_C,Pending,597775.93,1
RET0003523,PO0005740,VND00614,SKU1036,Textiles,03/11/2022,,472,1426.97,Manager_B,Pending,673529.84,1
RET0000262,PO0004686,VND00142,SKU2147,Machinery,03/26/2023,Damaged Packaging,460,3668.34,,Processed,1687436.4,1
RET0002435,PO0020054,VND00272,SKU3584,Chemicals,12/05/2022,Quality Failure,353,1891.31,Manager_C,Pending,667632.43,1
RET0003884,PO0047196,VND00062,SKU5991,Electronics,03/31/2024,Wrong Quantity,263,214.46,Manager_B,Pending,56402.98,1
RET0000688,PO0035410,VND00883,SKU4124,Textiles,04/22/2021,Quality Failure,412,4502.17,Manager_A,Processed,1854894.04,1
RET0000121,PO0002514,VND00506,SKU3468,Electronics,09/25/2023,Expired Product,94,4142.58,Manager_A,Rejected,389402.52,1
RET0004710,PO0009587,VND00618,SKU2024,Raw Material,04/19/2021,Quality Failure,319,2895.09,Manager_B,Processed,923533.71,1
RET0000234,PO0040405,VND00769,SKU4793,Electronics,01/05/2023,Wrong Quantity,159,4827.35,Manager_A,Pending,767548.65,1
RET0004586,PO0020870,VND00235,SKU1701,Chemicals,07/23/2024,Quality Failure,202,3484.64,Manager_B,Processed,703897.28,1
RET0001216,PO0012185,VND00477,SKU1632,IT Equipment,07/26/2022,Damaged Packaging,186,4183.72,,Processed,778171.92,1
RET0004716,PO0025577,VND00216,SKU5864,Raw Material,06/25/2021,Expired Product,186,2468.94,Manager_B,Pending,459222.84,1
RET0003977,PO0048883,VND00207,SKU4669,IT Equipment,03/21/2023,Over Shipment,84,2168.64,Manager_B,Processed,182165.76,1
RET0004114,PO0014193,VND00213,SKU5789,Spare Parts,12/09/2022,Damaged Packaging,348,3026.43,Manager_B,Rejected,1053197.64,1
RET0000090,PO0005331,VND00132,SKU5053,Spare Parts,07/17/2023,Expired Product,218,2725.92,Manager_A,Processed,594250.56,1
RET0001185,PO0023360,VND00717,SKU5354,Chemicals,09/01/2024,Over Shipment,396,1103.84,Manager_C,Processed,437120.64,1
RET0001025,PO0003431,VND00883,SKU4882,Electronics,01/08/2021,Quality Failure,267,2458.95,,Processed,656539.65,1
RET0000721,PO0027136,VND00226,SKU5897,Machinery,01/07/2022,Defective Item,388,861.74,,Pending,334355.12,1
RET0002932,PO0006945,VND00076,SKU5685,IT Equipment,04/23/2022,Expired Product,93,1876.74,Manager_C,Processed,174536.82,1
RET0001732,PO0026537,VND00994,SKU2900,Chemicals,04/22/2021,Damaged Packaging,184,4253.91,Manager_A,Processed,782719.44,1
RET0000946,PO0033208,VND00040,SKU3322,Textiles,05/29/2023,Wrong Quantity,172,4037.9,Manager_B,Pending,694518.8,1
RET0004745,PO0014434,VND00774,SKU5577,Packaging,04/22/2024,Quality Failure,491,4973.75,Manager_C,Processed,2442111.25,1
RET0000965,PO0030177,VND00919,SKU5229,IT Equipment,02/23/2024,expiry,495,4156.64,Manager_A,Rejected,2057536.8,1
RET0004323,PO0008311,VND00865,SKU2452,Machinery,07/26/2023,Over Shipment,336,1907.36,Manager_C,Rejected,640872.96,1
RET0002562,PO0033539,VND00416,SKU2904,Electronics,04/21/2022,Defective Item,59,4037.21,Manager_C,Processed,238195.39,1
RET0000303,PO0046155,VND00705,SKU2799,Chemicals,07/18/2023,Defective Item,4,32.82,Manager_A,Rejected,131.28,0
RET0004855,PO0030518,VND00999,SKU2363,Textiles,12/02/2024,Expired Product,404,4294.23,,Processed,1734868.92,1
RET0000683,PO0011763,VND00778,SKU3257,Electronics,04/29/2021,Over Shipment,372,295.84,Manager_A,Pending,110052.48,1
RET0003258,PO0032128,VND00338,SKU5724,IT Equipment,12/02/2023,Expired Product,53,1902.19,Manager_B,Pending,100816.07,1
RET0002867,PO0003186,VND00802,SKU2088,Chemicals,03/06/2022,Quality Failure,51,171.59,Manager_B,Processed,8751.09,1
RET0002610,PO0039083,VND00637,SKU2552,IT Equipment,02/04/2021,Over Shipment,29,3624.48,Manager_C,Processed,105109.92,1
RET0004566,PO0000775,VND00984,SKU2201,Machinery,10/05/2024,Wrong Quantity,438,3163.16,Manager_C,Rejected,1385464.08,1
RET0001214,PO0028535,VND00424,SKU1915,Raw Material,03/30/2023,,130,2161.65,Manager_C,Processed,281014.5,1
RET0001133,PO0004597,VND00553,SKU2156,Spare Parts,08/24/2022,Expired Product,16,1429.52,Manager_C,Processed,22872.32,1
RET0003073,PO0021312,VND00444,SKU5708,Raw Material,10/11/2023,Over Shipment,150,2196.46,,Processed,329469,1
RET0003096,PO0002029,VND00130,SKU2759,Textiles,04/11/2022,Wrong Item Delivered,437,836.82,Manager_B,Processed,365690.34,1
RET0003250,PO0049341,VND00406,SKU5368,Spare Parts,03/17/2022,Damaged Packaging,440,3588.16,Manager_C,Processed,1578790.4,1
RET0000340,PO0028159,VND00201,SKU4029,IT Equipment,05/06/2023,Over Shipment,242,4388.53,,Processed,1062024.26,1
RET0002627,PO0049229,VND00781,SKU5393,Electronics,10/06/2023,Damaged Packaging,452,4658.08,Manager_C,Processed,2105452.16,1
RET0004413,PO0041653,VND00141,SKU5468,Textiles,09/30/2021,Wrong Quantity,280,467.58,Manager_A,Processed,130922.4,1
RET0003440,PO0023917,VND00147,SKU2544,Chemicals,09/25/2023,Over Shipment,74,4120.77,Manager_B,Processed,304936.98,1
RET0003277,PO0009110,VND00019,SKU5618,Chemicals,01/30/2024,wrong quantity,426,437.97,Manager_A,Pending,186575.22,1
RET0003445,PO0037453,VND00611,SKU3155,Spare Parts,04/26/2023,Wrong Quantity,217,2596.14,Manager_C,Pending,563362.38,1
RET0000299,PO0018436,VND00392,SKU3941,Packaging,03/21/2022,Defective Item,311,897.86,Manager_B,Processed,279234.46,1
RET0003531,PO0043199,VND00320,SKU1683,IT Equipment,05/10/2024,Wrong Quantity,179,4473.76,Manager_A,Processed,800803.04,1
RET0003324,PO0028719,VND00727,SKU3374,Textiles,12/10/2024,Wrong Item Delivered,47,871.95,Manager_C,Processed,40981.65,1
RET0004970,PO0019503,VND00014,SKU5614,Spare Parts,01/24/2024,Quality Failure,69,449.16,Manager_B,Rejected,30992.04,1
RET0004899,PO0037431,VND00835,SKU1619,Textiles,12/11/2024,Expired Product,277,4420.17,Manager_A,Processed,1224387.09,1
RET0003469,PO0027529,VND00948,SKU1675,Chemicals,03/09/2021,Defective Item,42,4006.35,Manager_A,Processed,168266.7,1
RET0002557,PO0045436,VND00665,SKU2859,Packaging,10/23/2022,Defective Item,259,399.15,Manager_A,Processed,103379.85,1
RET0001572,PO0029732,VND00359,SKU5051,Machinery,03/13/2024,Over Shipment,306,4210.05,Manager_C,Processed,1288275.3,1
RET0003556,PO0028408,VND00348,SKU5094,Textiles,07/01/2022,Damaged Packaging,259,3549.17,,Rejected,919235.03,1
RET0001676,PO0034439,VND00826,SKU4892,Raw Material,03/22/2024,Wrong Quantity,293,4344.92,Manager_B,Pending,1273061.56,1
RET0003597,PO0022906,VND00912,SKU4123,Packaging,08/26/2024,Expired Product,249,1616.24,Manager_A,Pending,402443.76,1
RET0002777,PO0040282,VND00931,SKU5180,Packaging,08/02/2021,Quality Failure,33,2429.45,Manager_B,Processed,80171.85,1
RET0001113,PO0019831,VND00534,SKU5442,Machinery,10/30/2024,,124,1174.94,Manager_C,Pending,145692.56,1
RET0003929,PO0003608,VND00302,SKU1933,Textiles,08/18/2021,Damaged Packaging,421,1514.97,Manager_A,Processed,637802.37,1
RET0002346,PO0022298,VND00343,SKU3804,Raw Material,04/02/2021,Damaged Packaging,76,473.73,Manager_B,Processed,36003.48,1
RET0004943,PO0024284,VND00859,SKU2593,Raw Material,07/08/2024,Quality Failure,411,2904.55,Manager_B,Pending,1193770.05,1
RET0004244,PO0039007,VND00218,SKU2140,IT Equipment,05/30/2022,Damaged Packaging,85,4406.35,Manager_B,Processed,374539.75,1
RET0002518,PO0020328,VND00638,SKU1172,Machinery,12/07/2023,Over Shipment,334,1110.15,,Processed,370790.1,1
RET0001578,PO0005803,VND00380,SKU1700,Textiles,11/16/2024,Defective Item,423,3107.75,,Pending,1314578.25,1
RET0002030,PO0045181,VND00485,SKU4971,Raw Material,03/02/2023,Damaged Packaging,377,117.87,,Rejected,44436.99,1
RET0001694,PO0038267,VND00965,SKU3209,Textiles,12/04/2023,Damaged Packaging,340,1608.96,Manager_C,Rejected,547046.4,1
RET0001904,PO0026265,VND00913,SKU5758,IT Equipment,07/26/2024,Defective Item,436,269.28,Manager_A,Processed,117406.08,1
RET0001432,PO0035810,VND00216,SKU2458,Electronics,10/26/2024,Quality Failure,480,2230.98,Manager_A,Pending,1070870.4,1
RET0001535,PO0024100,VND00308,SKU2883,Packaging,03/11/2023,Wrong Item Delivered,190,807.18,Manager_B,Pending,153364.2,1
RET0001487,PO0009433,VND00656,SKU3451,Raw Material,11/10/2022,Wrong Item Delivered,265,1047.25,Manager_A,Pending,277521.25,1
RET0001717,PO0020082,VND00562,SKU5068,Chemicals,09/06/2023,Wrong Item Delivered,176,1627.46,,Processed,286432.96,1
RET0002311,PO0013633,VND00276,SKU5435,Textiles,09/15/2024,Quality Failure,484,4739.31,,Rejected,2293826.04,1
RET0001893,PO0024447,VND00010,SKU4335,Packaging,10/21/2022,Over Shipment,84,3472.12,Manager_C,Processed,291658.08,1
RET0001845,PO0025202,VND00570,SKU1103,Chemicals,09/04/2022,Quality Failure,278,2366.44,Manager_B,Pending,657870.32,1
RET0002689,PO0000091,VND00767,SKU2741,Electronics,07/13/2023,Over Shipment,462,404.72,Manager_A,Processed,186980.64,1
RET0003656,PO0034043,VND00989,SKU1964,Textiles,03/04/2023,Over Shipment,48,4684.61,Manager_A,Processed,224861.28,1
RET0002182,PO0024209,VND00755,SKU4607,Spare Parts,05/19/2024,Quality Failure,469,4355.55,Manager_C,Pending,2042752.95,1
RET0003591,PO0037516,VND00576,SKU3190,Packaging,02/03/2022,Damaged Packaging,46,3462.46,Manager_B,Processed,159273.16,1
RET0001039,PO0026544,VND00781,SKU5505,Electronics,06/23/2021,Damaged Packaging,208,1844.98,Manager_A,Processed,383755.84,1
RET0001873,PO0032486,VND00592,SKU2849,Chemicals,12/06/2023,Wrong Item Delivered,135,4883.18,Manager_C,Pending,659229.3,1
RET0003377,PO0012447,VND00107,SKU4053,Chemicals,01/28/2024,Over Shipment,315,3393.65,Manager_C,Processed,1068999.75,1
RET0001566,PO0043785,VND00949,SKU5823,Chemicals,02/02/2023,Defective Item,314,4817.98,Manager_C,Processed,1512845.72,1
RET0000302,PO0038690,VND00594,SKU3357,Machinery,04/26/2021,Wrong Item Delivered,87,4393.98,Manager_C,Processed,382276.26,1
RET0003323,PO0019035,VND00363,SKU5603,Chemicals,07/19/2021,Damaged Packaging,477,1607.02,,Pending,766548.54,1
RET0000127,PO0017484,VND00456,SKU4247,Machinery,03/30/2023,Wrong Item,129,4117.37,Manager_B,Processed,531140.73,1
RET0000316,PO0047648,VND00694,SKU5151,Textiles,08/04/2022,Defective Item,276,807.56,Manager_B,Pending,222886.56,1
RET0000348,PO0003347,VND00527,SKU1890,Machinery,07/06/2021,Expired Product,170,941.71,Manager_C,Rejected,160090.7,1
RET0002962,PO0023480,VND00293,SKU4187,Spare Parts,03/12/2022,Wrong Item Delivered,190,2656.93,Manager_A,Pending,504816.7,1
RET0000056,PO0029595,VND00625,SKU2057,Textiles,01/29/2024,Defective Item,368,4490.86,,Pending,1652636.48,1
RET0003415,PO0028177,VND00372,SKU3202,Electronics,12/02/2023,Over Shipment,351,2928.03,Manager_C,Pending,1027738.53,1
RET0001324,PO0032116,VND00982,SKU3346,Raw Material,08/12/2022,Expired Product,171,2952.71,Manager_A,Processed,504913.41,1
RET0002984,PO0024508,VND00627,SKU3010,Machinery,12/06/2023,Wrong Quantity,49,2549.75,,Rejected,124937.75,1
RET0001981,PO0043975,VND00563,SKU4717,Textiles,01/14/2024,Wrong Quantity,152,2298.72,,Processed,349405.44,1
RET0000396,PO0003178,VND00534,SKU3823,Machinery,11/20/2024,Quality Failure,460,1701.73,Manager_C,Processed,782795.8,1
RET0000553,PO0036398,VND00935,SKU4060,Spare Parts,06/15/2022,Over Shipment,119,1012.9,,Processed,120535.1,1
RET0002318,PO0004671,VND00057,SKU5685,IT Equipment,10/17/2023,wrong quantity,153,4770.27,Manager_A,Processed,729851.31,1
RET0002669,PO0034791,VND00359,SKU1647,Raw Material,08/18/2023,,101,1686.07,Manager_B,Pending,170293.07,1
RET0004337,PO0036846,VND00756,SKU5470,Raw Material,01/17/2022,Over Shipment,470,4681.05,Manager_A,Processed,2200093.5,1
RET0001937,PO0002550,VND00504,SKU2520,Chemicals,06/22/2024,Quality Failure,83,3403.86,Manager_A,Processed,282520.38,1
RET0000304,PO0046176,VND00176,SKU5908,Spare Parts,03/07/2024,Wrong Item Delivered,370,916.9,Manager_B,Processed,339253,1
RET0004637,PO0012351,VND00334,SKU3855,Textiles,11/17/2024,Damaged Packaging,183,3410.2,,Processed,624066.6,1
RET0000563,PO0026333,VND00784,SKU4385,Chemicals,05/07/2023,Expired Product,289,3841.34,,Processed,1110147.26,1
RET0005000,PO0000428,VND00681,SKU3214,IT Equipment,03/01/2022,Over Shipment,231,2760.52,Manager_C,Processed,637680.12,1
RET0004422,PO0047405,VND00955,SKU2673,Raw Material,02/22/2022,Quality Failure,400,4146.21,Manager_C,Pending,1658484,1
RET0004858,PO0021258,VND00981,SKU5128,Spare Parts,05/06/2021,Damaged Packaging,80,2625.24,Manager_C,Processed,210019.2,1
RET0002247,PO0004752,VND00487,SKU5269,Machinery,12/22/2021,Damaged Packaging,197,1322.73,Manager_C,Pending,260577.81,1
RET0001410,PO0033663,VND00721,SKU1316,Spare Parts,03/20/2023,Wrong Quantity,279,679.47,,Pending,189572.13,1
RET0002826,PO0016225,VND00274,SKU4547,Machinery,11/13/2024,Defective Item,130,3838.01,Manager_C,Pending,498941.3,1
RET0000399,PO0006990,VND00058,SKU2090,Raw Material,11/25/2022,Quality Failure,275,2439.66,Manager_C,Pending,670906.5,1
RET0004582,PO0016936,VND00564,SKU1405,Chemicals,03/23/2021,Wrong Item Delivered,357,4497.14,Manager_A,Processed,1605478.98,1
RET0001314,PO0004115,VND00836,SKU4784,Spare Parts,02/08/2021,Expired Product,270,156.94,,Pending,42373.8,1
RET0001212,PO0020171,VND00733,SKU2404,Raw Material,07/21/2024,Expired Product,210,1497.37,Manager_B,Rejected,314447.7,1
RET0004215,PO0044240,VND00471,SKU3349,Textiles,07/23/2022,Quality Failure,106,4881.42,,Processed,517430.52,1
RET0000583,PO0017604,VND00589,SKU4849,Spare Parts,05/29/2021,Damaged Packaging,97,4625.69,,Pending,448691.93,1
RET0001219,PO0020242,VND00928,SKU4314,Raw Material,01/28/2023,,166,3254.1,Manager_C,Pending,540180.6,1
RET0000736,PO0047266,VND00292,SKU3044,IT Equipment,08/25/2023,Quality Failure,221,839.07,,Processed,185434.47,1
RET0002238,PO0022214,VND00050,SKU3108,Raw Material,11/01/2023,Wrong Quantity,173,3535.98,Manager_C,Processed,611724.54,1
RET0003241,PO0046585,VND00809,SKU1165,Electronics,05/03/2021,Damaged Packaging,42,2472.13,,Processed,103829.46,1
RET0002418,PO0005114,VND00651,SKU3236,IT Equipment,01/14/2023,Damaged Packaging,139,1933.54,Manager_A,Processed,268762.06,1
RET0000433,PO0038992,VND00274,SKU2347,Spare Parts,04/11/2021,Damaged Packaging,27,3400.98,,Processed,91826.46,1
RET0000315,PO0016112,VND00368,SKU5855,Raw Material,01/01/2024,Quality Failure,446,3724.62,Manager_B,Processed,1661180.52,1
RET0003383,PO0046303,VND00186,SKU3593,Machinery,06/28/2021,Defective Item,167,3272.33,,Processed,546479.11,1
RET0002010,PO0026190,VND00625,SKU1071,Chemicals,05/27/2024,Defective Item,494,3015.36,Manager_C,Rejected,1489587.84,1
RET0003085,PO0018307,VND00898,SKU5635,Chemicals,04/25/2023,Damaged Packaging,468,2338.79,,Rejected,1094553.72,1
RET0004312,PO0020564,VND00428,SKU2883,Chemicals,03/16/2023,Expired Product,174,4761.16,,Processed,828441.84,1
RET0003549,PO0042567,VND00641,SKU5240,Textiles,04/26/2021,Quality Failure,78,2572.21,Manager_A,Processed,200632.38,1
RET0000863,PO0036028,VND00335,SKU1281,Electronics,07/12/2023,Defective Item,373,3809.44,Manager_A,Processed,1420921.12,1
RET0003272,PO0027521,VND00369,SKU3779,Chemicals,08/23/2024,Defective Item,155,1005.52,Manager_B,Processed,155855.6,1
RET0000594,PO0013735,VND00330,SKU4165,IT Equipment,02/11/2023,Defective Item,349,3587.63,Manager_A,Processed,1252082.87,1
RET0002062,PO0006775,VND00722,SKU3261,Spare Parts,03/22/2023,Defective Item,9,4880.39,Manager_B,Processed,43923.51,1
RET0002324,PO0036160,VND00335,SKU5532,Electronics,10/29/2022,Damaged Packaging,485,1802.45,Manager_A,Processed,874188.25,1
RET0001032,PO0004922,VND00906,SKU3254,Electronics,06/21/2022,over shipment,209,778.82,Manager_C,Processed,162773.38,1
RET0003136,PO0029956,VND00765,SKU4904,Raw Material,10/01/2022,Wrong Quantity,71,3458.32,Manager_C,Processed,245540.72,1
RET0004191,PO0040441,VND00162,SKU4886,Textiles,11/06/2021,Defective Item,372,1419.52,,Processed,528061.44,1
RET0002081,PO0035782,VND00679,SKU1236,Chemicals,01/31/2022,Wrong Item Delivered,209,4565.54,Manager_C,Processed,954197.86,1
RET0004728,PO0007721,VND00698,SKU5714,Electronics,09/18/2023,Over Shipment,273,1404.74,,Pending,383494.02,1
RET0001982,PO0021666,VND00515,SKU2181,Textiles,07/16/2022,Damaged Packaging,411,3691.74,Manager_A,Pending,1517305.14,1
RET0001577,PO0044719,VND00735,SKU3706,Chemicals,10/05/2023,Wrong Quantity,206,1176.74,,,242408.44,1
RET0003458,PO0027014,VND00904,SKU3676,Machinery,03/14/2024,Damaged Packaging,51,1167.91,,Rejected,59563.41,1
RET0001569,PO0002326,VND00435,SKU2271,Chemicals,01/25/2021,Quality Failure,473,1206.23,,Processed,570546.79,1
RET0004395,PO0027960,VND00091,SKU5719,Chemicals,11/24/2022,Wrong Item Delivered,32,2762.46,Manager_C,Processed,88398.72,1
RET0001990,PO0003279,VND00211,SKU5073,IT Equipment,10/09/2023,wrong quantity,106,3878.91,,Pending,411164.46,1
RET0001051,PO0019688,VND00353,SKU2346,Textiles,04/30/2024,Quality Failure,373,3422.02,,Processed,1276413.46,1
RET0001387,PO0016221,VND00694,SKU4860,Machinery,09/21/2021,Expired Product,20,681.71,,Processed,13634.2,1
RET0000979,PO0008259,VND00264,SKU2553,Packaging,09/05/2024,Damaged Packaging,39,4481.77,Manager_B,Pending,174789.03,1
RET0003776,PO0030235,VND00797,SKU5523,Chemicals,07/06/2023,Wrong Quantity,76,4461.08,Manager_A,Processed,339042.08,1
RET0004870,PO0037411,VND00474,SKU2851,Spare Parts,11/03/2021,Wrong Item Delivered,196,1611.83,Manager_B,Processed,315918.68,1
RET0001016,PO0034555,VND00183,SKU4599,Raw Material,08/19/2021,Expired Product,18,1431.33,,Processed,25763.94,1
RET0003696,PO0014043,VND00524,SKU5730,Spare Parts,08/12/2024,Defective Item,479,2236.3,Manager_B,Pending,1071187.7,1
RET0000307,PO0039668,VND00998,SKU5589,Textiles,03/07/2022,Quality Failure,116,1752.57,Manager_B,Pending,203298.12,1
RET0002899,PO0033785,VND00529,SKU2351,IT Equipment,01/23/2024,Expired product,162,1049.6,,Processed,170035.2,1
RET0003395,PO0003721,VND00888,SKU3877,Raw Material,12/15/2021,Wrong Quantity,357,2132.25,,Processed,761213.25,1
RET0000856,PO0009046,VND00978,SKU3999,Spare Parts,01/03/2023,Wrong Quantity,251,1466.1,Manager_A,Pending,367991.1,1
RET0004475,PO0024668,VND00385,SKU5340,IT Equipment,04/21/2022,Wrong Item Delivered,300,4056.33,Manager_C,Rejected,1216899,1
RET0002612,PO0011647,VND00429,SKU4268,Machinery,02/10/2024,Wrong Item,464,4609.74,Manager_B,Pending,2138919.36,1
RET0004324,PO0000716,VND00007,SKU3230,Chemicals,02/05/2022,Damaged Packaging,47,117.59,Manager_B,Processed,5526.73,1
RET0004039,PO0043562,VND00358,SKU1403,Chemicals,06/10/2022,Wrong Quantity,121,4402.18,Manager_B,Rejected,532663.78,1
RET0003971,PO0045645,VND00275,SKU2288,Packaging,04/24/2021,Wrong Item Delivered,197,4447.21,Manager_C,Pending,876100.37,1
RET0002864,PO0040068,VND00062,SKU5513,Textiles,11/17/2024,Over Shipment,463,4190.35,Manager_A,Pending,1940132.05,1
RET0002455,PO0001927,VND00341,SKU2542,Machinery,05/02/2022,Over Shipment,237,844.42,Manager_C,Processed,200127.54,1
RET0002305,PO0040210,VND00093,SKU2344,Spare Parts,01/07/2022,Wrong Item Delivered,32,4016.66,Manager_B,Processed,128533.12,1
RET0000557,PO0002576,VND00293,SKU2381,IT Equipment,07/12/2021,Expired Product,199,222.96,Manager_C,Processed,44369.04,1
RET0002813,PO0027690,VND00784,SKU5941,Textiles,06/02/2022,Wrong Item Delivered,172,3717.17,Manager_C,Pending,639353.24,1
RET0003044,PO0048839,VND00021,SKU5907,Chemicals,11/21/2021,Expired Product,407,4712.44,,Pending,1917963.08,1
RET0003333,PO0020984,VND00683,SKU2224,Chemicals,07/14/2021,Defective Item,200,682.63,Manager_B,Processed,136526,1
RET0000918,PO0045471,VND00135,SKU2155,Chemicals,11/02/2024,Defective Item,445,458.81,Manager_B,Pending,204170.45,1
RET0004718,PO0023110,VND00797,SKU3975,Electronics,11/12/2022,Defective Item,471,408.94,Manager_B,Pending,192610.74,1
RET0004795,PO0022746,VND00703,SKU1876,Spare Parts,09/28/2023,damaged packaging,153,2722.02,,Processed,416469.06,1
RET0002894,PO0023350,VND00502,SKU4841,IT Equipment,12/11/2024,Over Shipment,155,1856.01,,Processed,287681.55,1
RET0002053,PO0011950,VND00643,SKU3336,Textiles,10/04/2022,Damaged Packaging,162,762.74,Manager_C,Processed,123563.88,1
RET0002369,PO0020114,VND00418,SKU4103,IT Equipment,03/03/2021,Wrong Quantity,286,2492.21,Manager_A,Processed,712772.06,1
RET0003269,PO0004932,VND00172,SKU3619,Electronics,06/05/2022,Wrong Item Delivered,249,498.39,Manager_C,Processed,124099.11,1
RET0001458,PO0021879,VND00600,SKU3551,Spare Parts,02/13/2023,Wrong Item Delivered,10,1374.71,Manager_A,Processed,13747.1,1
RET0003584,PO0049701,VND00907,SKU1128,Raw Material,07/06/2023,Quality Failure,301,2257.38,,Processed,679471.38,1
RET0003256,PO0045903,VND00363,SKU1903,Chemicals,03/17/2022,over shipment,445,2757.45,Manager_B,Processed,1227065.25,1
RET0002738,PO0036545,VND00505,SKU3625,Chemicals,05/07/2021,Damaged Packaging,98,1740.1,Manager_A,Processed,170529.8,1
RET0000716,PO0028363,VND00724,SKU1668,Spare Parts,05/23/2023,Quality Failure,67,3273.64,Manager_A,Processed,219333.88,1
RET0000884,PO0048814,VND00134,SKU5563,Electronics,08/03/2022,Wrong Quantity,364,902.97,Manager_C,Processed,328681.08,1
RET0004138,PO0021375,VND00421,SKU5205,Spare Parts,11/09/2024,Damaged Packaging,216,3329.35,Manager_C,Pending,719139.6,1
RET0003578,PO0005605,VND00018,SKU3548,Machinery,10/16/2023,Damaged Packaging,192,2627.17,Manager_A,Pending,504416.64,1
RET0001810,PO0007377,VND00155,SKU5063,IT Equipment,06/02/2024,Defective Item,94,2317.95,Manager_B,Processed,217887.3,1
RET0000687,PO0031140,VND00715,SKU4653,Spare Parts,08/31/2022,Expired Product,102,1287,Manager_B,Pending,131274,1
RET0003568,PO0006506,VND00611,SKU4842,Raw Material,08/29/2023,Defective Item,250,4460.19,Manager_B,Processed,1115047.5,1
RET0004683,PO0018424,VND00320,SKU2238,Raw Material,11/11/2021,Expired Product,59,787.56,Manager_A,Processed,46466.04,1
RET0004385,PO0014417,VND00660,SKU2356,Raw Material,09/24/2024,Expired Product,251,1745.38,Manager_B,Processed,438090.38,1
RET0002154,PO0036045,VND00861,SKU1880,Textiles,07/22/2022,Over Shipment,242,2335.63,Manager_C,Pending,565222.46,1
RET0000279,PO0031142,VND00723,SKU3588,Raw Material,11/19/2024,Wrong Item,245,4859.69,Manager_B,Processed,1190624.05,1
RET0002349,PO0025269,VND00788,SKU1235,Textiles,01/25/2022,Damaged Packaging,384,1820.11,,Rejected,698922.24,1
RET0004994,PO0037393,VND00501,SKU2584,IT Equipment,08/12/2024,Wrong Quantity,465,4056.11,Manager_C,Pending,1886091.15,1
RET0002600,PO0009034,VND00889,SKU3789,Spare Parts,11/04/2022,Damaged Packaging,392,1721.73,,Pending,674918.16,1
RET0000242,PO0029486,VND00198,SKU5752,IT Equipment,04/06/2022,Quality Failure,79,1017.07,,Pending,80348.53,1
RET0000719,PO0014995,VND00937,SKU2097,Chemicals,06/11/2023,Expired Product,371,3560.35,Manager_A,Processed,1320889.85,1
RET0000120,PO0049688,VND00728,SKU4178,Chemicals,08/19/2024,Expired Product,173,4528.46,Manager_B,Processed,783423.58,1
RET0004802,PO0008883,VND00850,SKU5381,Electronics,11/15/2021,Wrong Quantity,29,4703.86,Manager_C,,136411.94,1
RET0004100,PO0019778,VND00287,SKU2289,Spare Parts,05/09/2022,Expired Product,263,229.91,Manager_C,Processed,60466.33,1
RET0001872,PO0023664,VND00378,SKU1993,Textiles,05/09/2023,Wrong Item Delivered,292,890.76,Manager_B,Processed,260101.92,1
RET0002663,PO0039347,VND00840,SKU2053,Chemicals,02/21/2021,Damaged Packaging,55,2651.02,Manager_C,Processed,145806.1,1
RET0004327,PO0049706,VND00309,SKU4072,Textiles,08/18/2022,Wrong Quantity,404,1717.02,Manager_C,Rejected,693676.08,1
RET0000447,PO0010079,VND00556,SKU1994,Textiles,07/23/2022,Over Shipment,81,1852.69,Manager_C,Processed,150067.89,1
RET0004918,PO0048251,VND00116,SKU5581,Electronics,08/12/2022,Wrong Quantity,355,2243.88,Manager_A,Processed,796577.4,1
RET0004743,PO0006740,VND00393,SKU2775,Electronics,01/17/2021,Quality Failure,405,903.67,Manager_A,Rejected,365986.35,1
RET0000294,PO0003251,VND00346,SKU2714,Chemicals,05/02/2023,Defective Item,30,1946.01,Manager_C,Processed,58380.3,1
RET0001812,PO0011836,VND00768,SKU5028,Textiles,06/08/2022,Defective Item,471,3718.97,,Pending,1751634.87,1
RET0001357,PO0032029,VND00121,SKU2571,Raw Material,05/18/2022,Quality Failure,352,2729.35,Manager_A,Processed,960731.2,1
RET0000172,PO0046627,VND00135,SKU2984,IT Equipment,03/18/2022,Expired Product,446,1073.92,Manager_C,Processed,478968.32,1
RET0003681,PO0029792,VND00739,SKU4639,Packaging,06/26/2024,Damaged Packaging,428,2324.3,,Processed,994800.4,1
RET0000284,PO0008384,VND00952,SKU1745,Electronics,08/30/2023,Wrong Item Delivered,497,1312.62,Manager_B,Pending,652372.14,1
RET0002613,PO0010498,VND00311,SKU2638,Spare Parts,01/13/2021,Over Shipment,489,3374.89,,Pending,1650321.21,1
RET0004449,PO0004524,VND00834,SKU1407,Electronics,01/23/2022,,19,3557.32,,Processed,67589.08,1
RET0003394,PO0042944,VND00822,SKU2077,IT Equipment,12/30/2024,Quality Failure,223,3689.71,,Pending,822805.33,1
RET0004463,PO0044122,VND00041,SKU3359,Chemicals,04/15/2023,Damaged Packaging,69,2365.44,Manager_A,Processed,163215.36,1
RET0002408,PO0034461,VND00743,SKU5507,IT Equipment,02/09/2022,Defective Item,64,4420.54,Manager_A,Processed,282914.56,1
RET0003655,PO0030047,VND00845,SKU1068,Electronics,04/15/2022,Wrong Quantity,224,235.9,,Processed,52841.6,1
RET0001683,PO0046486,VND00620,SKU2339,Packaging,12/04/2022,Expired Product,82,3835.27,Manager_A,Processed,314492.14,1
RET0004363,PO0004979,VND00118,SKU5792,Chemicals,09/06/2022,,44,227.44,Manager_A,Processed,10007.36,1
RET0003325,PO0038144,VND00806,SKU3733,Chemicals,03/29/2022,Expired Product,483,2373,Manager_A,Processed,1146159,1
RET0003007,PO0003629,VND00135,SKU1209,Spare Parts,09/25/2022,,109,1773.01,Manager_B,Rejected,193258.09,1
RET0000466,PO0024208,VND00515,SKU2578,Textiles,10/16/2021,Quality Failure,373,2338,Manager_C,,872074,1
RET0001494,PO0040732,VND00025,SKU5860,Machinery,05/17/2021,Quality Failure,460,2733.51,Manager_B,Pending,1257414.6,1
RET0000295,PO0012320,VND00999,SKU2373,IT Equipment,03/08/2022,Wrong Item Delivered,7,550.96,Manager_C,Processed,3856.72,1
RET0001150,PO0002622,VND00340,SKU2664,Textiles,02/21/2024,Wrong Item Delivered,297,1999.72,Manager_C,Pending,593916.84,1
RET0001596,PO0029738,VND00284,SKU1428,Machinery,03/25/2024,Damaged Packaging,271,4978.22,Manager_B,Pending,1349097.62,1
RET0000922,PO0007369,VND00052,SKU3485,Chemicals,07/06/2022,Damaged Packaging,99,4697.79,Manager_B,Processed,465081.21,1
RET0004195,PO0044005,VND00226,SKU3939,Machinery,08/18/2024,Over Shipment,386,3655.01,Manager_A,Pending,1410833.86,1
RET0002115,PO0011027,VND00574,SKU4906,Textiles,02/18/2022,Wrong Quantity,158,1998.98,,Processed,315838.84,1
RET0001999,PO0019609,VND00781,SKU1984,Textiles,12/18/2024,,426,1025.31,Manager_B,Processed,436782.06,1
RET0000376,PO0045876,VND00176,SKU5521,Packaging,10/23/2021,Wrong Quantity,56,1428,Manager_B,Processed,79968,1
RET0003900,PO0014629,VND00521,SKU4893,Textiles,06/18/2021,Wrong Quantity,331,3249.09,,Processed,1075448.79,1
RET0001499,PO0003660,VND00162,SKU1805,Machinery,10/16/2024,Wrong Item Delivered,410,1206.47,Manager_B,Pending,494652.7,1
RET0003212,PO0000099,VND00446,SKU1931,Textiles,07/16/2023,Quality Failure,16,308.45,Manager_B,,4935.2,1
RET0001467,PO0044227,VND00036,SKU3581,Machinery,11/14/2021,Defective Item,40,1051.01,Manager_B,Processed,42040.4,1
RET0004865,PO0036202,VND00726,SKU2193,IT Equipment,01/29/2023,,393,3514.4,Manager_B,Pending,1381159.2,1
RET0002606,PO0003470,VND00191,SKU3160,IT Equipment,07/19/2022,Wrong Item,487,1021.96,Manager_A,Processed,497694.52,1
RET0000036,PO0029264,VND00922,SKU5106,Chemicals,06/01/2022,Wrong Quantity,85,580.3,Manager_B,Processed,49325.5,1
RET0004378,PO0004332,VND00818,SKU3451,Raw Material,10/13/2024,Defective Item,364,3675.55,Manager_B,Pending,1337900.2,1
RET0003569,PO0044203,VND00133,SKU1096,Machinery,10/04/2022,Quality Failure,265,333.76,Manager_A,Processed,88446.4,1
RET0003867,PO0030747,VND00035,SKU2565,Spare Parts,06/18/2024,Expired Product,387,209.48,Manager_B,Pending,81068.76,1
RET0001898,PO0040706,VND00209,SKU1254,Electronics,04/20/2021,Wrong Item Delivered,269,4120.8,Manager_C,Pending,1108495.2,1
RET0003008,PO0023882,VND00616,SKU2979,Packaging,01/07/2024,Defective Item,270,69.8,Manager_C,Rejected,18846,1
RET0000393,PO0003000,VND00398,SKU4317,Chemicals,09/16/2024,Expired Product,191,2107.58,Manager_A,Processed,402547.78,1
RET0004293,PO0040943,VND00057,SKU5884,Spare Parts,12/28/2022,Over Shipment,165,3191.97,Manager_B,Pending,526675.05,1
RET0003897,PO0046280,VND00111,SKU4711,Raw Material,01/25/2023,Quality Failure,171,3763.87,Manager_C,Processed,643621.77,1
RET0001675,PO0032018,VND00186,SKU2858,Electronics,05/25/2022,Over Shipment,275,719.28,Manager_C,Processed,197802,1
RET0003924,PO0007903,VND00530,SKU5531,Raw Material,12/23/2021,Quality Failure,24,1405.89,Manager_B,Processed,33741.36,1
RET0002034,PO0010344,VND00349,SKU3475,Machinery,07/08/2021,Wrong Item,284,1633.83,Manager_A,Processed,464007.72,1
RET0000200,PO0049355,VND00925,SKU2557,Raw Material,10/11/2021,Expired Product,148,3822.48,Manager_C,Processed,565727.04,1
RET0000826,PO0024116,VND00786,SKU2603,Textiles,06/13/2022,Defective Item,41,4878.01,,Pending,199998.41,1
RET0002631,PO0041276,VND00784,SKU2730,Electronics,06/21/2021,Wrong Quantity,424,183.34,Manager_B,Pending,77736.16,1
RET0001354,PO0040388,VND00218,SKU1593,IT Equipment,07/21/2024,Wrong Quantity,403,736.06,Manager_B,Processed,296632.18,1
RET0001782,PO0020688,VND00670,SKU2224,Packaging,03/13/2023,expiry,52,1824.91,,Pending,94895.32,1
RET0002756,PO0010353,VND00075,SKU2755,Chemicals,01/06/2023,Defective Item,86,1504.93,Manager_B,Pending,129423.98,1
RET0003130,PO0011114,VND00730,SKU5161,Spare Parts,02/06/2023,Damaged Packaging,418,3435.69,Manager_C,Pending,1436118.42,1
RET0000913,PO0029568,VND00958,SKU5529,Machinery,10/25/2023,Expired Product,141,2178.29,Manager_C,Pending,307138.89,1
RET0001055,PO0031901,VND00255,SKU2060,Spare Parts,07/11/2022,Over Shipment,173,520.72,Manager_B,Pending,90084.56,1
RET0002216,PO0000338,VND00326,SKU5531,Raw Material,12/05/2022,Wrong Quantity,388,897.28,Manager_A,Processed,348144.64,1
RET0002890,PO0011390,VND00580,SKU5803,Electronics,01/26/2021,Quality Failure,261,4239.32,Manager_B,,1106462.52,1
RET0002071,PO0038134,VND00445,SKU4447,Electronics,06/27/2024,Damaged Packaging,262,4576.12,,Pending,1198943.44,1
RET0003576,PO0005993,VND00147,SKU5587,Spare Parts,11/01/2024,Wrong Item Delivered,295,3223.57,Manager_A,Pending,950953.15,1
RET0004207,PO0036237,VND00666,SKU2479,Machinery,05/10/2023,over shipment,173,4105.68,Manager_A,Processed,710282.64,1
RET0001860,PO0005254,VND00353,SKU4458,Chemicals,11/05/2021,Defective Item,80,2046.17,Manager_C,Processed,163693.6,1
RET0001405,PO0039529,VND00874,SKU5390,IT Equipment,08/13/2024,Wrong Item Delivered,479,4580.41,Manager_A,Processed,2194016.39,1
RET0001533,PO0016680,VND00083,SKU2484,Textiles,07/20/2022,Wrong Item Delivered,215,1716.22,Manager_B,Processed,368987.3,1
RET0001091,PO0007970,VND00247,SKU4167,Electronics,01/08/2023,Damaged Packaging,7,3483.81,,Processed,24386.67,1
RET0004283,PO0029884,VND00835,SKU1218,Packaging,06/06/2022,Damaged Packaging,270,1753.32,Manager_C,Processed,473396.4,1
RET0003425,PO0040762,VND00541,SKU4704,Raw Material,09/19/2024,Wrong Item Delivered,338,675.33,,Rejected,228261.54,1
RET0002898,PO0007224,VND00977,SKU4259,Chemicals,01/11/2022,Wrong Quantity,344,2087.21,,Rejected,718000.24,1
RET0002675,PO0011515,VND00015,SKU5098,Raw Material,01/20/2021,Wrong Quantity,77,367.71,,Processed,28313.67,1
RET0002636,PO0009322,VND00432,SKU2589,Textiles,02/16/2022,Damaged Packaging,50,2919.35,Manager_C,Pending,145967.5,1
RET0001048,PO0021426,VND00639,SKU2012,Chemicals,02/13/2022,Expired Product,327,1990.33,Manager_C,Processed,650837.91,1
RET0000573,PO0047676,VND00094,SKU5810,Machinery,03/30/2022,Defective Item,196,4355.08,Manager_A,Processed,853595.68,1
RET0004137,PO0036428,VND00627,SKU5407,Raw Material,09/08/2021,Over Shipment,258,779.56,Manager_B,Processed,201126.48,1
RET0003158,PO0003097,VND00898,SKU2372,Raw Material,08/13/2022,Over Shipment,310,3351.72,Manager_B,Pending,1039033.2,1
RET0002802,PO0014037,VND00614,SKU4554,Electronics,11/14/2024,Quality Failure,18,608.95,Manager_C,Processed,10961.1,1
RET0003558,PO0000470,VND00354,SKU2666,Spare Parts,01/31/2021,Damaged Packaging,440,2974.26,Manager_C,Pending,1308674.4,1
RET0003124,PO0001303,VND00767,SKU5710,Spare Parts,05/12/2023,Over Shipment,18,4618.04,Manager_A,Processed,83124.72,1
RET0002654,PO0017788,VND00301,SKU3853,Raw Material,12/23/2022,Over Shipment,185,737.23,Manager_B,Processed,136387.55,1
RET0004125,PO0008425,VND00673,SKU3212,Textiles,10/15/2021,Over Shipment,484,3901.13,Manager_A,Processed,1888146.92,1
RET0004845,PO0028646,VND00186,SKU2423,IT Equipment,06/30/2021,Defective Item,467,2605.67,Manager_B,Pending,1216847.89,1
RET0002017,PO0044945,VND00025,SKU3727,Electronics,07/17/2023,Damaged Packaging,329,1858.59,Manager_A,Pending,611476.11,1
RET0003676,PO0030450,VND00541,SKU4426,Spare Parts,01/18/2024,Quality Failure,45,4260.04,Manager_A,Pending,191701.8,1
RET0001086,PO0006855,VND00423,SKU2621,Raw Material,12/10/2024,Quality Failure,340,1325.15,Manager_C,Pending,450551,1
RET0002404,PO0026129,VND00395,SKU4069,Machinery,12/24/2023,Wrong Quantity,483,3352.92,Manager_B,Processed,1619460.36,1
RET0003232,PO0043045,VND00335,SKU2472,Packaging,05/23/2022,Defective Item,472,4205,,Processed,1984760,1
RET0000123,PO0014173,VND00314,SKU3270,Spare Parts,07/20/2021,Damaged Packaging,357,1396.3,Manager_B,Pending,498479.1,1
RET0003337,PO0023575,VND00782,SKU2450,Spare Parts,05/02/2023,Damaged Packaging,444,2315.96,Manager_C,Processed,1028286.24,1
RET0002406,PO0024149,VND00151,SKU3872,Packaging,07/17/2021,Over Shipment,197,4089.27,,Pending,805586.19,1
RET0003017,PO0045851,VND00127,SKU4790,Machinery,06/08/2022,Over Shipment,107,2068.55,Manager_C,Processed,221334.85,1
RET0001099,PO0032616,VND00304,SKU3027,Machinery,02/18/2023,Expired Product,387,3123.26,Manager_A,Rejected,1208701.62,1
RET0003811,PO0040126,VND00729,SKU3106,IT Equipment,02/01/2021,Wrong Quantity,53,3228.75,,Pending,171123.75,1
RET0004473,PO0011491,VND00531,SKU4700,Textiles,01/12/2022,Damaged Packaging,413,624.68,Manager_B,Pending,257992.84,1
RET0001612,PO0046324,VND00204,SKU1867,Spare Parts,02/12/2022,,445,4077.67,Manager_A,Rejected,1814563.15,1
RET0002782,PO0049566,VND00069,SKU4400,IT Equipment,11/06/2021,Wrong Quantity,339,3494.23,Manager_B,Processed,1184543.97,1
RET0001101,PO0024801,VND00741,SKU3739,Machinery,05/25/2021,Expired Product,56,2740.22,Manager_A,Processed,153452.32,1
RET0000389,PO0026691,VND00138,SKU3755,Machinery,07/16/2024,,337,622.13,Manager_C,Processed,209657.81,1
RET0003195,PO0027392,VND00733,SKU5655,Raw Material,09/26/2023,Defective Item,407,3914.33,Manager_A,Processed,1593132.31,1
RET0004295,PO0041243,VND00163,SKU1185,Machinery,05/26/2022,Wrong Quantity,298,3591.6,,Processed,1070296.8,1
RET0000012,PO0039610,VND00595,SKU5846,Machinery,11/11/2021,Quality Failure,28,3457.73,Manager_A,Pending,96816.44,1
RET0003431,PO0002450,VND00810,SKU4749,Raw Material,12/03/2023,Quality Failure,26,2598.95,Manager_B,Processed,67572.7,1
RET0002515,PO0002230,VND00628,SKU5743,Spare Parts,03/20/2023,Quality Failure,284,2369.28,Manager_C,Processed,672875.52,1
RET0003247,PO0038819,VND00861,SKU4052,Machinery,04/18/2021,Wrong Item Delivered,353,14.31,,Rejected,5051.43,1
RET0003981,PO0015657,VND00607,SKU4633,Electronics,04/19/2023,Damaged Packaging,482,2153.13,Manager_B,Pending,1037808.66,1
RET0001746,PO0035871,VND00837,SKU3007,Chemicals,12/29/2021,Defective Item,380,718.57,Manager_B,Processed,273056.6,1
RET0002641,PO0006305,VND00577,SKU5357,Spare Parts,05/30/2023,Expired Product,146,161.71,Manager_B,Processed,23609.66,1
RET0000207,PO0045171,VND00851,SKU4666,Packaging,09/06/2022,Quality Failure,464,3850.81,Manager_C,Pending,1786775.84,1
RET0000820,PO0013254,VND00917,SKU2121,Chemicals,08/08/2022,Quality Failure,381,2016.72,Manager_C,Processed,768370.32,1
RET0001005,PO0042765,VND00922,SKU1547,Packaging,03/10/2024,Over Shipment,70,558.99,Manager_A,Processed,39129.3,1
RET0000208,PO0039659,VND00059,SKU1533,Chemicals,08/15/2023,Quality Failure,250,1354.11,Manager_B,Pending,338527.5,1
RET0001965,PO0018356,VND00696,SKU1412,Spare Parts,04/06/2022,Defective Item,366,4711.8,Manager_C,Processed,1724518.8,1
RET0000442,PO0007286,VND00032,SKU5447,IT Equipment,03/24/2021,Expired Product,346,3334.41,Manager_C,Pending,1153705.86,1
RET0002875,PO0036665,VND00470,SKU1630,Raw Material,03/22/2023,Over Shipment,332,409.34,Manager_A,Processed,135900.88,1
RET0002831,PO0023207,VND00133,SKU2051,Textiles,01/06/2023,Expired Product,127,986.15,Manager_A,Processed,125241.05,1
RET0000508,PO0011558,VND00386,SKU5793,Electronics,01/12/2021,Defective Item,309,1938.89,Manager_B,Processed,599117.01,1
RET0001276,PO0020786,VND00883,SKU2697,Raw Material,10/01/2022,Wrong Quantity,5,3279.3,Manager_B,Processed,16396.5,1
RET0003538,PO0020385,VND00366,SKU1141,Electronics,10/15/2021,Defective Item,230,1831.59,,Pending,421265.7,1
RET0004810,PO0038538,VND00291,SKU5003,IT Equipment,03/02/2022,Expired,153,122.23,Manager_C,Rejected,18701.19,1
RET0002520,PO0001443,VND00686,SKU1652,Packaging,04/21/2024,Expired Product,137,4394.33,Manager_A,Processed,602023.21,1
RET0000903,PO0036330,VND00552,SKU4802,Raw Material,10/06/2024,Expired Product,382,3636.32,,Processed,1389074.24,1
RET0004377,PO0003150,VND00975,SKU1603,Machinery,05/06/2021,Over Shipment,250,4707.54,Manager_B,Processed,1176885,1
RET0000119,PO0005251,VND00072,SKU4584,Raw Material,07/22/2022,Over Shipment,150,2694.6,,Processed,404190,1
RET0001781,PO0014649,VND00383,SKU5536,Machinery,06/06/2021,Defective Item,231,669.39,Manager_A,Pending,154629.09,1
RET0004010,PO0023385,VND00785,SKU5140,Electronics,08/10/2024,Quality Failure,54,4825.68,Manager_C,Pending,260586.72,1
RET0003509,PO0014551,VND00191,SKU2489,Spare Parts,09/29/2023,Damaged Packaging,496,3490.19,,Pending,1731134.24,1
RET0000058,PO0047651,VND00191,SKU3514,Raw Material,03/10/2022,Damaged Packaging,193,4898.89,Manager_A,Processed,945485.77,1
RET0000568,PO0009057,VND00383,SKU5948,IT Equipment,08/01/2021,Expired Product,35,1008.28,Manager_A,Processed,35289.8,1
RET0003011,PO0048580,VND00937,SKU2943,Electronics,07/13/2024,Over Shipment,393,99.78,Manager_C,Pending,39213.54,1
RET0003285,PO0014046,VND00272,SKU1135,Raw Material,08/13/2023,Damaged Packaging,438,4156.67,Manager_B,Rejected,1820621.46,1
RET0004535,PO0039606,VND00205,SKU5530,Packaging,08/11/2023,Wrong Quantity,141,2528.57,Manager_A,Processed,356528.37,1
RET0003771,PO0002393,VND00571,SKU1081,Spare Parts,06/10/2023,Expired Product,257,4644.05,Manager_A,Pending,1193520.85,1
RET0000099,PO0048021,VND00605,SKU2790,Electronics,03/28/2024,Damaged Packaging,298,4361.69,Manager_B,Pending,1299783.62,1
RET0004306,PO0035440,VND00560,SKU5544,Machinery,03/08/2022,Over Shipment,32,3118.89,,Processed,99804.48,1
RET0004571,PO0007993,VND00132,SKU1025,Chemicals,12/22/2021,Expired Product,192,440.12,Manager_A,Pending,84503.04,1
RET0002744,PO0024711,VND00545,SKU2752,IT Equipment,03/15/2024,Defective Item,474,789.8,Manager_C,Processed,374365.2,1
RET0002241,PO0031701,VND00818,SKU5928,Chemicals,12/21/2024,Expired,378,2780.22,,Processed,1050923.16,1
RET0002996,PO0031638,VND00240,SKU1504,IT Equipment,12/04/2022,Expired Product,92,527.95,Manager_B,Processed,48571.4,1
RET0004321,PO0024953,VND00436,SKU5937,Textiles,10/04/2022,Quality Failure,273,49.27,Manager_C,Processed,13450.71,1
RET0002945,PO0035670,VND00473,SKU5062,Spare Parts,01/06/2022,Over Shipment,42,4121.05,Manager_C,Processed,173084.1,1
RET0002196,PO0003077,VND00730,SKU5439,Machinery,05/08/2022,Over Shipment,483,3007.53,,Processed,1452636.99,1
RET0004753,PO0020304,VND00778,SKU5880,Raw Material,10/25/2023,Damaged Packaging,301,3067.14,,Processed,923209.14,1
RET0000479,PO0025202,VND00269,SKU2519,Textiles,11/24/2024,Over Shipment,97,3678.2,,Rejected,356785.4,1
RET0002294,PO0019236,VND00583,SKU4519,IT Equipment,09/18/2024,Damaged Packaging,434,4757.93,Manager_A,Pending,2064941.62,1
RET0001672,PO0015407,VND00144,SKU3437,Raw Material,09/28/2022,Over Shipment,61,1434.66,Manager_B,Processed,87514.26,1
RET0004153,PO0031279,VND00154,SKU3385,Machinery,08/20/2024,Wrong Item Delivered,434,3760.41,Manager_B,Processed,1632017.94,1
RET0002279,PO0040839,VND00897,SKU2650,Packaging,01/16/2023,Wrong Quantity,340,2082.39,Manager_A,Processed,708012.6,1
RET0003938,PO0032768,VND00313,SKU5619,Raw Material,06/26/2022,Damaged Packaging,7,2502.44,Manager_B,Processed,17517.08,1
RET0004630,PO0025459,VND00556,SKU3858,Packaging,10/14/2021,Wrong Item Delivered,77,4523.32,Manager_B,Processed,348295.64,1
RET0000964,PO0028198,VND00302,SKU1969,Textiles,02/10/2022,Wrong Quantity,371,4315.52,Manager_B,Processed,1601057.92,1
RET0002354,PO0016444,VND00778,SKU4837,Spare Parts,11/07/2022,,329,4591.33,,Processed,1510547.57,1
RET0000305,PO0037176,VND00575,SKU5715,Electronics,10/05/2022,Wrong Item Delivered,246,1211.78,Manager_B,Processed,298097.88,1
RET0000047,PO0025098,VND00471,SKU3445,Spare Parts,07/23/2023,Wrong Quantity,399,3108.4,Manager_A,Processed,1240251.6,1
RET0004974,PO0045597,VND00975,SKU4620,Textiles,01/10/2022,Over Shipment,434,3112.58,Manager_B,Pending,1350859.72,1
RET0003485,PO0038627,VND00466,SKU1560,Textiles,12/31/2021,Over Shipment,476,4540.46,Manager_C,Processed,2161258.96,1
RET0003611,PO0022645,VND00860,SKU4434,Machinery,12/08/2021,Wrong Quantity,250,2920,Manager_A,Processed,730000,1
RET0000981,PO0030520,VND00994,SKU3988,Textiles,01/07/2022,Damaged Packaging,204,4502.33,Manager_C,Processed,918475.32,1
RET0000140,PO0011914,VND00291,SKU5941,IT Equipment,05/13/2021,Over Shipment,321,228.69,Manager_A,Processed,73409.49,1
RET0001355,PO0006478,VND00028,SKU4485,Electronics,02/25/2024,Wrong Item Delivered,429,4999.83,,Processed,2144927.07,1
RET0001623,PO0027201,VND00032,SKU2523,Raw Material,05/24/2023,Expired Product,441,1425.88,Manager_C,Processed,628813.08,1
RET0000661,PO0007034,VND00399,SKU1802,Electronics,07/17/2022,Quality Failure,3,734.28,Manager_A,Processed,2202.84,1
RET0004178,PO0021923,VND00955,SKU1566,IT Equipment,03/24/2023,Expired product,43,4312.11,Manager_C,Pending,185420.73,1
RET0004388,PO0018821,VND00558,SKU3819,IT Equipment,08/18/2024,Defective Item,71,4265.31,Manager_B,Processed,302837.01,1
RET0002958,PO0021186,VND00366,SKU3552,Electronics,10/05/2022,Quality Failure,55,2129.92,Manager_C,Processed,117145.6,1
RET0003170,PO0000319,VND00771,SKU1514,Packaging,09/06/2024,Over Shipment,440,1293.29,,Pending,569047.6,1
RET0003095,PO0025195,VND00379,SKU2417,Spare Parts,04/23/2022,Quality Failure,100,2153.66,,Pending,215366,1
RET0002211,PO0011009,VND00944,SKU5908,Chemicals,08/28/2023,Damaged Packaging,201,4697.31,Manager_A,,944159.31,1
RET0004280,PO0044877,VND00873,SKU2848,Machinery,02/07/2021,Wrong Quantity,295,1355.96,Manager_C,Pending,400008.2,1
RET0004881,PO0031989,VND00199,SKU5738,Machinery,07/26/2024,Damaged Packaging,53,898.11,Manager_A,Pending,47599.83,1
RET0002125,PO0041983,VND00532,SKU3818,Textiles,07/31/2021,Expired,35,1000.32,Manager_A,Processed,35011.2,1
RET0001790,PO0039064,VND00786,SKU3218,Raw Material,06/20/2023,Wrong Item delivered,141,4389.14,Manager_C,Processed,618868.74,1
RET0001277,PO0003579,VND00871,SKU5379,Raw Material,08/31/2023,,498,3461.88,Manager_C,Processed,1724016.24,1
RET0000437,PO0028454,VND00017,SKU3874,Raw Material,04/12/2024,Damaged Packaging,342,4178.05,,Processed,1428893.1,1
RET0003155,PO0045260,VND00736,SKU5281,Raw Material,10/01/2022,Defective Item,482,1492.62,Manager_A,Pending,719442.84,1
RET0003192,PO0021660,VND00766,SKU1827,Electronics,06/15/2023,Quality Failure,246,4373.08,Manager_A,Processed,1075777.68,1
RET0002796,PO0049169,VND00986,SKU4255,Packaging,05/07/2021,Over Shipment,486,2201.93,Manager_B,Pending,1070137.98,1
RET0003671,PO0023526,VND00634,SKU2037,IT Equipment,12/31/2023,Quality Failure,485,3617.1,Manager_B,Pending,1754293.5,1
RET0002252,PO0027156,VND00434,SKU2497,Chemicals,09/16/2023,Defective Item,4,3393.51,Manager_C,Processed,13574.04,1
RET0000551,PO0009480,VND00541,SKU3346,Machinery,05/23/2024,Over Shipment,447,4900.67,Manager_A,Pending,2190599.49,1
RET0004160,PO0045012,VND00972,SKU3020,Electronics,07/27/2022,Quality Failure,280,3639.54,Manager_A,Processed,1019071.2,1
RET0003762,PO0014679,VND00911,SKU2261,IT Equipment,08/05/2023,Wrong Item Delivered,433,3218.32,Manager_C,Pending,1393532.56,1
RET0004251,PO0048635,VND00172,SKU4806,Spare Parts,01/12/2024,Expired Product,421,2867.43,Manager_C,Processed,1207188.03,1
RET0003845,PO0023158,VND00823,SKU1783,Chemicals,01/15/2024,Expired Product,142,3712.8,,Pending,527217.6,1
RET0001066,PO0033083,VND00386,SKU3061,Spare Parts,01/06/2021,Over Shipment,132,3309.62,Manager_A,Pending,436869.84,1
RET0003505,PO0023507,VND00049,SKU2087,Textiles,01/12/2024,Damaged Packaging,404,2004.85,Manager_C,Rejected,809959.4,1
RET0003069,PO0033124,VND00727,SKU2065,Chemicals,04/18/2023,Expired Product,316,2145.56,,Processed,677996.96,1
RET0001020,PO0036905,VND00186,SKU4444,IT Equipment,12/01/2023,Quality Failure,197,4993.28,,Processed,983676.16,1
RET0000276,PO0011483,VND00324,SKU3208,Electronics,02/05/2024,Defective Item,391,2549.64,Manager_C,Processed,996909.24,1
RET0001529,PO0046084,VND00319,SKU4345,Raw Material,04/08/2021,Expired Product,124,4250.33,Manager_B,Processed,527040.92,1
RET0004197,PO0023023,VND00708,SKU3252,IT Equipment,11/21/2021,Quality Failure,339,4244.25,Manager_B,Processed,1438800.75,1
RET0000584,PO0021613,VND00529,SKU1011,Textiles,09/08/2024,Wrong Item,449,4445.3,Manager_B,Processed,1995939.7,1
RET0003626,PO0040512,VND00248,SKU2007,Textiles,03/16/2021,Quality Failure,215,2706.68,Manager_B,Pending,581936.2,1
RET0003131,PO0023830,VND00119,SKU4139,Raw Material,05/31/2023,Over Shipment,222,1362.7,Manager_A,Processed,302519.4,1
RET0000129,PO0035449,VND00942,SKU4300,Chemicals,11/28/2021,Quality Failure,294,691.85,Manager_B,Rejected,203403.9,1
RET0002262,PO0009685,VND00675,SKU4446,Electronics,03/03/2024,Quality Failure,357,1238.97,Manager_B,Pending,442312.29,1
RET0004861,PO0005785,VND00695,SKU2293,Raw Material,12/16/2022,Wrong Quantity,425,3218.34,Manager_A,Processed,1367794.5,1
RET0000252,PO0012606,VND00663,SKU1956,Spare Parts,08/02/2024,Defective Item,499,1017.68,Manager_B,Processed,507822.32,1
RET0003608,PO0033397,VND00669,SKU5136,Spare Parts,05/11/2021,Wrong Item Delivered,388,1960.37,Manager_A,Pending,760623.56,1
RET0003853,PO0017886,VND00270,SKU2234,Electronics,06/25/2024,Wrong Item Delivered,496,160.91,Manager_C,Pending,79811.36,1
RET0002096,PO0008311,VND00892,SKU3347,Chemicals,12/20/2021,,117,3058.33,Manager_B,Processed,357824.61,1
RET0003263,PO0008576,VND00216,SKU4699,Electronics,05/11/2021,Defective Item,129,2399.99,Manager_B,Processed,309598.71,1
RET0001887,PO0017005,VND00813,SKU2713,Machinery,12/20/2021,Defective Item,65,3464.64,Manager_A,Pending,225201.6,1
RET0004466,PO0005507,VND00436,SKU4647,Spare Parts,06/18/2024,Over Shipment,218,252.1,Manager_B,Pending,54957.8,1
RET0002070,PO0021531,VND00226,SKU2418,Chemicals,12/08/2024,Expired Product,305,2964.17,Manager_C,Pending,904071.85,1
RET0000637,PO0001146,VND00870,SKU3570,Chemicals,09/09/2024,Over Shipment,446,3733.14,Manager_A,Processed,1664980.44,1
RET0001884,PO0035138,VND00580,SKU5513,Machinery,04/29/2021,Defective Item,92,3076.11,,Processed,283002.12,1
RET0003507,PO0047582,VND00957,SKU1258,IT Equipment,03/27/2024,Over Shipment,62,1517.01,Manager_C,Pending,94054.62,1
RET0003194,PO0047643,VND00495,SKU4811,Raw Material,09/02/2022,Defective Item,467,3624.51,Manager_B,Processed,1692646.17,1
RET0004908,PO0030896,VND00387,SKU5758,IT Equipment,12/12/2021,Defective Item,186,3107.18,Manager_A,Processed,577935.48,1
RET0001878,PO0018566,VND00216,SKU2438,IT Equipment,09/23/2022,expiry,364,4287.22,,Pending,1560548.08,1
RET0003498,PO0027186,VND00861,SKU2770,Chemicals,05/02/2023,Wrong Item Delivered,427,3845.2,Manager_A,Pending,1641900.4,1
RET0001615,PO0008131,VND00741,SKU2528,Textiles,04/08/2021,Wrong Quantity,257,533.35,Manager_A,Pending,137070.95,1
RET0002905,PO0010611,VND00178,SKU2266,Packaging,04/09/2022,Quality Failure,221,4576.86,,Processed,1011486.06,1
RET0004080,PO0018620,VND00026,SKU4075,Machinery,09/30/2021,,402,3357.41,Manager_C,Processed,1349678.82,1
RET0000412,PO0005478,VND00213,SKU1641,IT Equipment,07/08/2024,Wrong Item Delivered,223,1399.18,Manager_B,Processed,312017.14,1
RET0003074,PO0033972,VND00795,SKU2835,Packaging,02/23/2022,Defective Item,56,3884.48,Manager_B,Pending,217530.88,1
RET0004633,PO0024553,VND00413,SKU2432,IT Equipment,11/20/2024,Defective Item,476,60.05,,Processed,28583.8,1
RET0000065,PO0048376,VND00623,SKU1205,Raw Material,08/25/2024,Quality Failure,142,1258.05,Manager_A,Processed,178643.1,1
RET0000515,PO0045113,VND00257,SKU1613,Textiles,03/13/2023,Wrong Quantity,471,3306.08,Manager_B,Processed,1557163.68,1
RET0004635,PO0047659,VND00713,SKU4062,Electronics,04/10/2021,Expired Product,481,1805.27,Manager_A,Processed,868334.87,1
RET0002446,PO0032790,VND00852,SKU4242,Raw Material,01/01/2024,Wrong Quantity,189,3795.52,Manager_C,Pending,717353.28,1
RET0002971,PO0028248,VND00665,SKU1682,IT Equipment,10/11/2021,Defective Item,235,8.86,Manager_A,Processed,2082.1,1
RET0000859,PO0031554,VND00226,SKU2045,Packaging,09/29/2022,Quality Failure,137,4704.18,Manager_A,Pending,644472.66,1
RET0000877,PO0009625,VND00983,SKU3368,Packaging,07/01/2021,Quality Failure,75,4979.06,Manager_A,Processed,373429.5,1
RET0001244,PO0026511,VND00929,SKU5357,Electronics,07/11/2024,Defective Item,361,2814.57,Manager_C,Pending,1016059.77,1
RET0002525,PO0028812,VND00178,SKU5728,Raw Material,06/09/2023,Wrong Item Delivered,409,458.91,Manager_C,Processed,187694.19,1
RET0001842,PO0028843,VND00437,SKU4177,Chemicals,12/22/2022,Over Shipment,119,3247.7,Manager_A,Pending,386476.3,1
RET0000351,PO0040381,VND00577,SKU3235,Machinery,04/22/2022,Expired Product,338,3822.81,Manager_B,Processed,1292109.78,1
RET0004297,PO0042082,VND00116,SKU5547,Spare Parts,09/05/2021,Wrong Quantity,2,2539.25,Manager_C,Processed,5078.5,1
RET0002338,PO0008708,VND00038,SKU1959,Machinery,10/22/2021,Expired Product,56,2027.31,Manager_A,Processed,113529.36,1
RET0003307,PO0017186,VND00294,SKU1726,Electronics,04/05/2023,Wrong Item Delivered,159,1706.04,Manager_B,Processed,271260.36,1
RET0003540,PO0033810,VND00543,SKU5080,IT Equipment,11/01/2021,Wrong Item Delivered,52,3425.59,,Pending,178130.68,1
RET0000017,PO0045246,VND00181,SKU1047,IT Equipment,03/01/2023,Wrong Quantity,424,3810.12,,Processed,1615490.88,1
RET0003448,PO0038735,VND00398,SKU1978,Packaging,02/02/2021,Expired Product,370,1578.66,,Processed,584104.2,1
RET0003720,PO0004644,VND00019,SKU4651,Electronics,08/22/2021,Wrong Quantity,257,1480.66,,Pending,380529.62,1
RET0002104,PO0021763,VND00469,SKU2207,Spare Parts,02/12/2022,Defective Item,422,802.3,Manager_A,Processed,338570.6,1
RET0002059,PO0017626,VND00996,SKU4666,Textiles,09/07/2021,Damaged Packaging,118,331.47,Manager_C,Pending,39113.46,1
RET0000723,PO0036358,VND00269,SKU3025,Machinery,04/30/2023,Wrong Item Delivered,103,955.62,Manager_B,Processed,98428.86,1
RET0004217,PO0022819,VND00360,SKU2613,Textiles,03/31/2024,Over Shipment,202,1597.21,Manager_C,Processed,322636.42,1
RET0000604,PO0046805,VND00137,SKU4630,Chemicals,11/17/2022,Wrong Quantity,400,1188.4,Manager_B,Pending,475360,1
RET0002036,PO0006040,VND00740,SKU5535,Raw Material,02/18/2024,Damaged Packaging,237,4649.88,Manager_C,Pending,1102021.56,1
RET0004903,PO0044281,VND00681,SKU1178,Spare Parts,10/14/2022,Defective Item,16,2426.72,,Processed,38827.52,1
RET0001639,PO0043994,VND00171,SKU5451,Chemicals,01/28/2024,Over Shipment,270,683.62,,Processed,184577.4,1
RET0001905,PO0023586,VND00449,SKU2664,Machinery,12/02/2022,Quality Failure,290,3565.32,Manager_C,Pending,1033942.8,1
RET0004746,PO0018620,VND00911,SKU5257,Textiles,07/05/2021,Over Shipment,125,966.99,Manager_B,Processed,120873.75,1
RET0002555,PO0010627,VND00627,SKU3904,Machinery,08/23/2022,Expired product,318,3760.4,,Pending,1195807.2,1
RET0004887,PO0046400,VND00259,SKU3615,Chemicals,01/15/2023,Expired Product,296,3656.44,Manager_C,Pending,1082306.24,1
RET0004219,PO0027831,VND00148,SKU1885,Machinery,09/20/2023,expiry,325,4022.4,,Processed,1307280,1
RET0002783,PO0021930,VND00751,SKU2412,Textiles,02/08/2022,Wrong Item Delivered,37,2100.46,Manager_A,Processed,77717.02,1
RET0003727,PO0018189,VND00139,SKU3801,Machinery,09/16/2021,Quality Failure,89,1354.32,Manager_B,Processed,120534.48,1
RET0004512,PO0015497,VND00639,SKU1288,Electronics,06/03/2023,Wrong Quantity,80,919.94,,Processed,73595.2,1
RET0002289,PO0032747,VND00386,SKU4984,Chemicals,10/06/2023,Over Shipment,189,2479.85,,Rejected,468691.65,1
RET0001748,PO0026341,VND00513,SKU4743,Packaging,12/16/2023,Damaged Packaging,113,87.49,Manager_B,Processed,9886.37,1
RET0001876,PO0022984,VND00141,SKU5439,Raw Material,08/25/2024,Damaged Packaging,358,792.88,Manager_C,Processed,283851.04,1
RET0002509,PO0047738,VND00640,SKU2239,Electronics,02/02/2023,Over Shipment,150,115.13,Manager_A,Processed,17269.5,1
RET0001771,PO0024917,VND00537,SKU4944,Textiles,02/04/2023,,150,457.68,Manager_B,Processed,68652,1
RET0002331,PO0006683,VND00180,SKU5616,Chemicals,03/20/2022,Quality Failure,377,569.09,Manager_C,Pending,214546.93,1
RET0002855,PO0012671,VND00289,SKU4546,Machinery,04/14/2021,Damaged Packaging,143,4236.25,Manager_C,Rejected,605783.75,1
RET0004649,PO0020491,VND00680,SKU3070,Machinery,01/29/2023,Wrong Item,356,1051.27,Manager_C,Processed,374252.12,1
RET0001105,PO0039864,VND00032,SKU4759,Machinery,12/15/2021,Defective Item,231,2588.68,,Processed,597985.08,1
RET0004801,PO0000802,VND00851,SKU2614,Spare Parts,04/24/2023,Wrong Item Delivered,19,913.01,,Pending,17347.19,1
RET0004316,PO0023162,VND00700,SKU5490,Electronics,02/21/2024,Damaged Packaging,38,362.93,Manager_A,Processed,13791.34,1
RET0003416,PO0018010,VND00782,SKU5958,Textiles,02/10/2023,Wrong Item Delivered,496,3960.27,Manager_A,Rejected,1964293.92,1
RET0001371,PO0036142,VND00610,SKU4823,Electronics,07/22/2023,over shipment,262,111.2,Manager_B,Processed,29134.4,1
RET0003904,PO0024473,VND00421,SKU4982,IT Equipment,05/06/2024,Quality Failure,349,1977.84,Manager_B,Pending,690266.16,1
RET0002016,PO0032477,VND00505,SKU4215,Spare Parts,02/18/2023,Quality Failure,471,3639.06,Manager_B,Pending,1713997.26,1
RET0004343,PO0026551,VND00212,SKU3962,Raw Material,02/21/2023,Wrong Quantity,288,2822.29,Manager_B,Pending,812819.52,1
RET0002737,PO0046440,VND00138,SKU1313,Machinery,11/28/2023,Wrong Quantity,33,1359.31,Manager_A,Pending,44857.23,1
RET0000361,PO0040810,VND00169,SKU3002,Spare Parts,01/15/2022,Defective Item,450,1925.5,,Processed,866475,1
RET0004856,PO0033867,VND00847,SKU5994,Textiles,03/03/2023,Expired,181,2327.92,Manager_B,Processed,421353.52,1
RET0000613,PO0038858,VND00261,SKU5924,Machinery,03/21/2023,Wrong Item Delivered,491,921.85,Manager_B,Processed,452628.35,1
RET0003267,PO0003794,VND00342,SKU1816,Raw Material,02/11/2024,over shipment,87,3446.09,,Processed,299809.83,1
RET0000033,PO0043938,VND00459,SKU5247,Machinery,01/16/2023,Quality Failure,325,637.24,,Processed,207103,1
RET0002874,PO0042789,VND00553,SKU5156,Chemicals,06/07/2021,Quality Failure,359,2802.15,Manager_A,Pending,1005971.85,1
RET0002686,PO0033215,VND00409,SKU3715,IT Equipment,11/03/2022,Defective Item,292,4629.79,Manager_A,Rejected,1351898.68,1
RET0004451,PO0010981,VND00034,SKU5997,Electronics,04/14/2024,Quality Failure,361,849.24,Manager_A,Pending,306575.64,1
RET0001353,PO0040099,VND00018,SKU3982,Packaging,06/07/2023,Quality Failure,205,4919.93,,Pending,1008585.65,1
RET0001942,PO0006063,VND00100,SKU3532,Machinery,06/20/2021,Wrong Item Delivered,494,2886.25,Manager_A,Processed,1425807.5,1
RET0002709,PO0007936,VND00645,SKU5005,Textiles,04/13/2022,Over Shipment,342,3213.39,Manager_A,Pending,1098979.38,1
RET0003700,PO0011539,VND00525,SKU5154,Packaging,05/05/2021,Defective Item,64,1389.11,,Processed,88903.04,1
RET0000519,PO0020283,VND00862,SKU1513,Chemicals,06/01/2022,Defective Item,3,1357.77,,Pending,4073.31,1
RET0003218,PO0005646,VND00243,SKU5157,IT Equipment,06/15/2024,Expired,77,1905.43,Manager_B,Pending,146718.11,1
RET0004754,PO0020426,VND00148,SKU2446,Raw Material,06/04/2022,Damaged Packaging,426,1401.24,Manager_B,Processed,596928.24,1
RET0001706,PO0047236,VND00009,SKU4491,Textiles,12/14/2022,Wrong Quantity,8,4799.06,,Processed,38392.48,1
RET0001995,PO0022085,VND00208,SKU4446,Textiles,06/08/2022,Damaged Packaging,117,2979.41,Manager_A,Pending,348590.97,1
RET0002491,PO0006650,VND00034,SKU3832,Raw Material,08/16/2021,Defective Item,4,304.82,,Processed,1219.28,1
RET0003896,PO0032552,VND00834,SKU3106,Raw Material,09/27/2023,Defective Item,363,166.81,Manager_A,Processed,60552.03,1
RET0002391,PO0004570,VND00715,SKU3475,Textiles,05/10/2022,Wrong Quantity,406,425.13,Manager_B,Rejected,172602.78,1
RET0004896,PO0006537,VND00161,SKU3458,Textiles,02/15/2023,Defective Item,403,6.33,Manager_A,Processed,2550.99,1
RET0004929,PO0029541,VND00235,SKU4361,Raw Material,12/11/2023,Damaged Packaging,10,4897.36,,Pending,48973.6,1
RET0002973,PO0010344,VND00951,SKU2793,Textiles,03/12/2022,Wrong Item Delivered,430,3286.74,,Pending,1413298.2,1
RET0003061,PO0040956,VND00913,SKU5153,IT Equipment,03/25/2023,Over Shipment,24,2979.86,Manager_A,Processed,71516.64,1
RET0002842,PO0035855,VND00305,SKU1100,Packaging,12/19/2022,Expired Product,450,112.99,,Pending,50845.5,1
RET0004212,PO0046483,VND00285,SKU1161,Spare Parts,10/29/2023,Quality Failure,485,1894.18,,Processed,918677.3,1
RET0004567,PO0018165,VND00191,SKU5779,Machinery,03/28/2022,Expired Product,476,1709.55,,Pending,813745.8,1
RET0002729,PO0007345,VND00576,SKU4935,Raw Material,10/18/2024,Defective Item,290,2818.61,Manager_B,Processed,817396.9,1
RET0003805,PO0046620,VND00925,SKU5096,Raw Material,07/19/2024,,122,3047.58,Manager_C,Pending,371804.76,1
RET0002954,PO0032034,VND00745,SKU5581,Packaging,05/29/2024,Damaged Packaging,305,3069.66,,Processed,936246.3,1
RET0000516,PO0013813,VND00680,SKU2716,Spare Parts,01/23/2022,Damaged Packaging,348,2096.18,Manager_C,,729470.64,1
RET0000132,PO0047382,VND00559,SKU2173,Packaging,07/16/2022,Wrong Item Delivered,255,4918.32,Manager_A,Processed,1254171.6,1
RET0000924,PO0023816,VND00337,SKU3686,IT Equipment,12/25/2022,Over Shipment,361,1293.26,Manager_B,Processed,466866.86,1
RET0002828,PO0040506,VND00281,SKU1242,IT Equipment,04/17/2022,Quality Failure,256,4172.48,,Rejected,1068154.88,1
RET0002479,PO0008408,VND00283,SKU3921,Textiles,06/26/2023,Quality Failure,106,801.52,Manager_C,Pending,84961.12,1
RET0000580,PO0026316,VND00553,SKU4767,Machinery,08/01/2021,Quality Failure,396,82.23,Manager_C,Processed,32563.08,1
RET0003844,PO0030648,VND00071,SKU5912,Spare Parts,02/07/2023,Over Shipment,388,963.65,Manager_A,Processed,373896.2,1
RET0003433,PO0002751,VND00296,SKU4642,Textiles,11/23/2024,Over Shipment,478,3030.17,Manager_C,Processed,1448421.26,1
RET0004008,PO0017979,VND00605,SKU1897,IT Equipment,06/27/2023,Over Shipment,461,4711.65,Manager_C,Pending,2172070.65,1
RET0004106,PO0002900,VND00820,SKU2255,Electronics,09/01/2022,Expired Product,305,36.81,,Processed,11227.05,1
RET0000658,PO0006705,VND00972,SKU2909,Raw Material,12/12/2021,Wrong Quantity,3,1890.3,Manager_C,Pending,5670.9,1
RET0003123,PO0035778,VND00194,SKU2270,Textiles,08/22/2023,Damaged Packaging,10,2847.03,,Pending,28470.3,1
RET0004203,PO0032696,VND00169,SKU2316,Raw Material,10/02/2024,Defective Item,163,1513.43,Manager_A,,246689.09,1
RET0004141,PO0003310,VND00448,SKU5128,Chemicals,05/15/2024,Expired Product,257,2221.66,Manager_A,Pending,570966.62,1
RET0000689,PO0017488,VND00685,SKU3037,IT Equipment,09/11/2022,Damaged Packaging,293,4174.37,Manager_C,Pending,1223090.41,1
RET0000514,PO0033819,VND00082,SKU5559,Spare Parts,09/08/2023,Wrong Quantity,87,552.3,,Processed,48050.1,1
RET0004406,PO0045855,VND00803,SKU1497,Packaging,08/23/2024,Damaged Packaging,52,2814.71,Manager_B,Processed,146364.92,1
RET0003710,PO0008441,VND00443,SKU1405,Chemicals,12/13/2023,Wrong Quantity,212,3935.89,Manager_B,Processed,834408.68,1
RET0004494,PO0027309,VND00289,SKU5865,Textiles,04/20/2022,Wrong Item Delivered,472,4774.4,Manager_C,Processed,2253516.8,1
RET0004093,PO0002007,VND00353,SKU3559,Electronics,01/26/2021,Damaged Packaging,87,4922.52,Manager_C,Processed,428259.24,1
RET0001725,PO0022795,VND00161,SKU4813,Chemicals,09/21/2023,Wrong Item delivered,50,697.19,,Pending,34859.5,1
RET0000078,PO0036625,VND00465,SKU4677,IT Equipment,01/29/2022,Wrong Item Delivered,90,1416.56,,Processed,127490.4,1
RET0003370,PO0045518,VND00580,SKU5653,Electronics,01/13/2022,Over Shipment,272,1956.31,,Processed,532116.32,1
RET0002507,PO0029686,VND00507,SKU5909,Raw Material,03/05/2023,Defective Item,434,717.76,,Pending,311507.84,1
RET0000597,PO0011026,VND00994,SKU4375,Textiles,02/03/2024,Defective Item,492,369,Manager_A,Processed,181548,1
RET0004004,PO0049595,VND00263,SKU5634,Spare Parts,09/26/2024,Over Shipment,133,4108.72,Manager_A,Processed,546459.76,1
RET0003310,PO0013422,VND00667,SKU2825,Textiles,09/20/2024,Expired Product,265,3126.19,Manager_A,Processed,828440.35,1
RET0000541,PO0023235,VND00191,SKU5830,Machinery,04/21/2024,Quality Failure,51,4203.73,,Processed,214390.23,1
RET0001755,PO0038942,VND00321,SKU1112,Machinery,07/07/2022,Expired Product,480,1945.33,Manager_C,Pending,933758.4,1
RET0000617,PO0042202,VND00412,SKU4160,Packaging,06/25/2021,Expired Product,176,3241.51,,Processed,570505.76,1
RET0000203,PO0026787,VND00843,SKU1272,Textiles,03/26/2022,Over Shipment,161,4027.11,Manager_A,Pending,648364.71,1
RET0004142,PO0046046,VND00398,SKU1320,Spare Parts,06/11/2022,Expired Product,323,348.81,Manager_C,Pending,112665.63,1
RET0000634,PO0023287,VND00163,SKU1682,IT Equipment,01/03/2023,Defective Item,229,3790.62,Manager_C,Pending,868051.98,1
RET0004308,PO0021466,VND00088,SKU2478,IT Equipment,07/10/2024,Defective Item,456,2678.66,Manager_C,Pending,1221468.96,1
RET0003582,PO0027661,VND00082,SKU3482,Machinery,04/29/2022,over shipment,231,4811.49,Manager_B,Pending,1111454.19,1
RET0002212,PO0027685,VND00776,SKU5347,Spare Parts,12/15/2022,Wrong Item Delivered,226,457.04,Manager_C,Rejected,103291.04,1
RET0000096,PO0010061,VND00532,SKU2751,Chemicals,05/29/2023,Defective Item,41,82.5,Manager_B,Processed,3382.5,1
RET0004471,PO0046948,VND00422,SKU5577,Chemicals,12/06/2021,Wrong Item Delivered,181,1482.9,Manager_A,Processed,268404.9,1
RET0003532,PO0024694,VND00919,SKU1821,Raw Material,11/18/2024,Expired Product,330,1475.3,,Pending,486849,1
RET0002064,PO0016381,VND00234,SKU3097,Packaging,07/03/2022,Over Shipment,362,2640.87,Manager_B,Rejected,955994.94,1
RET0003600,PO0025563,VND00852,SKU3146,Packaging,06/21/2021,Damaged Packaging,368,2055.25,,Processed,756332,1
RET0002646,PO0029034,VND00733,SKU5358,Spare Parts,06/17/2023,Damaged Packaging,332,1761.71,Manager_B,Processed,584887.72,1
RET0001363,PO0035823,VND00008,SKU4570,Packaging,01/28/2023,Expired Product,6,1946.43,Manager_B,Pending,11678.58,1
RET0001758,PO0005626,VND00115,SKU5852,Spare Parts,04/19/2024,Expired Product,454,2971.55,Manager_B,Pending,1349083.7,1
RET0000786,PO0024336,VND00283,SKU5522,Raw Material,05/01/2022,Damaged Packaging,167,4776.71,Manager_C,Pending,797710.57,1
RET0004936,PO0012051,VND00200,SKU3212,Textiles,11/01/2021,Wrong Item Delivered,359,4493.01,,Processed,1612990.59,1
RET0000325,PO0007328,VND00113,SKU1582,IT Equipment,11/15/2022,Expired,54,2430.59,Manager_C,Processed,131251.86,1
RET0001302,PO0033440,VND00053,SKU2354,Raw Material,11/08/2023,Damaged Packaging,149,4686.37,Manager_B,Processed,698269.13,1
RET0002862,PO0014970,VND00003,SKU4440,Packaging,02/14/2022,Wrong Item delivered,443,910.67,,Processed,403426.81,1
RET0004372,PO0044356,VND00996,SKU5633,Raw Material,03/02/2021,Quality Failure,340,4937.88,Manager_A,Processed,1678879.2,1
RET0003820,PO0015623,VND00461,SKU1858,Textiles,05/09/2021,Quality Failure,187,3287.68,Manager_B,Processed,614796.16,1
RET0001452,PO0029541,VND00382,SKU3428,Chemicals,05/05/2021,Quality Failure,245,3227.26,Manager_B,Processed,790678.7,1
RET0002432,PO0006953,VND00159,SKU1289,Raw Material,01/10/2024,Quality Failure,267,4753.26,Manager_C,Pending,1269120.42,1
RET0001743,PO0049063,VND00263,SKU5805,Machinery,12/17/2023,Defective Item,263,1374.42,Manager_B,Processed,361472.46,1
RET0004177,PO0041428,VND00167,SKU3523,Raw Material,02/03/2021,Quality Failure,310,146.04,Manager_B,Rejected,45272.4,1
RET0002603,PO0006267,VND00519,SKU5930,Packaging,11/25/2022,Wrong Item,471,330.45,,Processed,155641.95,1
RET0002560,PO0037698,VND00760,SKU3472,Electronics,06/01/2021,Wrong Item Delivered,177,1083.39,Manager_A,Processed,191760.03,1
RET0004798,PO0017732,VND00900,SKU2248,Packaging,01/24/2024,Quality Failure,179,4101.15,Manager_B,Processed,734105.85,1
RET0002887,PO0021473,VND00279,SKU5715,Raw Material,02/04/2023,Over Shipment,446,3286.11,Manager_C,Pending,1465605.06,1
RET0000954,PO0046699,VND00668,SKU4008,IT Equipment,01/15/2021,Defective Item,444,4361.09,,Processed,1936323.96,1
RET0004771,PO0016539,VND00092,SKU3708,Machinery,03/05/2022,Wrong Quantity,94,3744.3,Manager_A,Rejected,351964.2,1
RET0003020,PO0023059,VND00049,SKU2208,Spare Parts,02/23/2021,Expired,446,3180.44,Manager_B,Pending,1418476.24,1
RET0003340,PO0037964,VND00952,SKU3316,Raw Material,04/03/2023,Wrong Quantity,88,2407.9,Manager_C,Pending,211895.2,1
RET0000766,PO0023783,VND00107,SKU1018,Machinery,03/26/2022,Wrong Quantity,233,4901.43,Manager_A,Pending,1142033.19,1
RET0001635,PO0045105,VND00277,SKU5765,Raw Material,06/10/2022,Expired Product,60,1174.4,,Processed,70464,1
RET0001523,PO0037617,VND00550,SKU3588,Textiles,07/27/2024,Quality Failure,202,119.74,Manager_A,Rejected,24187.48,1
RET0002255,PO0012032,VND00687,SKU1333,Raw Material,03/16/2021,,109,1702.04,Manager_B,Processed,185522.36,1
RET0003059,PO0004937,VND00559,SKU5595,Electronics,05/25/2024,,445,1952.17,Manager_A,Processed,868715.65,1
RET0004964,PO0023106,VND00264,SKU5925,IT Equipment,08/04/2023,Expired Product,121,2194.07,Manager_C,Processed,265482.47,1
RET0004656,PO0008911,VND00029,SKU5130,Spare Parts,10/29/2023,Defective Item,321,4602.19,,Rejected,1477302.99,1
RET0004660,PO0040577,VND00609,SKU3430,IT Equipment,09/13/2022,Defective Item,472,1044.24,Manager_C,Processed,492881.28,1
RET0002003,PO0019805,VND00131,SKU3492,Chemicals,06/11/2021,Damaged Packaging,342,378.63,,Pending,129491.46,1
RET0003327,PO0003901,VND00837,SKU4744,Electronics,03/22/2024,Damaged Packaging,472,170.24,Manager_A,Pending,80353.28,1
RET0001603,PO0016031,VND00534,SKU5591,Machinery,08/10/2023,Expired Product,210,4390.8,Manager_A,Processed,922068,1
RET0000757,PO0008883,VND00638,SKU2062,Electronics,02/14/2022,Defective Item,190,1454.73,,Processed,276398.7,1
RET0001251,PO0025756,VND00512,SKU5864,Raw Material,07/13/2023,,237,2966.27,,Processed,703005.99,1
RET0002670,PO0027183,VND00356,SKU5970,Electronics,12/24/2024,Expired Product,417,150.93,Manager_A,Processed,62937.81,1
RET0001085,PO0003522,VND00963,SKU1333,Textiles,05/09/2021,Damaged Packaging,55,4797.58,Manager_C,Processed,263866.9,1
RET0001599,PO0006382,VND00748,SKU5747,IT Equipment,12/15/2022,Damaged Packaging,325,2274.11,Manager_A,Processed,739085.75,1
RET0004780,PO0041019,VND00063,SKU1176,Chemicals,11/08/2021,Defective Item,215,3668.15,Manager_C,Pending,788652.25,1
RET0000760,PO0013851,VND00807,SKU4355,Chemicals,12/10/2022,Wrong Item Delivered,41,3427.07,Manager_A,Processed,140509.87,1
RET0004544,PO0046546,VND00102,SKU1140,Raw Material,07/29/2024,Wrong Quantity,70,2913.19,Manager_B,Rejected,203923.3,1
RET0004827,PO0031563,VND00484,SKU1875,Chemicals,05/08/2024,Defective Item,208,3264.02,Manager_B,Processed,678916.16,1
RET0002969,PO0041789,VND00923,SKU1884,Chemicals,05/06/2022,Quality Failure,115,1581.46,Manager_A,Processed,181867.9,1
RET0001068,PO0020231,VND00872,SKU2939,Chemicals,12/01/2023,Quality Failure,426,2042.8,Manager_C,Processed,870232.8,1
RET0004652,PO0018973,VND00463,SKU4125,Packaging,10/02/2023,Damaged Packaging,131,1913.46,Manager_B,Processed,250663.26,1
RET0003201,PO0044214,VND00312,SKU2373,Machinery,04/30/2023,Wrong Quantity,455,2398.21,,Processed,1091185.55,1
RET0000648,PO0046263,VND00292,SKU3467,IT Equipment,06/27/2023,Wrong Item delivered,97,1127.74,Manager_C,Pending,109390.78,1
RET0004961,PO0005775,VND00615,SKU2997,Spare Parts,06/12/2023,Damaged Packaging,37,400.13,,Pending,14804.81,1
RET0000857,PO0011215,VND00343,SKU5569,Machinery,12/24/2024,Expired Product,106,1173.08,Manager_C,Pending,124346.48,1
RET0003150,PO0022176,VND00282,SKU2361,Machinery,07/05/2022,Over Shipment,310,2491.46,Manager_C,Processed,772352.6,1
RET0002742,PO0006189,VND01000,SKU5287,Machinery,06/29/2024,Quality Failure,246,1814.33,Manager_A,Processed,446325.18,1
RET0004299,PO0043328,VND00714,SKU4997,Machinery,02/20/2021,Expired Product,90,2227.25,Manager_A,Processed,200452.5,1
RET0004368,PO0025452,VND00093,SKU3568,Raw Material,06/16/2022,Quality Failure,227,20.61,,Pending,4678.47,1
RET0003025,PO0031523,VND00408,SKU2810,Chemicals,11/13/2024,Wrong Item Delivered,492,1970.2,Manager_B,Processed,969338.4,1
RET0003877,PO0027758,VND00545,SKU3344,Electronics,05/28/2023,Defective Item,259,392.12,Manager_B,Processed,101559.08,1
RET0001885,PO0028277,VND00775,SKU4314,Machinery,06/12/2024,Wrong Item Delivered,300,1309.02,Manager_C,Rejected,392706,1
RET0000649,PO0010523,VND00756,SKU4610,Electronics,04/20/2022,Wrong Item Delivered,462,1715.18,Manager_C,Processed,792413.16,1
RET0000216,PO0011643,VND00394,SKU2538,Electronics,10/11/2022,over shipment,180,3084.64,Manager_C,Rejected,555235.2,1
RET0002657,PO0025821,VND00588,SKU3408,Spare Parts,01/14/2021,,263,434.62,Manager_A,Processed,114305.06,1
RET0002232,PO0005225,VND00367,SKU2550,Spare Parts,11/03/2023,Quality Failure,272,1615.61,Manager_B,Processed,439445.92,1
RET0002492,PO0017201,VND00796,SKU4002,Spare Parts,11/06/2023,Wrong Quantity,237,4596.6,Manager_B,Pending,1089394.2,1
RET0000046,PO0010803,VND00859,SKU5325,IT Equipment,12/22/2024,Quality Failure,201,3931.48,,Rejected,790227.48,1
RET0004711,PO0020301,VND00417,SKU4106,Spare Parts,08/01/2021,wrong quantity,332,4802.8,Manager_A,Processed,1594529.6,1
RET0000028,PO0009960,VND00714,SKU5578,IT Equipment,05/30/2023,Quality Failure,492,2225.98,Manager_B,Processed,1095182.16,1
RET0000664,PO0011395,VND00417,SKU2555,Spare Parts,02/10/2022,Over Shipment,283,4995.03,,Pending,1413593.49,1
RET0002572,PO0043252,VND00359,SKU5548,Spare Parts,05/16/2024,Quality Failure,197,2503.11,Manager_B,Processed,493112.67,1
RET0003390,PO0020142,VND00991,SKU1523,Raw Material,04/08/2021,Damaged Packaging,267,2673.98,Manager_B,Processed,713952.66,1
RET0001046,PO0019761,VND00816,SKU2748,Electronics,08/20/2023,Over Shipment,198,1262.61,Manager_C,Rejected,249996.78,1
RET0002522,PO0027755,VND00499,SKU3584,Raw Material,02/06/2022,Wrong Item Delivered,165,1682.74,,Pending,277652.1,1
RET0001730,PO0019760,VND00140,SKU4512,Textiles,02/14/2024,Damaged Packaging,433,4924.35,Manager_B,Pending,2132243.55,1
RET0004679,PO0010750,VND00317,SKU5827,Chemicals,06/01/2021,Wrong Quantity,340,2640.19,,Processed,897664.6,1
RET0002431,PO0033777,VND00852,SKU4484,Machinery,05/30/2024,Wrong Quantity,339,3142.16,Manager_B,Processed,1065192.24,1
RET0000717,PO0038596,VND00894,SKU4957,IT Equipment,04/30/2023,Damaged Packaging,436,649.4,Manager_B,Processed,283138.4,1
RET0001412,PO0001176,VND00461,SKU3729,Raw Material,12/20/2023,Expired Product,276,3320.92,Manager_B,Processed,916573.92,1
RET0000403,PO0031521,VND00096,SKU1502,Machinery,11/07/2024,Wrong Quantity,286,684.92,,Processed,195887.12,1
RET0003062,PO0041748,VND00092,SKU1066,IT Equipment,07/04/2022,Wrong Item Delivered,14,3541.9,Manager_A,Pending,49586.6,1
RET0004071,PO0048369,VND00469,SKU3765,Spare Parts,08/09/2021,Wrong Item Delivered,375,1729.07,Manager_B,Pending,648401.25,1
RET0004370,PO0044038,VND00443,SKU1058,Electronics,10/26/2021,Wrong Item,6,839.7,Manager_C,Pending,5038.2,1
RET0002181,PO0036599,VND00448,SKU1369,Packaging,04/30/2021,Damaged Packaging,319,472.76,Manager_B,Processed,150810.44,1
RET0002352,PO0039890,VND00571,SKU3640,Raw Material,02/07/2021,Quality Failure,406,4930.22,,Rejected,2001669.32,1
RET0002893,PO0035873,VND00013,SKU4590,Packaging,05/03/2021,Defective Item,495,1622.57,,Pending,803172.15,1
RET0000493,PO0035623,VND00523,SKU2317,Raw Material,02/16/2021,Expired Product,221,908.38,Manager_A,Processed,200751.98,1
RET0001750,PO0045500,VND00058,SKU1666,IT Equipment,05/14/2024,Wrong Quantity,487,4428.65,Manager_C,Pending,2156752.55,1
RET0004692,PO0035033,VND00416,SKU5434,Packaging,08/19/2024,Over Shipment,402,4774.15,Manager_B,Processed,1919208.3,1
RET0001726,PO0042256,VND00373,SKU1274,Packaging,11/02/2024,Wrong Item Delivered,465,1485.63,Manager_C,Processed,690817.95,1
RET0000492,PO0026862,VND00377,SKU3189,Electronics,01/24/2022,Defective Item,349,1887.13,,Pending,658608.37,1
RET0003638,PO0031818,VND00294,SKU2704,Electronics,03/13/2022,Over Shipment,417,372.47,Manager_C,Processed,155319.99,1
RET0000159,PO0011517,VND00033,SKU1332,IT Equipment,10/18/2024,Wrong Item Delivered,0,1437.5,Manager_C,Processed,0,0
RET0002297,PO0001078,VND00822,SKU2733,Packaging,12/22/2024,Quality Failure,475,4818.96,,Rejected,2289006,1
RET0001054,PO0008567,VND00641,SKU4339,Machinery,02/28/2024,Over Shipment,385,4902.54,Manager_C,Processed,1887477.9,1
RET0000366,PO0033132,VND00081,SKU4475,Chemicals,11/12/2021,Over Shipment,348,2145.61,Manager_A,Pending,746672.28,1
RET0001570,PO0025750,VND00407,SKU3264,IT Equipment,11/11/2021,Over Shipment,447,2701.07,,Rejected,1207378.29,1
RET0000779,PO0007967,VND00508,SKU5388,Machinery,07/03/2021,Over Shipment,433,1515.29,,Processed,656120.57,1
RET0000590,PO0023778,VND00153,SKU1317,IT Equipment,03/12/2024,Expired Product,473,284.61,Manager_A,Pending,134620.53,1
RET0002489,PO0039098,VND00894,SKU4401,Raw Material,10/10/2023,Expired Product,173,1140.6,Manager_C,Pending,197323.8,1
RET0004166,PO0031548,VND00264,SKU1374,Raw Material,10/22/2021,Wrong Item Delivered,492,147.71,Manager_C,Processed,72673.32,1
RET0002746,PO0045639,VND00177,SKU2363,Electronics,02/08/2021,Wrong Item delivered,266,4801.36,Manager_B,Pending,1277161.76,1
RET0003186,PO0035325,VND00834,SKU3377,Packaging,12/04/2024,,232,1223.56,,Processed,283865.92,1
RET0004127,PO0026147,VND00040,SKU3379,Textiles,08/06/2022,Over Shipment,113,1230.89,,Processed,139090.57,1
RET0004843,PO0031422,VND00158,SKU3966,Chemicals,07/04/2022,Wrong Item Delivered,486,2046.1,Manager_B,Processed,994404.6,1
RET0000023,PO0036909,VND00191,SKU4585,Electronics,07/21/2022,Quality Failure,104,247.23,Manager_A,Processed,25711.92,1
RET0002857,PO0016992,VND00380,SKU2933,Electronics,10/03/2023,Wrong Item Delivered,33,1553.49,Manager_C,Processed,51265.17,1
RET0004808,PO0042569,VND01000,SKU5440,Packaging,07/11/2024,Damaged Packaging,117,2239.1,Manager_A,Rejected,261974.7,1
RET0003494,PO0016831,VND00319,SKU2492,Machinery,05/09/2021,Quality Failure,206,4689.99,Manager_A,Processed,966137.94,1
RET0003079,PO0004751,VND00695,SKU1743,Packaging,10/21/2022,Defective Item,227,414.91,Manager_B,Processed,94184.57,1
RET0002083,PO0001012,VND00418,SKU1753,Raw Material,04/13/2022,Defective Item,311,2860.57,Manager_B,Processed,889637.27,1
RET0002377,PO0005052,VND00214,SKU5843,Spare Parts,11/07/2021,Wrong Quantity,32,2190.44,Manager_B,Pending,70094.08,1
RET0003237,PO0015516,VND00243,SKU5635,Raw Material,09/09/2022,Over Shipment,280,871.88,,Pending,244126.4,1
RET0000880,PO0030171,VND00996,SKU5783,IT Equipment,12/28/2021,Over Shipment,157,2578.05,Manager_A,Pending,404753.85,1
RET0000142,PO0030218,VND00822,SKU1549,Electronics,03/09/2024,Wrong Item Delivered,256,1508.04,Manager_B,Processed,386058.24,1
RET0002639,PO0005472,VND00720,SKU2024,Spare Parts,04/05/2022,Quality Failure,112,4887.88,Manager_B,Processed,547442.56,1
RET0000009,PO0000456,VND00763,SKU4377,Raw Material,05/20/2023,Expired Product,472,2613.55,,Pending,1233595.6,1
RET0000902,PO0021618,VND00803,SKU3103,Raw Material,10/06/2024,Over Shipment,307,4494.92,Manager_C,,1379940.44,1
RET0000094,PO0022000,VND00670,SKU1631,Machinery,11/14/2023,Damaged Packaging,292,11.94,Manager_C,Processed,3486.48,1
RET0004194,PO0014893,VND00453,SKU5018,Raw Material,11/27/2022,Quality Failure,369,1521.21,Manager_C,Pending,561326.49,1
RET0004731,PO0037068,VND00161,SKU3927,Raw Material,08/29/2024,Wrong Item Delivered,123,851.52,Manager_B,Processed,104736.96,1
RET0001378,PO0031072,VND00652,SKU1621,Electronics,12/17/2021,Expired Product,409,1332.25,Manager_B,Pending,544890.25,1
RET0000301,PO0040027,VND00044,SKU4012,Machinery,10/21/2024,Quality Failure,364,1659.23,Manager_C,Processed,603959.72,1
RET0000336,PO0014818,VND00366,SKU1757,Spare Parts,05/25/2022,Wrong Item Delivered,91,4120.81,,Pending,374993.71,1
RET0004499,PO0038319,VND00590,SKU1085,Packaging,01/20/2021,Wrong Item Delivered,159,2439.37,Manager_C,Pending,387859.83,1
RET0001859,PO0027324,VND00329,SKU2977,Textiles,03/02/2024,Wrong Item,133,4217.39,Manager_B,Processed,560912.87,1
RET0003197,PO0034930,VND00877,SKU2462,Spare Parts,03/15/2022,Over Shipment,79,2768.2,Manager_C,Rejected,218687.8,1
RET0002592,PO0005476,VND00997,SKU2740,Spare Parts,10/14/2024,Wrong Item Delivered,345,4175.8,Manager_B,Processed,1440651,1
RET0000910,PO0029564,VND00892,SKU2940,Machinery,09/18/2021,Defective Item,204,2589.28,,Pending,528213.12,1
RET0000881,PO0012764,VND00518,SKU1570,Chemicals,07/15/2021,Damaged Packaging,290,2681.37,Manager_C,Pending,777597.3,1
RET0000504,PO0049191,VND00304,SKU1030,IT Equipment,04/23/2024,Expired Product,100,454.3,Manager_A,Processed,45430,1
RET0003357,PO0027689,VND00794,SKU5581,Machinery,05/13/2024,Damaged Packaging,449,85.55,Manager_B,Processed,38411.95,1
RET0004655,PO0023173,VND00326,SKU2791,Spare Parts,10/10/2022,Over Shipment,49,2056.65,Manager_A,Processed,100775.85,1
RET0001417,PO0011172,VND00465,SKU1678,Packaging,02/12/2023,Defective Item,39,4160.85,Manager_A,Pending,162273.15,1
RET0003441,PO0015941,VND00031,SKU2169,IT Equipment,10/24/2022,Wrong Quantity,425,3333.51,,Processed,1416741.75,1
RET0001389,PO0027513,VND00474,SKU1434,Packaging,03/14/2022,Defective Item,393,3350.72,Manager_C,Processed,1316832.96,1
RET0003248,PO0011049,VND00188,SKU3386,Spare Parts,08/09/2023,Damaged Packaging,97,1741.24,,Processed,168900.28,1
RET0001515,PO0011316,VND00619,SKU5907,Textiles,02/11/2023,Over Shipment,47,346.24,Manager_A,Processed,16273.28,1
RET0003617,PO0012190,VND00938,SKU3982,Electronics,03/05/2023,Defective Item,355,2607.41,Manager_B,Rejected,925630.55,1
RET0004696,PO0047695,VND00498,SKU4310,Packaging,06/20/2023,Quality Failure,276,4879.79,,Pending,1346822.04,1
RET0000255,PO0041909,VND00582,SKU4198,Raw Material,09/11/2023,Over Shipment,255,32.15,Manager_A,Processed,8198.25,1
RET0004892,PO0026061,VND00705,SKU2787,Electronics,09/11/2023,Expired Product,261,4266.61,Manager_C,Processed,1113585.21,1
RET0001033,PO0007481,VND00924,SKU1118,IT Equipment,06/29/2022,Quality Failure,60,2537.09,Manager_A,Rejected,152225.4,1
RET0000109,PO0045231,VND00438,SKU3428,Chemicals,12/25/2021,Quality Failure,352,2153.65,Manager_C,Pending,758084.8,1
RET0002417,PO0043140,VND00108,SKU4267,Raw Material,05/24/2022,Expired Product,462,1017.38,,Processed,470029.56,1
RET0002542,PO0011292,VND00829,SKU5434,Chemicals,04/06/2022,Defective Item,172,1475.56,Manager_A,Pending,253796.32,1
RET0004262,PO0033341,VND00757,SKU3886,Raw Material,03/28/2021,Wrong Item Delivered,143,665.08,Manager_A,Pending,95106.44,1
RET0002153,PO0047036,VND00069,SKU3841,Raw Material,02/21/2023,Quality Failure,339,816.37,Manager_C,Processed,276749.43,1
RET0000960,PO0045695,VND00617,SKU3104,Spare Parts,07/16/2023,Defective Item,127,2249.12,Manager_A,Rejected,285638.24,1
RET0001141,PO0036437,VND00158,SKU1864,Chemicals,07/06/2024,Defective Item,162,2697.44,Manager_C,,436985.28,1
RET0004997,PO0026488,VND00143,SKU5187,Spare Parts,01/25/2023,Quality Failure,206,203.72,Manager_B,Pending,41966.32,1
RET0004873,PO0043029,VND00142,SKU5308,Machinery,12/31/2024,Wrong Item,413,1303.35,,Processed,538283.55,1
RET0004284,PO0045239,VND00268,SKU3431,Textiles,10/05/2024,Over Shipment,16,4817.82,Manager_B,Processed,77085.12,1
RET0000352,PO0039578,VND00845,SKU4251,Machinery,07/13/2021,Damaged Packaging,203,3473.65,Manager_C,Processed,705150.95,1
RET0004082,PO0000322,VND00143,SKU5141,Chemicals,08/21/2022,Expired Product,54,1809.92,Manager_A,Processed,97735.68,1
RET0004484,PO0018328,VND00668,SKU2260,Packaging,10/13/2021,Damaged Packaging,209,4006.75,,Processed,837410.75,1
RET0003563,PO0048595,VND00535,SKU2171,Raw Material,01/24/2022,Quality Failure,237,4020.36,Manager_B,Processed,952825.32,1
RET0000091,PO0028562,VND00754,SKU4417,Machinery,10/05/2023,Over Shipment,185,4317.81,Manager_C,Pending,798794.85,1
RET0003694,PO0009420,VND00167,SKU5736,Spare Parts,01/29/2023,Quality Failure,155,1621.33,Manager_C,Pending,251306.15,1
RET0001504,PO0002930,VND00819,SKU4283,Textiles,07/08/2024,Damaged Packaging,32,2991.54,,Processed,95729.28,1
RET0003182,PO0040221,VND00013,SKU3769,IT Equipment,01/23/2022,Wrong Quantity,473,3144.01,Manager_C,Processed,1487116.73,1
RET0001776,PO0025008,VND00404,SKU4283,Electronics,05/18/2022,Quality Failure,127,472.88,Manager_C,Processed,60055.76,1
RET0000666,PO0028132,VND00480,SKU3680,Chemicals,01/07/2022,Damaged Packaging,95,2934.35,Manager_B,Processed,278763.25,1
RET0001420,PO0016498,VND00279,SKU2956,Spare Parts,04/19/2024,Expired Product,125,910.56,Manager_C,Processed,113820,1
RET0002707,PO0003877,VND00369,SKU4331,Packaging,12/18/2023,Wrong Quantity,154,848.2,Manager_A,Processed,130622.8,1
RET0001362,PO0004901,VND00668,SKU1037,IT Equipment,06/26/2024,Wrong Quantity,76,1102.54,Manager_A,Processed,83793.04,1
RET0004068,PO0033985,VND00268,SKU1603,Textiles,11/30/2021,Expired Product,393,1906.17,,Processed,749124.81,1
RET0000265,PO0009227,VND00728,SKU2356,IT Equipment,12/02/2023,Wrong Quantity,339,554.42,Manager_B,Processed,187948.38,1
RET0002914,PO0036610,VND00248,SKU5510,Raw Material,05/26/2021,Expired Product,264,3773.08,Manager_C,Processed,996093.12,1
RET0000131,PO0022930,VND00490,SKU5859,Packaging,06/10/2023,Defective Item,333,3414.02,Manager_A,Processed,1136868.66,1
RET0004741,PO0024047,VND00716,SKU3934,Textiles,02/12/2023,Defective Item,332,2403.24,Manager_B,Processed,797875.68,1
RET0001901,PO0038480,VND00703,SKU4816,Packaging,10/30/2022,Wrong Item,453,3505.58,Manager_B,Processed,1588027.74,1
RET0003546,PO0031648,VND00948,SKU4854,Electronics,02/13/2024,Wrong Quantity,475,2101.17,,Pending,998055.75,1
RET0004885,PO0047758,VND00903,SKU5287,Textiles,07/13/2022,Wrong Quantity,424,2433.77,,Processed,1031918.48,1
RET0000341,PO0028780,VND00652,SKU3114,Packaging,11/21/2023,Quality Failure,394,4032.76,Manager_A,Processed,1588907.44,1
RET0001643,PO0027319,VND00109,SKU4234,IT Equipment,06/23/2024,Wrong Quantity,360,4673.72,Manager_B,Pending,1682539.2,1
RET0004558,PO0043467,VND00121,SKU1804,Chemicals,03/06/2021,Damaged Packaging,40,1754.35,Manager_A,Processed,70174,1
RET0000213,PO0001921,VND00097,SKU5425,Chemicals,08/26/2023,Defective Item,91,2954.76,Manager_B,,268883.16,1
RET0003040,PO0005841,VND00613,SKU4864,Electronics,03/03/2024,Over Shipment,477,280.36,Manager_B,Processed,133731.72,1
RET0004155,PO0015287,VND00106,SKU1169,Electronics,06/11/2021,Wrong Item,168,848.02,Manager_C,Processed,142467.36,1
RET0000559,PO0037681,VND00932,SKU4291,IT Equipment,04/08/2022,Damaged Packaging,242,1055.33,Manager_C,Processed,255389.86,1
RET0001944,PO0007229,VND00031,SKU5960,IT Equipment,03/12/2022,Wrong Item,154,4727.51,,Pending,728036.54,1
RET0000470,PO0014265,VND00564,SKU4133,Packaging,05/10/2021,Defective Item,226,967.66,,Pending,218691.16,1
RET0003833,PO0002603,VND00002,SKU2585,Packaging,08/13/2021,Wrong Quantity,396,3903.26,Manager_C,Processed,1545690.96,1
RET0003758,PO0021159,VND00328,SKU2663,Machinery,08/23/2023,Defective Item,115,3923.93,Manager_A,Processed,451251.95,1
RET0004092,PO0034499,VND00801,SKU5546,IT Equipment,08/21/2021,Wrong Item Delivered,317,3930.23,Manager_C,Processed,1245882.91,1
RET0001145,PO0005816,VND00256,SKU1178,Electronics,11/24/2023,Wrong Item Delivered,246,3529.04,,Processed,868143.84,1
RET0004110,PO0009991,VND00197,SKU5606,Raw Material,10/22/2023,Damaged Packaging,16,112.12,Manager_C,Rejected,1793.92,1
RET0000104,PO0049621,VND00061,SKU5131,Textiles,07/21/2021,Wrong Item Delivered,316,2192.66,,Processed,692880.56,1
RET0002379,PO0038099,VND00156,SKU5333,Electronics,05/01/2023,Damaged Packaging,58,818.35,Manager_A,Processed,47464.3,1
RET0003684,PO0016388,VND00613,SKU3638,Packaging,09/16/2023,Damaged Packaging,127,3441.18,Manager_C,Processed,437029.86,1
RET0001146,PO0008726,VND00174,SKU2675,Textiles,10/15/2021,Defective Item,364,4314.8,,Pending,1570587.2,1
RET0000529,PO0003983,VND00818,SKU3178,IT Equipment,09/10/2022,Expired Product,241,380.61,,Pending,91727.01,1
RET0003763,PO0006654,VND00138,SKU5548,Packaging,11/12/2024,Damaged Packaging,131,3267.2,Manager_A,Processed,428003.2,1
RET0002526,PO0046477,VND00948,SKU1548,Spare Parts,09/17/2021,Wrong Quantity,452,3454.91,Manager_A,Processed,1561619.32,1
RET0003909,PO0009209,VND00363,SKU4487,Packaging,07/17/2022,Wrong Item Delivered,222,4887.49,Manager_C,Processed,1085022.78,1
RET0004176,PO0019508,VND00389,SKU3604,IT Equipment,04/07/2023,Damaged Packaging,168,166.33,,Processed,27943.44,1
RET0003575,PO0026014,VND00958,SKU3713,Spare Parts,03/28/2022,Expired product,111,4322.75,Manager_C,Processed,479825.25,1
RET0003876,PO0036351,VND00805,SKU4653,Spare Parts,11/18/2024,Wrong Item Delivered,110,2124.35,Manager_C,Processed,233678.5,1
RET0003350,PO0043361,VND00307,SKU1558,Electronics,11/09/2024,expiry,36,224.47,Manager_B,Pending,8080.92,1
RET0002035,PO0020252,VND00039,SKU4554,Chemicals,07/31/2024,Defective Item,193,1795.88,,Processed,346604.84,1
RET0004483,PO0013188,VND00792,SKU2629,Packaging,06/18/2023,Expired Product,119,4858.14,Manager_B,Processed,578118.66,1
RET0000873,PO0041212,VND00238,SKU2029,Electronics,06/30/2022,Wrong Item Delivered,214,3437.98,Manager_C,Processed,735727.72,1
RET0000737,PO0022168,VND00807,SKU3701,Chemicals,05/28/2024,Defective Item,209,1234.37,Manager_B,Processed,257983.33,1
RET0002376,PO0004282,VND00572,SKU4902,Textiles,05/25/2024,Quality Failure,61,4609.62,Manager_A,Pending,281186.82,1
RET0001438,PO0033731,VND00837,SKU4038,Spare Parts,07/04/2021,Wrong Item Delivered,175,4164.06,Manager_A,Processed,728710.5,1
RET0004583,PO0025782,VND00994,SKU3518,Machinery,07/21/2021,Over Shipment,252,961.57,Manager_C,Pending,242315.64,1
RET0004940,PO0021620,VND00859,SKU2345,Machinery,03/30/2023,Defective Item,43,569.29,Manager_B,Pending,24479.47,1
RET0000615,PO0015799,VND00413,SKU5792,IT Equipment,03/31/2022,Expired Product,381,1107.27,Manager_B,Processed,421869.87,1
RET0002226,PO0039506,VND00714,SKU1113,Machinery,12/22/2024,Wrong Item Delivered,331,1788.81,,Processed,592096.11,1
RET0001093,PO0007333,VND00734,SKU1243,Textiles,12/17/2021,Wrong Quantity,201,3825.29,Manager_A,Processed,768883.29,1
RET0001155,PO0006614,VND00852,SKU2583,Electronics,04/05/2022,Expired Product,140,3621.67,Manager_A,Processed,507033.8,1
RET0000464,PO0014775,VND00185,SKU4889,Textiles,03/20/2021,Damaged Packaging,147,3197.43,,Processed,470022.21,1
RET0003872,PO0027043,VND00065,SKU3030,Raw Material,02/18/2022,Wrong Item Delivered,46,2737.17,Manager_B,Processed,125909.82,1
RET0002184,PO0008002,VND00034,SKU2474,Chemicals,02/11/2024,Expired Product,320,3687.64,Manager_C,Pending,1180044.8,1
RET0003483,PO0038887,VND00779,SKU4520,Machinery,01/12/2023,Damaged Packaging,374,4543.87,Manager_C,Processed,1699407.38,1
RET0002810,PO0019044,VND00103,SKU2931,Electronics,01/29/2022,Wrong Item Delivered,289,2384.03,Manager_A,Processed,688984.67,1
RET0002260,PO0042253,VND00540,SKU3964,IT Equipment,07/22/2022,Over Shipment,37,572.46,Manager_A,Processed,21181.02,1
RET0002233,PO0013613,VND00564,SKU1131,Packaging,09/04/2023,Defective Item,227,4734.87,,Processed,1074815.49,1
RET0001385,PO0037496,VND00899,SKU5507,IT Equipment,11/15/2024,Expired Product,45,3836.3,Manager_B,Rejected,172633.5,1
RET0000642,PO0043019,VND00427,SKU5289,Electronics,04/17/2021,Wrong Item Delivered,64,871.16,Manager_C,Rejected,55754.24,1
RET0003673,PO0016764,VND00400,SKU2435,IT Equipment,05/31/2022,Quality Failure,363,34.43,Manager_A,Rejected,12498.09,1
RET0000411,PO0009650,VND00317,SKU2676,Machinery,10/19/2023,Damaged Packaging,354,3545.7,,Processed,1255177.8,1
RET0000064,PO0028571,VND00245,SKU4023,Electronics,06/01/2021,Wrong Item Delivered,295,4164.99,Manager_B,Pending,1228672.05,1
RET0003014,PO0043159,VND00619,SKU4395,Spare Parts,02/21/2022,Expired Product,130,746.15,Manager_C,Pending,96999.5,1
RET0004128,PO0004942,VND00372,SKU4545,Raw Material,08/23/2024,Wrong Quantity,121,4514.55,Manager_C,Processed,546260.55,1
RET0003680,PO0019790,VND00199,SKU2411,Packaging,04/11/2021,Expired Product,470,683.38,Manager_B,Processed,321188.6,1
RET0003031,PO0006342,VND00736,SKU1786,Packaging,05/16/2023,Expired Product,446,4269.55,Manager_A,Rejected,1904219.3,1
RET0004529,PO0016606,VND00057,SKU4268,IT Equipment,07/18/2022,Defective Item,38,103.7,,Pending,3940.6,1
RET0000549,PO0007928,VND00358,SKU4629,Textiles,11/14/2023,,274,532.61,Manager_C,Rejected,145935.14,1
RET0004332,PO0042300,VND00704,SKU5980,IT Equipment,11/25/2022,Wrong Quantity,245,1098.23,Manager_B,Processed,269066.35,1
RET0001622,PO0039216,VND00732,SKU1635,Packaging,01/28/2022,Expired Product,264,3516.67,Manager_A,Processed,928400.88,1
RET0004285,PO0036737,VND00909,SKU4353,Packaging,01/10/2023,Over Shipment,453,1626.39,Manager_C,Processed,736754.67,1
RET0003034,PO0038293,VND00711,SKU1102,IT Equipment,07/28/2021,Defective Item,408,4640.41,Manager_A,Processed,1893287.28,1
RET0002494,PO0043069,VND00250,SKU3175,Spare Parts,11/05/2021,Wrong Quantity,350,4953.07,Manager_B,Processed,1733574.5,1
RET0004007,PO0049189,VND00081,SKU3845,Machinery,05/26/2021,Damaged Packaging,351,814.62,,Pending,285931.62,1
RET0001163,PO0033647,VND00808,SKU4233,Raw Material,01/21/2023,Wrong Item,214,4288.8,Manager_A,Pending,917803.2,1
RET0002280,PO0041390,VND00591,SKU5304,Spare Parts,07/06/2023,Expired Product,294,4434.95,Manager_A,Processed,1303875.3,1
RET0001320,PO0026249,VND00001,SKU4980,Spare Parts,12/28/2022,,312,4660.1,Manager_C,Processed,1453951.2,1
RET0001493,PO0016877,VND00533,SKU5457,Raw Material,11/19/2024,Defective Item,478,2740.59,,Processed,1310002.02,1
RET0004752,PO0015644,VND00141,SKU2745,Raw Material,05/10/2022,Damaged Packaging,345,1558.03,Manager_B,Processed,537520.35,1
RET0003609,PO0036812,VND00992,SKU4914,Electronics,11/12/2023,Wrong Item Delivered,0,4330.69,Manager_A,Rejected,0,0
RET0004518,PO0007967,VND00671,SKU2517,Machinery,10/15/2023,Quality Failure,227,4780.39,,,1085148.53,1
RET0003912,PO0011347,VND00096,SKU1667,Machinery,08/02/2022,Wrong Quantity,63,3759.51,Manager_B,Rejected,236849.13,1
RET0004538,PO0009355,VND00780,SKU4357,Packaging,10/23/2022,Expired Product,380,2426.25,Manager_A,Pending,921975,1
RET0000254,PO0040289,VND00822,SKU4199,Raw Material,11/18/2022,Over Shipment,298,451.44,Manager_C,Pending,134529.12,1
RET0003430,PO0049283,VND00225,SKU4749,Raw Material,05/19/2024,Over Shipment,438,2077.55,Manager_B,Processed,909966.9,1
RET0003185,PO0036695,VND00326,SKU2739,Spare Parts,01/16/2022,Expired Product,170,4787.73,Manager_B,Processed,813914.1,1
RET0001977,PO0013464,VND00206,SKU3789,Raw Material,03/19/2021,Over Shipment,368,2303.54,Manager_C,Pending,847702.72,1
RET0001050,PO0009463,VND00961,SKU5078,Chemicals,07/20/2021,Damaged Packaging,98,1934.18,Manager_A,Processed,189549.64,1
RET0004326,PO0040264,VND00080,SKU4240,Machinery,07/20/2024,Defective Item,143,3870.42,Manager_A,Processed,553470.06,1
RET0002574,PO0017005,VND00400,SKU2083,Raw Material,03/19/2023,Damaged Packaging,482,3834.22,Manager_C,Processed,1848094.04,1
RET0002535,PO0009144,VND00414,SKU5878,IT Equipment,02/16/2021,Wrong Item Delivered,278,1004.67,,Processed,279298.26,1
RET0000854,PO0024767,VND00035,SKU2744,Spare Parts,08/26/2024,Expired Product,65,731.99,Manager_A,Processed,47579.35,1
RET0001994,PO0028926,VND00041,SKU4505,Chemicals,03/08/2021,over shipment,53,937.75,Manager_C,Processed,49700.75,1
RET0001027,PO0005179,VND00222,SKU4630,Chemicals,04/22/2024,Expired Product,453,3416.95,,Processed,1547878.35,1
RET0003191,PO0032518,VND00089,SKU2684,Chemicals,02/13/2021,Over Shipment,217,2956.76,Manager_A,Processed,641616.92,1
RET0000729,PO0012624,VND00263,SKU2168,Electronics,04/12/2023,Wrong Item Delivered,228,4676.17,Manager_B,Processed,1066166.76,1
RET0000198,PO0016159,VND00665,SKU4049,Electronics,08/24/2024,Wrong Item Delivered,462,3982.85,Manager_B,Pending,1840076.7,1
RET0000357,PO0000080,VND00615,SKU3569,Packaging,11/14/2024,Over Shipment,107,2542.56,Manager_A,Pending,272053.92,1
RET0003265,PO0021783,VND00218,SKU3790,Electronics,09/24/2023,Wrong Item Delivered,407,1676.94,Manager_B,Processed,682514.58,1
RET0004096,PO0027704,VND00926,SKU2875,Electronics,04/25/2022,Wrong Item Delivered,283,4409.4,Manager_A,Processed,1247860.2,1
RET0000640,PO0038340,VND00242,SKU3892,Chemicals,03/04/2022,Wrong Quantity,346,4563.86,Manager_C,Pending,1579095.56,1
RET0004198,PO0022046,VND00146,SKU5448,Chemicals,06/11/2024,Wrong Quantity,306,2099.22,Manager_C,Processed,642361.32,1
RET0000940,PO0001405,VND00849,SKU4973,Spare Parts,09/05/2023,Wrong Item Delivered,316,2877.89,Manager_C,Processed,909413.24,1
RET0003585,PO0027301,VND00926,SKU1029,Raw Material,07/19/2024,Wrong Item delivered,168,4658.24,Manager_B,Pending,782584.32,1
RET0003701,PO0042766,VND00209,SKU4676,Raw Material,05/21/2022,Over Shipment,21,3437.15,Manager_C,Pending,72180.15,1
RET0003299,PO0047474,VND00218,SKU3238,Raw Material,05/04/2023,Defective Item,485,4445.55,Manager_C,Processed,2156091.75,1
RET0003503,PO0001619,VND00353,SKU3238,Textiles,09/02/2022,Over Shipment,372,3558.95,Manager_C,Processed,1323929.4,1
RET0003682,PO0001551,VND00590,SKU5355,Packaging,04/01/2024,Over Shipment,64,2539.71,Manager_C,Pending,162541.44,1
RET0004257,PO0006355,VND00663,SKU2808,Chemicals,12/17/2024,Wrong Item Delivered,301,4643.09,Manager_B,Processed,1397570.09,1
RET0004537,PO0028682,VND00982,SKU5512,Spare Parts,08/13/2024,,382,3501.37,Manager_A,Pending,1337523.34,1
RET0000951,PO0007158,VND00402,SKU3598,Spare Parts,08/09/2022,,182,490.15,,Processed,89207.3,1
RET0004900,PO0014282,VND00728,SKU1084,Packaging,11/10/2022,Expired Product,362,1667.47,Manager_C,Pending,603624.14,1
RET0001255,PO0009717,VND00211,SKU4564,Chemicals,02/13/2023,Expired Product,280,1901.28,Manager_C,Processed,532358.4,1
RET0003091,PO0022255,VND00722,SKU5867,Raw Material,05/25/2024,Damaged Packaging,53,409.6,Manager_B,Processed,21708.8,1
RET0000715,PO0001625,VND00837,SKU2133,Electronics,01/28/2024,Defective Item,294,1084.8,Manager_B,Pending,318931.2,1
RET0001262,PO0018360,VND00532,SKU5624,Electronics,09/15/2024,Quality Failure,83,1546.42,Manager_B,Processed,128352.86,1
RET0001265,PO0041964,VND00123,SKU4851,Spare Parts,01/05/2021,Defective Item,286,1185.25,Manager_A,Rejected,338981.5,1
RET0003934,PO0013144,VND00964,SKU4780,Spare Parts,05/29/2022,Defective Item,475,2723.47,Manager_C,Processed,1293648.25,1
RET0003176,PO0021643,VND00646,SKU5664,Machinery,10/08/2022,Wrong Item Delivered,359,4022.76,Manager_A,Processed,1444170.84,1
RET0003454,PO0043451,VND00917,SKU3469,Chemicals,01/01/2024,Quality Failure,433,3388.13,Manager_C,Processed,1467060.29,1
RET0003077,PO0034679,VND00783,SKU5919,Machinery,12/17/2023,Quality Failure,232,954.82,Manager_B,Processed,221518.24,1
RET0000806,PO0040279,VND00644,SKU4959,Raw Material,10/01/2021,,336,3043.42,Manager_C,Pending,1022589.12,1
RET0003462,PO0022216,VND00096,SKU1711,Spare Parts,10/09/2024,over shipment,32,3296.29,,Pending,105481.28,1
RET0000660,PO0026186,VND00521,SKU2622,Electronics,07/21/2022,Damaged Packaging,254,4177.28,Manager_B,Rejected,1061029.12,1
RET0001361,PO0025760,VND00005,SKU1102,Raw Material,07/19/2022,Expired Product,216,3872.5,Manager_C,Processed,836460,1
RET0004992,PO0012000,VND00154,SKU4411,Packaging,10/01/2021,Defective Item,83,2355.86,Manager_B,Pending,195536.38,1
RET0003154,PO0040238,VND00842,SKU2766,Packaging,01/17/2024,Wrong Item Delivered,420,4156.5,,Processed,1745730,1
RET0000327,PO0039455,VND00860,SKU2380,Packaging,05/10/2024,Over Shipment,20,4551.99,,Processed,91039.8,1
RET0003137,PO0034606,VND00610,SKU1061,Raw Material,11/09/2021,Expired Product,397,4578.68,,Processed,1817735.96,1
RET0003847,PO0023906,VND00333,SKU4415,Machinery,06/21/2021,Wrong Item Delivered,229,2682.23,,Processed,614230.67,1
RET0001126,PO0046716,VND00995,SKU4443,Machinery,04/24/2023,Wrong Item Delivered,441,2976.99,Manager_B,Processed,1312852.59,1
RET0004592,PO0033867,VND00190,SKU3271,Packaging,08/29/2023,Damaged Packaging,39,1908.14,Manager_C,Processed,74417.46,1
RET0002152,PO0026492,VND00482,SKU2189,Spare Parts,10/17/2022,Damaged Packaging,320,2480.35,Manager_C,Processed,793712,1
RET0004238,PO0033285,VND00089,SKU5474,Machinery,10/09/2024,Wrong Item Delivered,167,22.87,Manager_B,Processed,3819.29,1
RET0004732,PO0036320,VND00668,SKU5524,Packaging,07/28/2023,Quality Failure,423,4779.38,Manager_A,Processed,2021677.74,1
RET0004409,PO0044212,VND00174,SKU1430,Raw Material,09/25/2023,Over Shipment,263,4769.79,Manager_A,Processed,1254454.77,1
RET0003734,PO0044358,VND00570,SKU1506,Chemicals,04/01/2021,Wrong Item Delivered,86,3027.9,Manager_A,Rejected,260399.4,1
RET0004095,PO0038557,VND00680,SKU1395,Spare Parts,03/14/2024,Defective Item,121,2819.46,Manager_B,Pending,341154.66,1
RET0001938,PO0001672,VND00913,SKU4510,Textiles,07/11/2023,Damaged Packaging,147,4837.91,Manager_B,Pending,711172.77,1
RET0002144,PO0002807,VND00246,SKU2816,Electronics,01/10/2023,Wrong Item Delivered,274,364.84,,Processed,99966.16,1
RET0000904,PO0008697,VND00074,SKU2880,Electronics,06/02/2021,Over Shipment,497,3372.07,,Pending,1675918.79,1
RET0000836,PO0010124,VND00135,SKU3516,IT Equipment,09/11/2024,Defective Item,276,4651.88,Manager_A,Processed,1283918.88,1
RET0004022,PO0022514,VND00150,SKU2259,Spare Parts,06/07/2021,Defective Item,99,1025.65,Manager_B,Processed,101539.35,1
RET0004930,PO0002206,VND00852,SKU3808,Electronics,02/17/2024,Wrong Quantity,397,3741.31,Manager_C,Pending,1485300.07,1
RET0003610,PO0016932,VND00181,SKU1353,Packaging,04/13/2023,Quality Failure,385,3718.31,Manager_A,Pending,1431549.35,1
RET0002762,PO0021876,VND00075,SKU1815,Electronics,09/23/2021,Defective Item,38,103.45,Manager_B,Rejected,3931.1,1
RET0004392,PO0003853,VND00133,SKU5431,Packaging,10/15/2022,Defective Item,249,3914.11,Manager_C,Pending,974613.39,1
RET0004175,PO0001501,VND00421,SKU5875,Spare Parts,02/13/2022,Wrong Quantity,17,115.11,Manager_A,Processed,1956.87,1
RET0004120,PO0005056,VND00487,SKU3254,Spare Parts,10/26/2023,Quality Failure,52,196.32,Manager_A,Pending,10208.64,1
RET0000673,PO0000412,VND00863,SKU1767,Chemicals,05/10/2023,Expired Product,99,670.43,Manager_C,Pending,66372.57,1
RET0000983,PO0021843,VND00543,SKU1398,Electronics,08/21/2022,Expired Product,152,4048.01,Manager_C,Processed,615297.52,1
RET0002493,PO0001708,VND00097,SKU5911,Electronics,05/31/2022,Damaged Packaging,70,2706.02,Manager_A,Pending,189421.4,1
RET0002972,PO0013618,VND00855,SKU2819,Electronics,03/05/2022,Wrong Quantity,49,4424.86,,Processed,216818.14,1
RET0001705,PO0031882,VND00306,SKU1639,IT Equipment,03/22/2024,Over Shipment,317,783.55,Manager_B,Processed,248385.35,1
RET0001978,PO0038895,VND00993,SKU3845,Packaging,01/30/2022,Defective Item,387,2428.79,Manager_A,Processed,939941.73,1
RET0001727,PO0005558,VND00348,SKU3118,Chemicals,03/27/2024,Wrong Item,451,2617.45,Manager_A,Rejected,1180469.95,1
RET0002208,PO0000018,VND00722,SKU1616,Textiles,10/14/2022,Expired,203,3649.07,Manager_B,Processed,740761.21,1
RET0000517,PO0046803,VND00007,SKU3636,Electronics,11/23/2024,Over Shipment,41,1385.44,,Processed,56803.04,1
RET0000928,PO0046938,VND00988,SKU5823,Spare Parts,01/07/2021,Quality Failure,434,2456.69,Manager_C,Pending,1066203.46,1
RET0001679,PO0044821,VND00815,SKU5638,Chemicals,06/02/2022,Wrong Quantity,155,4619.27,Manager_A,Processed,715986.85,1
RET0001767,PO0010706,VND00094,SKU3196,Electronics,07/16/2021,Over Shipment,367,841.94,,Processed,308991.98,1
RET0001902,PO0044917,VND00647,SKU4611,IT Equipment,09/03/2024,Wrong Item Delivered,337,4020.42,Manager_B,Pending,1354881.54,1
RET0001017,PO0034014,VND00033,SKU1723,Electronics,10/20/2021,Wrong Quantity,478,518.73,Manager_B,Pending,247952.94,1
RET0004310,PO0032169,VND00767,SKU2600,Chemicals,05/23/2022,Damaged Packaging,144,3901.05,Manager_C,Processed,561751.2,1
RET0001427,PO0007750,VND00590,SKU2102,Raw Material,05/29/2024,Damaged Packaging,346,3188.59,Manager_A,Processed,1103252.14,1
RET0000503,PO0036938,VND00075,SKU1360,IT Equipment,09/27/2021,Expired Product,82,3777.84,,Processed,309782.88,1
RET0000006,PO0033122,VND00120,SKU4968,Chemicals,01/04/2023,Damaged Packaging,479,1846.7,,Rejected,884569.3,1
RET0004056,PO0011728,VND00388,SKU5133,Electronics,11/21/2021,Wrong Item Delivered,33,2822.62,Manager_C,Pending,93146.46,1
RET0000318,PO0043915,VND00265,SKU2496,IT Equipment,05/30/2022,Quality Failure,482,4951.01,Manager_A,,2386386.82,1
RET0000485,PO0039671,VND00890,SKU5342,Spare Parts,02/04/2021,Expired Product,304,4789.7,,Pending,1456068.8,1
RET0000817,PO0034792,VND00889,SKU1163,Textiles,07/12/2024,Expired Product,161,3191,Manager_B,Processed,513751,1
RET0000156,PO0011743,VND00995,SKU3065,Electronics,11/01/2024,damaged packaging,470,4119.9,Manager_C,,1936353,1
RET0000524,PO0007456,VND00150,SKU5751,Textiles,03/22/2024,Quality Failure,430,4808.37,,,2067599.1,1
RET0002630,PO0043608,VND00005,SKU2027,Spare Parts,06/08/2022,expiry,374,1530.84,,Rejected,572534.16,1
RET0004226,PO0018549,VND00869,SKU1991,IT Equipment,08/03/2024,,276,2929.4,Manager_B,Pending,808514.4,1
RET0001158,PO0013214,VND00612,SKU1363,Packaging,09/13/2021,Over Shipment,156,1478.36,Manager_C,Pending,230624.16,1
RET0002886,PO0045182,VND00086,SKU5269,Chemicals,08/10/2023,Damaged Packaging,127,3792.1,Manager_A,Processed,481596.7,1
RET0000286,PO0048578,VND00424,SKU1451,Chemicals,12/26/2022,Defective Item,31,4322.83,Manager_B,Processed,134007.73,1
RET0001217,PO0034808,VND00024,SKU1737,Chemicals,04/14/2022,Damaged Packaging,391,4513.48,Manager_C,Processed,1764770.68,1
RET0004329,PO0040728,VND00086,SKU1547,Raw Material,08/28/2021,expiry,61,4139.56,Manager_C,Processed,252513.16,1
RET0003964,PO0030589,VND00653,SKU1037,Chemicals,12/18/2024,Defective Item,306,3199.59,Manager_B,Pending,979074.54,1
RET0003379,PO0049009,VND00437,SKU1150,Spare Parts,02/01/2022,Quality Failure,403,2779.42,Manager_A,Processed,1120106.26,1
RET0002778,PO0041088,VND00465,SKU3779,Textiles,02/07/2023,Damaged Packaging,125,4572.18,Manager_A,Pending,571522.5,1
RET0003803,PO0021458,VND00719,SKU1667,Chemicals,06/20/2022,Wrong Quantity,365,3285.37,Manager_C,Rejected,1199160.05,1
RET0003923,PO0041213,VND00261,SKU5504,Raw Material,12/01/2023,Damaged Packaging,191,1895.79,Manager_C,Rejected,362095.89,1
RET0001877,PO0045463,VND00849,SKU3491,Packaging,02/26/2022,Damaged Packaging,67,82.48,Manager_C,Processed,5526.16,1
RET0002512,PO0029673,VND00714,SKU4561,Chemicals,09/30/2021,Expired Product,277,3991.03,Manager_A,Processed,1105515.31,1
RET0003667,PO0005548,VND00831,SKU1517,IT Equipment,07/15/2022,Wrong Item Delivered,130,3399.81,,Pending,441975.3,1
RET0004799,PO0011400,VND00081,SKU4786,Electronics,07/28/2022,Wrong Item Delivered,237,2838.88,,Processed,672814.56,1
RET0000747,PO0031085,VND00446,SKU4342,Textiles,11/17/2023,Expired Product,317,129.98,Manager_A,Pending,41203.66,1
RET0002458,PO0045611,VND00985,SKU4300,Spare Parts,10/18/2023,Wrong Quantity,385,4793.95,,Pending,1845670.75,1
RET0004788,PO0038082,VND00296,SKU3468,Spare Parts,01/15/2024,Quality Failure,415,248.65,Manager_C,Processed,103189.75,1
RET0000837,PO0040989,VND00407,SKU4495,Packaging,04/21/2022,Defective Item,154,443.91,Manager_C,Pending,68362.14,1
RET0002792,PO0036409,VND00835,SKU3075,Chemicals,10/11/2023,Over Shipment,400,1955.98,Manager_C,Processed,782392,1
RET0004317,PO0026749,VND00912,SKU1744,Raw Material,02/10/2021,Quality Failure,302,4066.59,Manager_A,Processed,1228110.18,1
RET0001934,PO0036342,VND00421,SKU4865,Textiles,02/28/2024,Defective Item,321,1076.58,,Processed,345582.18,1
RET0004302,PO0049827,VND00288,SKU4675,Textiles,01/26/2023,Wrong Item Delivered,434,360.58,,Rejected,156491.72,1
RET0004590,PO0034655,VND00775,SKU3684,Packaging,02/09/2024,Quality Failure,182,4190.09,Manager_A,Processed,762596.38,1
RET0004266,PO0018014,VND00399,SKU3383,Packaging,11/03/2023,Damaged Packaging,9,4251.6,Manager_A,Processed,38264.4,1
RET0000459,PO0000121,VND00153,SKU5727,Electronics,02/02/2024,Over Shipment,492,4648.99,Manager_B,Processed,2287303.08,1
RET0003339,PO0011822,VND00707,SKU2344,Packaging,01/31/2024,Quality Failure,454,1912.01,Manager_C,Processed,868052.54,1
RET0001023,PO0005729,VND00311,SKU5037,Packaging,12/17/2021,Defective Item,85,3730.89,Manager_C,Processed,317125.65,1
RET0003163,PO0021379,VND00264,SKU3503,Packaging,12/03/2023,Over Shipment,136,726.23,Manager_C,Pending,98767.28,1
RET0004657,PO0026227,VND00182,SKU5369,Raw Material,02/23/2023,Quality Failure,454,1781.25,,Processed,808687.5,1
RET0001037,PO0026051,VND00677,SKU1768,IT Equipment,08/27/2023,Defective Item,308,1908.41,,Pending,587790.28,1
RET0003238,PO0010175,VND00884,SKU3711,Machinery,10/02/2022,Expired Product,212,1220.88,Manager_A,Pending,258826.56,1
RET0002063,PO0030270,VND00662,SKU2723,Spare Parts,11/19/2023,Wrong Item Delivered,282,4649.28,Manager_C,Processed,1311096.96,1
RET0004689,PO0034689,VND00012,SKU2025,Chemicals,11/06/2021,Wrong Quantity,308,3964.63,Manager_B,Pending,1221106.04,1
RET0004928,PO0028470,VND00692,SKU2595,Textiles,01/07/2022,Wrong Item,318,654.59,,Pending,208159.62,1
RET0003874,PO0047795,VND00446,SKU2910,Raw Material,11/25/2021,Quality Failure,58,3481.27,Manager_C,Processed,201913.66,1
RET0000998,PO0040068,VND00754,SKU4557,Textiles,11/22/2022,Quality Failure,91,4087.32,Manager_A,,371946.12,1
RET0000751,PO0027111,VND00181,SKU2680,Spare Parts,03/06/2021,expiry,370,1070.39,Manager_C,Processed,396044.3,1
RET0002101,PO0040927,VND00557,SKU4956,Raw Material,03/06/2023,Damaged Packaging,97,777.54,Manager_A,Processed,75421.38,1
RET0002856,PO0007890,VND00222,SKU1672,IT Equipment,07/02/2024,Defective Item,314,3698.29,,Pending,1161263.06,1
RET0002175,PO0026008,VND00361,SKU1751,Machinery,11/20/2023,Damaged Packaging,111,1540.04,,Processed,170944.44,1
RET0003286,PO0020302,VND00877,SKU2724,Electronics,10/20/2024,Defective Item,320,1519.27,Manager_A,Processed,486166.4,1
RET0002283,PO0018492,VND00313,SKU3130,Chemicals,05/13/2023,Over Shipment,261,4898.95,Manager_C,Pending,1278625.95,1
RET0004459,PO0020963,VND00659,SKU3505,Chemicals,03/23/2023,Damaged Packaging,143,3908.34,Manager_A,Processed,558892.62,1
RET0003545,PO0041337,VND00174,SKU2249,Textiles,05/11/2023,,9,4684.09,,Processed,42156.81,1
RET0002044,PO0049984,VND00080,SKU1609,Textiles,09/01/2022,Quality Failure,132,3041.23,Manager_C,Pending,401442.36,1
RET0002055,PO0006727,VND00226,SKU2437,Raw Material,10/06/2021,Defective Item,232,332.09,Manager_C,Pending,77044.88,1
RET0002079,PO0041572,VND00706,SKU1456,Raw Material,02/27/2023,,55,4515.54,,Processed,248354.7,1
RET0004882,PO0005407,VND00189,SKU1759,Machinery,04/07/2024,Over Shipment,131,655.26,,Pending,85839.06,1
RET0003745,PO0043835,VND00373,SKU2444,Packaging,11/04/2021,Wrong Quantity,286,1970.98,Manager_C,Processed,563700.28,1
RET0003567,PO0031056,VND00363,SKU1840,IT Equipment,02/17/2023,Wrong Quantity,424,919.28,Manager_C,Processed,389774.72,1
RET0003449,PO0016244,VND00409,SKU4418,Textiles,04/16/2024,Expired Product,117,3734.8,Manager_C,Processed,436971.6,1
RET0000706,PO0018007,VND00387,SKU4779,Machinery,01/13/2021,Wrong Quantity,414,68.71,Manager_A,Pending,28445.94,1
RET0001539,PO0001558,VND00747,SKU1749,IT Equipment,04/24/2024,Over Shipment,62,432.38,Manager_B,,26807.56,1
RET0002604,PO0040463,VND00262,SKU5547,Raw Material,03/01/2021,Wrong Item Delivered,438,3475.1,Manager_B,Processed,1522093.8,1
RET0004631,PO0019250,VND00196,SKU4085,Textiles,01/25/2024,Damaged Packaging,336,3876.63,Manager_A,Processed,1302547.68,1
RET0000413,PO0006041,VND00252,SKU1459,Raw Material,04/03/2022,Wrong Item Delivered,474,450.28,Manager_B,Processed,213432.72,1
RET0003832,PO0043889,VND00961,SKU3591,Spare Parts,12/23/2022,Damaged Packaging,110,1579.88,Manager_B,Pending,173786.8,1
RET0002200,PO0041486,VND00203,SKU3692,Packaging,08/08/2023,Defective Item,241,4093.07,Manager_B,Pending,986429.87,1
RET0002299,PO0011818,VND00483,SKU3282,Chemicals,03/18/2021,Defective Item,214,1391.42,Manager_A,Processed,297763.88,1
RET0001094,PO0022832,VND00287,SKU1078,Machinery,04/14/2022,Defective Item,49,1641,Manager_B,Rejected,80409,1
RET0003369,PO0032852,VND00810,SKU3154,Textiles,07/22/2023,Wrong Quantity,423,2733.65,Manager_B,Processed,1156333.95,1
RET0000980,PO0030514,VND00663,SKU2996,Textiles,09/16/2023,Defective Item,90,3056.39,,Processed,275075.1,1
RET0001153,PO0000873,VND00968,SKU2472,Chemicals,07/13/2022,Defective Item,471,3646.16,Manager_B,Pending,1717341.36,1
RET0001375,PO0024135,VND00992,SKU4655,Packaging,07/18/2021,Over Shipment,433,4872.18,Manager_B,Pending,2109653.94,1
RET0004575,PO0022218,VND00391,SKU2801,Raw Material,09/02/2024,Defective Item,368,3415.19,,Pending,1256789.92,1
RET0001576,PO0033986,VND00624,SKU1356,Machinery,09/05/2021,Wrong Quantity,305,3840.31,Manager_C,Processed,1171294.55,1
RET0003291,PO0000418,VND00765,SKU2734,Machinery,12/31/2021,Damaged Packaging,38,3385.8,Manager_B,Processed,128660.4,1
RET0003233,PO0003499,VND00124,SKU1595,IT Equipment,02/23/2024,Quality Failure,337,32.96,Manager_A,Pending,11107.52,1
RET0001399,PO0022709,VND00618,SKU1747,Machinery,09/16/2024,Wrong Quantity,77,3692.54,,Processed,284325.58,1
RET0003305,PO0014838,VND00425,SKU1511,IT Equipment,12/26/2024,Quality Failure,176,1195.79,Manager_B,Processed,210459.04,1
RET0004213,PO0017998,VND00140,SKU1508,Raw Material,07/09/2022,Damaged Packaging,268,3216.5,Manager_C,Pending,862022,1
RET0000215,PO0030138,VND00157,SKU4286,Chemicals,06/30/2024,Defective Item,485,807.23,,Processed,391506.55,1
RET0004453,PO0034960,VND00451,SKU4943,Packaging,08/27/2022,Damaged Packaging,159,4180.28,Manager_B,Pending,664664.52,1
RET0000832,PO0008641,VND00851,SKU1133,Packaging,11/09/2022,Quality Failure,211,2714.05,Manager_B,Processed,572664.55,1
RET0004036,PO0035116,VND00422,SKU2347,Electronics,10/17/2021,Wrong Quantity,10,1783.21,,Rejected,17832.1,1
RET0004105,PO0043782,VND00959,SKU4204,Spare Parts,04/29/2021,Defective Item,172,1241.78,Manager_C,Processed,213586.16,1
RET0003254,PO0037727,VND00900,SKU2765,Electronics,09/14/2021,Damaged Packaging,293,1340.31,Manager_C,Processed,392710.83,1
RET0003477,PO0011590,VND00368,SKU2872,Electronics,03/04/2023,Over Shipment,41,2968.29,,Pending,121699.89,1
RET0001272,PO0013066,VND00852,SKU2636,Spare Parts,02/13/2022,Defective Item,402,124.52,,Pending,50057.04,1
RET0001373,PO0047659,VND00221,SKU5639,Electronics,12/03/2022,Over Shipment,378,1079.72,Manager_B,Processed,408134.16,1
RET0002617,PO0025115,VND00825,SKU4588,Textiles,08/17/2023,Wrong Quantity,333,4382.23,Manager_A,Processed,1459282.59,1
RET0004296,PO0000579,VND00710,SKU2927,Spare Parts,09/27/2021,Over Shipment,230,1793.29,Manager_A,Rejected,412456.7,1
RET0004769,PO0023498,VND00532,SKU1212,Packaging,12/22/2023,Wrong Quantity,79,3045.38,Manager_A,Processed,240585.02,1
RET0000122,PO0048532,VND00281,SKU3618,Spare Parts,09/24/2023,Defective Item,229,3416.8,Manager_C,Processed,782447.2,1
RET0003129,PO0017713,VND00973,SKU4920,Machinery,11/27/2021,Expired Product,427,1996.44,,Pending,852479.88,1
RET0003055,PO0040173,VND00250,SKU2330,Textiles,08/22/2022,Over Shipment,107,213.85,Manager_B,Pending,22881.95,1
RET0004414,PO0029004,VND00643,SKU5407,Raw Material,03/28/2021,Expired Product,346,1150.5,Manager_A,Processed,398073,1
RET0003467,PO0031784,VND00406,SKU5773,Raw Material,09/18/2021,Defective Item,138,127.97,Manager_A,Pending,17659.86,1
RET0003975,PO0043424,VND00240,SKU4032,Chemicals,04/05/2023,Wrong Quantity,116,1676.05,,Processed,194421.8,1
RET0002775,PO0023817,VND00422,SKU3667,Raw Material,02/23/2022,Wrong Quantity,177,3447.65,Manager_B,Rejected,610234.05,1
RET0002760,PO0029957,VND00238,SKU4461,Chemicals,05/15/2021,Damaged Packaging,85,1854.96,Manager_B,Processed,157671.6,1
RET0002117,PO0046932,VND00122,SKU4254,Raw Material,07/13/2022,Wrong Item Delivered,486,1111.15,Manager_A,Processed,540018.9,1
RET0004364,PO0012518,VND00050,SKU1624,Textiles,10/10/2023,Expired Product,466,1528.08,Manager_B,Processed,712085.28,1
RET0000973,PO0013407,VND00198,SKU3122,Spare Parts,05/15/2021,Expired,355,4075.42,Manager_C,Processed,1446774.1,1
RET0000060,PO0000740,VND00125,SKU1973,Chemicals,06/20/2023,Over Shipment,389,2626.19,Manager_C,Processed,1021587.91,1
RET0002007,PO0025881,VND00828,SKU1078,Chemicals,09/28/2023,Expired Product,432,3590.81,Manager_B,Processed,1551229.92,1
RET0003812,PO0012044,VND00101,SKU5177,Chemicals,12/06/2021,Damaged Packaging,220,1871.34,Manager_A,,411694.8,1
RET0000321,PO0001199,VND00174,SKU5492,Electronics,06/27/2024,expiry,200,1863.69,Manager_B,Pending,372738,1
RET0003809,PO0020438,VND00224,SKU2705,Electronics,03/26/2022,Over Shipment,230,3512.65,,Pending,807909.5,1
RET0000696,PO0014038,VND00895,SKU3987,Spare Parts,06/20/2023,Over Shipment,129,2338.25,,Processed,301634.25,1
RET0002892,PO0013146,VND00440,SKU4464,Machinery,08/05/2023,Wrong Item,478,4220.09,Manager_B,Pending,2017203.02,1
RET0003759,PO0042746,VND00917,SKU4471,Spare Parts,01/19/2021,Wrong Item,205,4389.9,Manager_B,Rejected,899929.5,1
RET0001587,PO0017288,VND00741,SKU3539,IT Equipment,02/01/2023,Wrong Item Delivered,467,376.2,Manager_B,Pending,175685.4,1
RET0001534,PO0005871,VND00292,SKU4476,Chemicals,06/16/2021,Wrong Item Delivered,339,1116.94,,Rejected,378642.66,1
RET0002674,PO0007903,VND00146,SKU5942,Chemicals,07/02/2024,Quality Failure,137,4454.44,Manager_A,Pending,610258.28,1
RET0004275,PO0023664,VND00874,SKU4757,IT Equipment,02/22/2022,Wrong Quantity,445,3175.87,Manager_C,,1413262.15,1
RET0002989,PO0025303,VND00709,SKU2577,Electronics,02/20/2024,Expired Product,437,243.93,Manager_C,Processed,106597.41,1
RET0001908,PO0040943,VND00192,SKU3581,Raw Material,10/04/2021,over shipment,312,1093.48,Manager_A,,341165.76,1
RET0004546,PO0040291,VND00471,SKU5096,Textiles,01/26/2024,Over Shipment,78,4059.7,Manager_C,,316656.6,1
RET0004640,PO0013314,VND00350,SKU5632,IT Equipment,01/06/2024,Wrong Item,410,427.34,,Pending,175209.4,1
RET0001593,PO0027368,VND00276,SKU1328,Electronics,05/07/2021,Wrong Quantity,70,3658.58,Manager_B,Processed,256100.6,1
RET0002037,PO0019940,VND00026,SKU4280,Packaging,09/15/2024,Damaged Packaging,35,3245.82,Manager_B,,113603.7,1
RET0001178,PO0028698,VND00533,SKU5657,Machinery,03/08/2023,Wrong Quantity,250,4396.39,Manager_B,Pending,1099097.5,1
RET0003251,PO0048503,VND00773,SKU3375,IT Equipment,05/18/2021,Wrong Item,35,1656.77,Manager_B,Processed,57986.95,1
RET0001388,PO0020687,VND00034,SKU3347,Chemicals,05/26/2022,Wrong Item Delivered,216,1488.97,Manager_B,Pending,321617.52,1
RET0000027,PO0023881,VND00871,SKU1412,Raw Material,09/05/2023,Damaged Packaging,146,1041.28,Manager_B,Processed,152026.88,1
RET0001964,PO0047900,VND00253,SKU4456,Textiles,11/16/2024,Defective Item,16,4109.21,Manager_A,Processed,65747.36,1
RET0000055,PO0048538,VND00814,SKU1921,Textiles,11/19/2024,Defective Item,327,735.24,Manager_B,Pending,240423.48,1
RET0001956,PO0015152,VND00432,SKU4406,Packaging,12/23/2021,Expired Product,143,365.86,Manager_B,Processed,52317.98,1
RET0004757,PO0006903,VND00548,SKU2196,IT Equipment,03/01/2022,Damaged Packaging,70,3333.28,Manager_B,Processed,233329.6,1
RET0003716,PO0030323,VND00522,SKU1608,Raw Material,08/13/2024,Wrong Item Delivered,70,1146.83,Manager_C,Pending,80278.1,1
RET0003906,PO0002881,VND00280,SKU3003,Chemicals,04/05/2024,Defective Item,428,799.98,Manager_C,Processed,342391.44,1
RET0002251,PO0010728,VND00913,SKU4622,Raw Material,02/02/2024,Wrong Quantity,262,1289.19,Manager_B,Pending,337767.78,1
RET0004628,PO0017107,VND00288,SKU3832,Packaging,03/19/2021,over shipment,66,3706.65,Manager_A,Processed,244638.9,1
RET0004539,PO0046497,VND00211,SKU3508,Electronics,02/24/2024,Defective Item,488,716.68,,,349739.84,1
RET0000029,PO0035837,VND00826,SKU3403,Machinery,06/23/2021,Over Shipment,337,3165.27,Manager_C,Processed,1066695.99,1
RET0003595,PO0044545,VND00817,SKU2813,Spare Parts,06/24/2024,Over Shipment,133,3217.34,Manager_A,Pending,427906.22,1
RET0003358,PO0034613,VND00749,SKU3699,IT Equipment,03/19/2024,expiry,98,2964.15,Manager_A,Processed,290486.7,1
RET0001993,PO0011488,VND00711,SKU5035,Spare Parts,04/12/2024,Expired Product,254,4662.59,Manager_A,Processed,1184297.86,1
RET0004237,PO0049485,VND00744,SKU1079,Machinery,06/21/2023,Damaged Packaging,337,2276.16,,Rejected,767065.92,1
RET0002322,PO0030214,VND00890,SKU3877,Raw Material,05/30/2024,Quality Failure,306,4047.24,Manager_C,Processed,1238455.44,1
RET0003178,PO0039096,VND00814,SKU5563,Chemicals,03/03/2022,Defective Item,281,2173.73,Manager_C,Processed,610818.13,1
RET0000782,PO0008190,VND00885,SKU3010,Electronics,04/14/2023,Wrong Quantity,315,649.88,Manager_B,Processed,204712.2,1
RET0001673,PO0030481,VND00976,SKU4216,Electronics,06/02/2021,Defective Item,433,1663.37,,Processed,720239.21,1
RET0003635,PO0006806,VND00814,SKU5184,Raw Material,10/29/2023,Damaged Packaging,46,116.19,,Processed,5344.74,1
RET0000135,PO0026823,VND00835,SKU5672,Chemicals,08/12/2021,Quality Failure,169,1741.22,Manager_C,Processed,294266.18,1
RET0002821,PO0045103,VND00362,SKU3199,Electronics,07/05/2023,Over Shipment,240,4761.94,Manager_A,Pending,1142865.6,1
RET0001711,PO0027300,VND00723,SKU1585,Textiles,05/09/2022,Damaged Packaging,298,2165.45,,Pending,645304.1,1
RET0002334,PO0011556,VND00179,SKU1018,Electronics,10/17/2024,Wrong Item Delivered,165,3536.94,Manager_C,Processed,583595.1,1
RET0001561,PO0001665,VND00977,SKU4439,Spare Parts,05/12/2024,Defective Item,46,1637.14,Manager_B,Processed,75308.44,1
RET0004259,PO0003306,VND00194,SKU2238,Machinery,10/10/2021,Quality Failure,399,3050.68,,Processed,1217221.32,1
RET0003972,PO0046552,VND00418,SKU2015,Machinery,05/01/2022,Quality Failure,236,3946.78,Manager_A,Pending,931440.08,1
RET0000189,PO0030656,VND00073,SKU3631,Spare Parts,02/18/2023,Quality Failure,288,971.41,Manager_C,Processed,279766.08,1
RET0001696,PO0010015,VND00680,SKU3704,Raw Material,04/09/2021,damaged packaging,375,1723.69,,Processed,646383.75,1
RET0004274,PO0030877,VND00918,SKU2549,Raw Material,10/20/2023,Wrong Item Delivered,17,1326.49,Manager_B,Processed,22550.33,1
RET0003936,PO0025114,VND00964,SKU1596,Electronics,01/31/2022,Over Shipment,276,1241.05,Manager_B,Pending,342529.8,1
RET0001241,PO0017175,VND00267,SKU5894,Raw Material,10/12/2023,Wrong Quantity,263,2625.84,Manager_A,Pending,690595.92,1
RET0003761,PO0013927,VND00041,SKU4408,Packaging,09/09/2024,Wrong Item Delivered,281,1773.44,Manager_B,Processed,498336.64,1
RET0001640,PO0048525,VND00053,SKU2911,Raw Material,03/13/2023,Wrong Item Delivered,108,2054.52,,Processed,221888.16,1
RET0002682,PO0010845,VND00538,SKU4439,Electronics,10/07/2024,Over Shipment,487,2144.16,Manager_A,Pending,1044205.92,1
RET0001454,PO0009010,VND00729,SKU4552,Raw Material,03/07/2024,Over Shipment,42,4010.73,Manager_A,Processed,168450.66,1
RET0000814,PO0011700,VND00783,SKU5719,Chemicals,02/26/2021,,355,3946.55,Manager_A,Pending,1401025.25,1
RET0002001,PO0029911,VND00221,SKU1604,Packaging,06/14/2021,Wrong Quantity,311,3220.76,Manager_A,Processed,1001656.36,1
RET0003156,PO0018341,VND00917,SKU2532,Textiles,07/24/2022,Quality Failure,408,3032.97,Manager_B,Pending,1237451.76,1
RET0004318,PO0043578,VND00087,SKU5633,IT Equipment,01/16/2023,Damaged Packaging,481,2961.02,,Processed,1424250.62,1
RET0001554,PO0046288,VND00606,SKU1120,IT Equipment,01/25/2021,Damaged Packaging,252,2972.42,,Pending,749049.84,1
RET0002680,PO0039574,VND00420,SKU1362,Textiles,11/04/2023,Expired Product,399,2954.4,Manager_C,Rejected,1178805.6,1
RET0004358,PO0012215,VND00871,SKU1455,Chemicals,04/14/2024,Damaged Packaging,0,4657.95,Manager_C,Pending,0,0
RET0003957,PO0045355,VND00552,SKU3984,Electronics,09/16/2022,Damaged Packaging,377,867.1,Manager_A,Rejected,326896.7,1
RET0003785,PO0028383,VND00539,SKU5218,Spare Parts,08/16/2022,Damaged Packaging,398,1871.74,Manager_B,Processed,744952.52,1
RET0003652,PO0038642,VND00521,SKU1868,Spare Parts,08/05/2023,Over Shipment,348,3707.43,Manager_A,Pending,1290185.64,1
RET0002323,PO0035392,VND00195,SKU1862,Machinery,09/10/2022,Damaged Packaging,60,1526.5,,Processed,91590,1
RET0001479,PO0048300,VND00854,SKU1111,Textiles,05/12/2024,Wrong Quantity,365,23.78,Manager_A,Processed,8679.7,1
RET0003391,PO0011188,VND00228,SKU3693,Electronics,07/26/2021,over shipment,100,4638.69,Manager_A,Processed,463869,1
RET0002866,PO0020968,VND00255,SKU2995,Packaging,05/28/2024,Wrong Item Delivered,462,1391.78,Manager_A,Pending,643002.36,1
RET0004428,PO0042179,VND00774,SKU5925,Textiles,12/12/2022,Damaged Packaging,492,1852.8,Manager_B,Processed,911577.6,1
RET0000632,PO0013495,VND00712,SKU3211,Electronics,02/06/2024,Quality Failure,82,3370.14,Manager_C,Pending,276351.48,1
RET0004497,PO0028477,VND00432,SKU2559,Electronics,03/31/2022,Over Shipment,281,3888.38,Manager_C,Pending,1092634.78,1
RET0000822,PO0023333,VND00129,SKU5336,Electronics,10/10/2022,Over Shipment,108,215.81,Manager_A,Processed,23307.48,1
RET0004382,PO0029314,VND00568,SKU1984,Spare Parts,08/26/2021,Damaged Packaging,345,3071.99,,Pending,1059836.55,1
RET0000775,PO0020224,VND00060,SKU2121,Electronics,03/05/2023,Damaged Packaging,159,966.96,,Pending,153746.64,1
RET0004953,PO0004188,VND00182,SKU1210,Packaging,01/05/2022,Over Shipment,493,907.3,Manager_A,Processed,447298.9,1
RET0001565,PO0035969,VND00123,SKU2371,Packaging,01/18/2024,Damaged Packaging,187,628.18,Manager_B,Processed,117469.66,1
RET0001552,PO0001467,VND00116,SKU2657,Textiles,05/30/2023,Quality Failure,315,2671.25,Manager_B,Processed,841443.75,1
RET0000886,PO0014780,VND00963,SKU5355,Textiles,04/18/2024,Damaged Packaging,282,3931,Manager_C,Processed,1108542,1
RET0003397,PO0010905,VND00518,SKU2647,Raw Material,02/23/2024,,202,4403.63,Manager_C,Processed,889533.26,1
RET0002611,PO0026157,VND00018,SKU1415,Chemicals,05/06/2021,Over Shipment,166,531.25,Manager_C,Processed,88187.5,1
RET0003452,PO0009377,VND00796,SKU2842,Machinery,07/02/2023,Wrong Quantity,303,3816.93,Manager_C,Processed,1156529.79,1
RET0002288,PO0016108,VND00327,SKU3938,Chemicals,03/31/2021,Wrong Item Delivered,203,1032.87,Manager_B,Pending,209672.61,1
RET0003572,PO0037572,VND00805,SKU2026,Spare Parts,12/26/2021,Damaged Packaging,69,1431.34,Manager_C,Processed,98762.46,1
RET0000709,PO0046020,VND00728,SKU1967,Raw Material,12/31/2022,Defective Item,145,1276.32,Manager_C,Processed,185066.4,1
RET0002868,PO0009354,VND00483,SKU1604,Spare Parts,10/29/2022,Wrong Quantity,481,2480.33,Manager_A,Processed,1193038.73,1
RET0002924,PO0014033,VND00794,SKU2098,Spare Parts,03/14/2022,Defective Item,251,3880.54,,Processed,974015.54,1
RET0001664,PO0004068,VND00804,SKU4905,Spare Parts,05/04/2021,Expired Product,96,161.81,Manager_C,Rejected,15533.76,1
RET0000225,PO0019331,VND00087,SKU3648,Spare Parts,05/31/2024,Damaged Packaging,256,964.49,Manager_A,Pending,246909.44,1
RET0001837,PO0040779,VND00009,SKU5222,IT Equipment,07/01/2021,Defective Item,27,778.2,Manager_A,Pending,21011.4,1
RET0004045,PO0018059,VND00794,SKU5431,IT Equipment,07/20/2022,Wrong Item Delivered,19,883.19,Manager_C,,16780.61,1
RET0004968,PO0045397,VND00356,SKU4656,Machinery,03/28/2021,Over Shipment,263,1839.09,,Processed,483680.67,1
RET0002543,PO0021246,VND00388,SKU5536,Textiles,10/01/2022,Wrong Quantity,375,2772.52,Manager_A,Pending,1039695,1
RET0002076,PO0049209,VND00338,SKU5669,Textiles,03/01/2022,Wrong Quantity,291,2297.59,,Processed,668598.69,1
RET0002725,PO0004275,VND00470,SKU2681,Packaging,07/23/2021,Damaged Packaging,304,1952.57,Manager_C,Pending,593581.28,1
RET0002816,PO0019674,VND00798,SKU1494,Textiles,09/05/2022,,472,3288.09,,Processed,1551978.48,1
RET0003895,PO0044821,VND00840,SKU5013,Textiles,10/03/2024,Quality Failure,461,107.87,Manager_B,Processed,49728.07,1
RET0004767,PO0026579,VND00812,SKU4735,Machinery,01/09/2024,Over Shipment,250,2294.83,Manager_A,Pending,573707.5,1
RET0001703,PO0016458,VND00918,SKU2749,Spare Parts,04/03/2021,Expired Product,176,1595.16,,Processed,280748.16,1
RET0004184,PO0040019,VND00552,SKU4459,Machinery,06/01/2023,,373,1875.59,Manager_A,Pending,699595.07,1
RET0000085,PO0036368,VND00582,SKU4027,Textiles,07/10/2022,Expired Product,410,1872.9,Manager_A,Pending,767889,1
RET0003406,PO0039469,VND00761,SKU2601,Chemicals,08/31/2021,Damaged Packaging,136,2404.99,Manager_B,Pending,327078.64,1
RET0003886,PO0023801,VND00246,SKU1311,Raw Material,12/26/2021,Defective Item,230,1453.33,Manager_A,Processed,334265.9,1
RET0004698,PO0035977,VND00533,SKU5665,Chemicals,09/18/2024,,141,781.93,Manager_A,Processed,110252.13,1
RET0002691,PO0042874,VND00741,SKU4003,Electronics,04/05/2022,Expired Product,51,453.93,,,23150.43,1
RET0004474,PO0008882,VND00740,SKU3700,IT Equipment,10/14/2021,Damaged Packaging,260,4508.43,Manager_A,Processed,1172191.8,1
RET0002393,PO0047089,VND00618,SKU1803,Packaging,11/03/2021,Over Shipment,56,1562,Manager_B,Pending,87472,1
RET0000989,PO0042155,VND00177,SKU4360,Textiles,09/11/2021,Wrong Item Delivered,185,270.64,Manager_C,Processed,50068.4,1
RET0003747,PO0010088,VND00122,SKU5164,Electronics,01/25/2021,Defective Item,57,3448.61,Manager_C,Processed,196570.77,1
RET0004674,PO0004453,VND00592,SKU3110,Machinery,05/24/2024,,444,854.62,Manager_B,Processed,379451.28,1
RET0003316,PO0003812,VND00087,SKU4037,Raw Material,11/08/2022,Damaged Packaging,196,2618.95,Manager_A,Pending,513314.2,1
RET0001910,PO0030690,VND00960,SKU5113,Machinery,02/23/2024,,250,197.12,,Processed,49280,1
RET0000744,PO0017454,VND00772,SKU4353,IT Equipment,03/16/2022,Expired Product,295,2864.97,Manager_C,Pending,845166.15,1
RET0001471,PO0037918,VND00364,SKU4367,Chemicals,10/17/2022,Over Shipment,281,4785.94,Manager_B,Pending,1344849.14,1
RET0004277,PO0049249,VND00394,SKU3667,Spare Parts,11/05/2022,Damaged Packaging,334,1201.14,,Processed,401180.76,1
RET0002981,PO0006150,VND00096,SKU1247,Raw Material,10/19/2024,Wrong Item Delivered,304,1098.14,,Pending,333834.56,1
RET0002456,PO0010141,VND00622,SKU2297,Raw Material,12/03/2021,Damaged Packaging,224,4854.88,Manager_A,Processed,1087493.12,1
RET0001464,PO0009532,VND00682,SKU5494,IT Equipment,01/16/2022,Wrong Item Delivered,271,1315.19,Manager_B,Rejected,356416.49,1
RET0001813,PO0013958,VND00815,SKU3505,Spare Parts,11/05/2022,Defective Item,60,4424.07,Manager_A,Pending,265444.2,1
RET0002148,PO0023226,VND00854,SKU4297,Machinery,08/30/2021,Damaged Packaging,120,3408.06,Manager_C,Processed,408967.2,1
RET0001849,PO0011534,VND00533,SKU5476,Textiles,04/12/2022,Damaged Packaging,310,4219.78,Manager_B,Processed,1308131.8,1
RET0002873,PO0045635,VND00952,SKU1179,Spare Parts,09/19/2022,Wrong Item Delivered,259,4286.36,Manager_A,Pending,1110167.24,1
RET0001988,PO0030910,VND00099,SKU3911,Packaging,03/06/2021,Quality Failure,484,3844.46,Manager_B,Pending,1860718.64,1
RET0001249,PO0013297,VND00294,SKU5767,Textiles,09/20/2024,Wrong Quantity,441,3064.04,,Rejected,1351241.64,1
RET0003465,PO0032285,VND00644,SKU5254,Machinery,10/07/2021,Quality Failure,477,4920.98,Manager_C,Processed,2347307.46,1
RET0002267,PO0027024,VND00975,SKU1810,IT Equipment,10/09/2021,Defective Item,318,2806.86,Manager_B,Processed,892581.48,1
RET0004434,PO0006760,VND00755,SKU3985,Textiles,02/05/2022,Quality Failure,317,111.96,,Pending,35491.32,1
RET0001836,PO0021781,VND00480,SKU5772,Electronics,02/21/2022,Wrong Item Delivered,147,1589.94,Manager_C,Processed,233721.18,1
RET0001330,PO0002934,VND00754,SKU3257,IT Equipment,11/07/2023,Defective Item,359,2278.29,,Rejected,817906.11,1
RET0002719,PO0042117,VND00997,SKU4936,Raw Material,10/06/2021,Quality Failure,14,783.36,,Pending,10967.04,1
RET0001721,PO0006808,VND00102,SKU1718,Chemicals,03/22/2024,Over Shipment,192,3740.62,Manager_A,Processed,718199.04,1
RET0001685,PO0049000,VND00900,SKU5062,Textiles,12/23/2023,Quality Failure,85,4111,Manager_A,Pending,349435,1
RET0003423,PO0021818,VND00810,SKU1818,Machinery,01/30/2021,Over Shipment,480,125.29,Manager_B,Pending,60139.2,1
RET0003311,PO0035989,VND00099,SKU4367,Textiles,08/29/2022,,498,3131.3,,Processed,1559387.4,1
RET0001019,PO0005997,VND00278,SKU3270,Textiles,08/20/2021,Expired Product,430,407.6,,Processed,175268,1
RET0002986,PO0019612,VND00935,SKU2833,Electronics,04/24/2022,Over Shipment,490,2181.01,Manager_C,Processed,1068694.9,1
RET0001797,PO0039859,VND00204,SKU1309,Packaging,01/08/2021,Damaged Packaging,116,1523.42,Manager_A,Pending,176716.72,1
RET0002203,PO0018220,VND00709,SKU5795,Machinery,01/09/2021,Over Shipment,239,3596.16,Manager_A,Processed,859482.24,1
RET0000930,PO0024662,VND00077,SKU3945,Raw Material,08/30/2022,Defective Item,56,2048.19,Manager_B,Pending,114698.64,1
RET0002950,PO0018754,VND00541,SKU4247,Machinery,08/03/2023,Quality Failure,130,2166.26,Manager_C,Pending,281613.8,1
RET0004824,PO0004435,VND00206,SKU4766,Spare Parts,08/21/2021,Expired Product,30,4285.75,Manager_A,Processed,128572.5,1
RET0001065,PO0023538,VND00905,SKU5310,Chemicals,03/16/2022,Damaged Packaging,440,3101.62,,Pending,1364712.8,1
RET0002237,PO0012385,VND00846,SKU1505,Machinery,05/12/2024,Quality Failure,125,59.73,Manager_A,,7466.25,1
RET0002705,PO0043338,VND00769,SKU1873,Spare Parts,11/12/2021,Over Shipment,358,4179.85,Manager_A,Processed,1496386.3,1
RET0003552,PO0021565,VND00752,SKU4839,Raw Material,03/24/2021,Expired Product,45,1007.78,,Processed,45350.1,1
RET0001691,PO0043104,VND00710,SKU1040,IT Equipment,02/22/2024,Damaged Packaging,427,4701.72,Manager_C,Pending,2007634.44,1
RET0003822,PO0007080,VND00269,SKU1547,Textiles,04/20/2024,Damaged Packaging,220,2981.2,Manager_B,Processed,655864,1
RET0003898,PO0019607,VND00698,SKU5929,Packaging,12/11/2021,Wrong Item Delivered,239,3362.32,,Processed,803594.48,1
RET0003143,PO0024726,VND00583,SKU5325,Electronics,11/28/2022,Wrong Quantity,163,2066.46,Manager_B,Processed,336832.98,1
RET0000335,PO0005159,VND00345,SKU5903,Spare Parts,08/25/2024,Quality Failure,474,3563.32,Manager_B,Pending,1689013.68,1
RET0000843,PO0018933,VND00272,SKU1585,Chemicals,02/06/2022,Over Shipment,268,519.01,Manager_B,Pending,139094.68,1
RET0000608,PO0018887,VND00190,SKU1328,Electronics,08/13/2021,,94,2000.81,Manager_A,Processed,188076.14,1
RET0002556,PO0015832,VND00766,SKU4390,Packaging,01/25/2021,Wrong Item Delivered,311,1235.26,,Pending,384165.86,1
RET0001708,PO0020104,VND00936,SKU1607,Raw Material,06/10/2023,Wrong Item Delivered,322,4752.7,Manager_C,Processed,1530369.4,1
RET0004840,PO0013062,VND00105,SKU3670,Spare Parts,08/17/2021,Quality Failure,92,3120.39,Manager_A,Pending,287075.88,1
RET0004709,PO0032681,VND00579,SKU3714,Machinery,01/04/2021,Quality Failure,310,524.8,Manager_C,Rejected,162688,1
RET0002033,PO0009094,VND00618,SKU4124,Electronics,02/08/2021,Damaged Packaging,102,2679.88,,Processed,273347.76,1
RET0000746,PO0011704,VND00460,SKU4463,Machinery,09/19/2024,Wrong Item Delivered,258,101.72,Manager_B,Processed,26243.76,1
RET0004090,PO0030426,VND00628,SKU1455,Electronics,12/18/2024,Expired Product,33,1860.44,Manager_C,Pending,61394.52,1
RET0001537,PO0019661,VND00538,SKU2138,Electronics,06/16/2021,Over Shipment,463,2188.77,Manager_A,,1013400.51,1
RET0003335,PO0008076,VND00621,SKU4827,Raw Material,01/05/2023,Wrong Item Delivered,74,258.12,,,19100.88,1
RET0004173,PO0030132,VND00840,SKU2196,Machinery,07/15/2024,Expired Product,155,3227.51,Manager_C,Processed,500264.05,1
RET0000117,PO0003533,VND00434,SKU5833,Electronics,04/17/2021,Over Shipment,430,42.69,Manager_C,Pending,18356.7,1
RET0000527,PO0020247,VND00565,SKU4911,Raw Material,06/25/2022,Expired product,389,2166.06,Manager_C,Processed,842597.34,1
RET0004044,PO0011531,VND00390,SKU5359,Packaging,02/17/2024,Defective Item,378,4946.99,,Processed,1869962.22,1
RET0002727,PO0015427,VND00951,SKU5565,IT Equipment,12/30/2024,Quality Failure,443,4289.59,,Pending,1900288.37,1
RET0000937,PO0014858,VND00104,SKU3178,Textiles,04/15/2021,Quality Failure,184,4322.96,Manager_B,Pending,795424.64,1
RET0001014,PO0006842,VND00819,SKU1370,IT Equipment,06/22/2021,Wrong Quantity,460,3031.03,Manager_A,Rejected,1394273.8,1
RET0000457,PO0009683,VND00154,SKU5226,Raw Material,09/10/2022,Quality Failure,329,3164.65,,Pending,1041169.85,1
RET0003965,PO0035529,VND00491,SKU3230,IT Equipment,08/23/2021,Quality Failure,191,3578.59,Manager_C,Processed,683510.69,1
RET0002807,PO0042417,VND00179,SKU5829,Machinery,07/21/2021,Expired,455,152.2,Manager_B,Pending,69251,1
RET0000534,PO0014959,VND00074,SKU3444,IT Equipment,05/13/2024,Wrong Quantity,287,1866.88,Manager_C,Pending,535794.56,1
RET0000606,PO0047060,VND00992,SKU4096,Packaging,12/01/2021,,271,469.03,Manager_A,Processed,127107.13,1
RET0001966,PO0025387,VND00143,SKU1970,Electronics,12/13/2023,Expired,21,394.14,Manager_C,Pending,8276.94,1
RET0002162,PO0031256,VND00373,SKU2213,Chemicals,03/24/2023,Defective Item,408,1737.75,Manager_C,Processed,709002,1
RET0001830,PO0008266,VND00506,SKU3860,Packaging,10/28/2021,Over Shipment,480,3442.77,Manager_B,Processed,1652529.6,1
RET0000554,PO0017240,VND00159,SKU5084,Chemicals,06/26/2021,Wrong Item Delivered,240,1251.94,Manager_B,Processed,300465.6,1
RET0000609,PO0048253,VND00760,SKU2077,IT Equipment,06/18/2023,Expired Product,163,3632.29,Manager_C,Processed,592063.27,1
RET0002500,PO0042582,VND00856,SKU4956,Textiles,04/26/2022,Expired Product,245,2308.77,Manager_A,Processed,565648.65,1
RET0002800,PO0032162,VND00786,SKU2307,Electronics,06/10/2021,Wrong Item Delivered,84,1193.03,Manager_B,Pending,100214.52,1
RET0004146,PO0027127,VND00531,SKU5200,Chemicals,06/26/2023,Damaged Packaging,108,4290.42,Manager_B,Pending,463365.36,1
RET0000105,PO0014540,VND00081,SKU4181,IT Equipment,05/21/2024,Wrong Item Delivered,478,41.06,Manager_A,Pending,19626.68,1
RET0000223,PO0048952,VND00766,SKU3006,Machinery,08/22/2024,Defective Item,367,3076.46,Manager_C,Processed,1129060.82,1
RET0001947,PO0022030,VND00677,SKU5011,IT Equipment,03/17/2023,Defective Item,279,4537.85,Manager_B,Rejected,1266060.15,1
RET0004990,PO0001022,VND00692,SKU1916,Spare Parts,05/06/2024,Over Shipment,349,3861.47,,Pending,1347653.03,1
RET0000926,PO0034087,VND00068,SKU3650,Spare Parts,07/25/2022,Damaged Packaging,227,2558.71,Manager_B,Processed,580827.17,1
RET0004298,PO0023579,VND00763,SKU3500,Raw Material,01/06/2022,Expired Product,215,2213.06,Manager_B,Processed,475807.9,1
RET0003063,PO0015503,VND00357,SKU3337,Packaging,05/03/2023,Over Shipment,399,3691.74,Manager_B,Processed,1473004.26,1
RET0003743,PO0003709,VND00862,SKU4744,Packaging,10/25/2024,Quality Failure,24,3552.24,,Processed,85253.76,1
RET0004488,PO0030321,VND00731,SKU3507,Chemicals,09/25/2021,Defective Item,229,3885.72,Manager_C,Pending,889829.88,1
RET0001177,PO0004690,VND00613,SKU1964,Machinery,07/24/2021,damaged packaging,37,2471.88,,Processed,91459.56,1
RET0002290,PO0015775,VND00685,SKU1989,Packaging,09/29/2021,Wrong Quantity,450,3131.11,,Pending,1408999.5,1
RET0001747,PO0035340,VND00882,SKU3881,Raw Material,01/07/2021,Quality Failure,346,1488.94,Manager_B,Processed,515173.24,1
RET0003386,PO0044222,VND00635,SKU5126,Textiles,12/06/2024,Expired Product,154,2322.18,Manager_B,Rejected,357615.72,1
RET0003939,PO0003612,VND00251,SKU3629,IT Equipment,12/11/2023,Quality Failure,81,581.48,Manager_B,Processed,47099.88,1
RET0004361,PO0011651,VND00654,SKU4432,Machinery,02/25/2022,Wrong Quantity,34,4662.78,Manager_C,Processed,158534.52,1
RET0002551,PO0001756,VND00069,SKU3407,Electronics,01/21/2023,Damaged Packaging,111,4643.73,Manager_B,Processed,515454.03,1
RET0003729,PO0044806,VND00698,SKU4222,Raw Material,10/15/2021,Expired Product,328,3656.51,Manager_C,Processed,1199335.28,1
RET0004077,PO0009165,VND00617,SKU4015,Machinery,03/25/2024,Wrong Quantity,419,939.06,Manager_A,Processed,393466.14,1
RET0003193,PO0043758,VND00225,SKU2811,Packaging,04/07/2021,Wrong Item Delivered,251,2674.72,Manager_B,Pending,671354.72,1
RET0003004,PO0048567,VND00005,SKU5947,IT Equipment,07/17/2024,,433,4317.94,Manager_C,Pending,1869668.02,1
RET0001192,PO0004915,VND00836,SKU4709,IT Equipment,05/19/2021,Damaged Packaging,249,4215.62,Manager_A,Pending,1049689.38,1
RET0004617,PO0027789,VND00849,SKU2075,Spare Parts,04/23/2021,Quality Failure,434,2868.6,,Pending,1244972.4,1
RET0002845,PO0045094,VND00057,SKU2581,IT Equipment,09/22/2021,Damaged Packaging,409,625.86,Manager_A,Rejected,255976.74,1
RET0000212,PO0023087,VND00366,SKU4450,Textiles,01/18/2022,Over Shipment,240,1748.56,,Rejected,419654.4,1
RET0001916,PO0035130,VND00153,SKU2022,Textiles,02/16/2023,Quality Failure,334,3662.31,Manager_C,Processed,1223211.54,1
RET0002302,PO0003054,VND00736,SKU3223,Chemicals,04/17/2023,Expired product,227,3248,Manager_B,Processed,737296,1
RET0002678,PO0003976,VND00980,SKU1593,Raw Material,11/11/2024,Wrong Item Delivered,377,2718.17,Manager_C,Processed,1024750.09,1
RET0004611,PO0042166,VND00833,SKU3249,IT Equipment,07/09/2022,Damaged Packaging,463,726.21,Manager_C,Rejected,336235.23,1
RET0003579,PO0035541,VND00578,SKU1770,Packaging,08/28/2023,Wrong Item Delivered,2,1403.68,,Processed,2807.36,1
RET0003375,PO0040591,VND00540,SKU3383,Electronics,09/13/2023,Defective Item,484,3042.85,,Processed,1472739.4,1
RET0000669,PO0036628,VND00845,SKU5749,Raw Material,08/25/2024,Quality Failure,234,706.87,,Pending,165407.58,1
RET0001692,PO0018174,VND00902,SKU1739,Chemicals,03/19/2024,Wrong Quantity,173,2619.76,Manager_B,Pending,453218.48,1
RET0003029,PO0042793,VND00471,SKU4015,Textiles,01/12/2021,Expired Product,67,2670.13,Manager_B,Processed,178898.71,1
RET0003961,PO0025027,VND00941,SKU1863,Raw Material,10/06/2024,Wrong Item Delivered,79,19.9,Manager_B,Processed,1572.1,1
RET0002978,PO0030779,VND00600,SKU1471,IT Equipment,04/28/2024,Damaged Packaging,33,4149.58,Manager_C,Processed,136936.14,1
RET0002908,PO0015805,VND00568,SKU5543,Spare Parts,08/03/2024,Over Shipment,134,1045.64,Manager_A,Processed,140115.76,1
RET0003094,PO0008622,VND00599,SKU4376,Raw Material,07/14/2021,Defective Item,220,1629.76,,Processed,358547.2,1
RET0002980,PO0023764,VND00875,SKU5301,Machinery,08/17/2022,Wrong Quantity,315,1619.94,,Processed,510281.1,1
RET0002449,PO0040159,VND00875,SKU1645,Spare Parts,08/23/2021,expiry,419,483.54,Manager_C,Processed,202603.26,1
RET0002329,PO0040368,VND00280,SKU5154,Textiles,11/17/2024,Expired Product,129,2594.58,Manager_A,Pending,334700.82,1
RET0004057,PO0035644,VND00169,SKU5829,Packaging,06/12/2024,Expired Product,96,1195.15,Manager_A,Processed,114734.4,1
RET0004407,PO0032451,VND00774,SKU3346,Chemicals,12/25/2021,Wrong Quantity,395,1493.37,Manager_C,Processed,589881.15,1
RET0001297,PO0032062,VND00002,SKU1576,Electronics,11/10/2022,Over Shipment,85,682.54,Manager_C,Processed,58015.9,1
RET0002170,PO0036908,VND00506,SKU1596,Raw Material,11/12/2021,Wrong Item Delivered,47,2376.06,Manager_A,Pending,111674.82,1
RET0002469,PO0021632,VND00209,SKU5230,Machinery,11/25/2022,Wrong Quantity,409,3910.08,Manager_A,Processed,1599222.72,1
RET0004214,PO0013231,VND00267,SKU3122,Spare Parts,04/18/2023,Expired Product,164,1111.39,Manager_C,Rejected,182267.96,1
RET0001637,PO0032151,VND00936,SKU3824,Chemicals,10/11/2023,Quality Failure,87,4044.15,Manager_B,Processed,351841.05,1
RET0002976,PO0025675,VND00619,SKU3091,Textiles,12/17/2023,Wrong Quantity,118,3706.22,Manager_A,Processed,437333.96,1
RET0000835,PO0044156,VND00572,SKU1911,Spare Parts,02/03/2022,Wrong Item Delivered,187,4960.64,Manager_B,Pending,927639.68,1
RET0002134,PO0017543,VND00765,SKU3969,Electronics,10/10/2022,Defective Item,161,2651.02,Manager_C,Pending,426814.22,1
RET0003222,PO0008996,VND00219,SKU3446,Packaging,09/26/2021,Expired Product,168,4081.88,,Pending,685755.84,1
RET0001279,PO0040618,VND00117,SKU3884,Textiles,01/30/2021,Wrong Item Delivered,293,2833.48,Manager_B,,830209.64,1
RET0002767,PO0036899,VND00255,SKU3054,IT Equipment,08/01/2021,,379,222.28,Manager_C,Pending,84244.12,1
RET0000067,PO0042816,VND00691,SKU4304,Raw Material,01/28/2023,Over Shipment,342,942.37,Manager_C,Pending,322290.54,1
RET0004498,PO0036826,VND00285,SKU1386,Packaging,10/26/2024,Expired Product,123,3077.4,Manager_C,Pending,378520.2,1
RET0004505,PO0022802,VND00620,SKU2592,Packaging,10/15/2024,Expired Product,257,1969.83,,Processed,506246.31,1
RET0004503,PO0023546,VND00400,SKU2310,Chemicals,07/03/2021,Expired Product,398,3034.18,Manager_B,Processed,1207603.64,1
RET0004919,PO0038623,VND00622,SKU4461,Raw Material,12/18/2022,,210,3525.56,Manager_C,Pending,740367.6,1
RET0004446,PO0022388,VND00609,SKU3861,Electronics,02/28/2023,,84,2740.75,Manager_A,Processed,230223,1
RET0004878,PO0041651,VND00181,SKU4045,Textiles,03/29/2022,Quality Failure,211,2582.16,Manager_B,Processed,544835.76,1
RET0001337,PO0031222,VND00682,SKU4633,Machinery,05/10/2021,Wrong Item delivered,144,3783.6,Manager_A,Processed,544838.4,1
RET0003148,PO0001726,VND00170,SKU4877,Raw Material,02/07/2022,Expired product,8,2396.11,Manager_B,Processed,19168.88,1
RET0004976,PO0022891,VND00088,SKU3403,Textiles,12/02/2024,Wrong Item Delivered,40,3428.67,Manager_B,Pending,137146.8,1
RET0001582,PO0015553,VND00172,SKU2584,Electronics,06/19/2023,Defective Item,265,3044.19,Manager_C,Rejected,806710.35,1
RET0003489,PO0031333,VND00907,SKU3432,Chemicals,03/11/2021,Over Shipment,315,396.36,,Processed,124853.4,1
RET0002990,PO0000987,VND00843,SKU4272,IT Equipment,04/07/2021,Damaged Packaging,111,2120.31,Manager_B,Processed,235354.41,1
RET0003590,PO0016530,VND00995,SKU4382,Raw Material,12/27/2021,Damaged Packaging,417,1904.16,Manager_B,Pending,794034.72,1
RET0000833,PO0045217,VND00980,SKU3781,Machinery,11/01/2024,Expired Product,300,668.95,Manager_C,Rejected,200685,1
RET0001960,PO0019817,VND00663,SKU1349,Textiles,05/01/2024,Wrong Quantity,117,3108,Manager_B,Processed,363636,1
RET0002687,PO0015965,VND00011,SKU5122,IT Equipment,08/20/2022,Quality Failure,473,2176.36,Manager_A,Processed,1029418.28,1
RET0003500,PO0028895,VND00708,SKU5108,Packaging,03/30/2021,Damaged Packaging,337,3698.91,Manager_A,Processed,1246532.67,1
RET0003536,PO0007662,VND00656,SKU1215,Textiles,08/13/2022,Wrong Item Delivered,42,1502.88,,Processed,63120.96,1
RET0004493,PO0036515,VND00565,SKU4691,IT Equipment,03/16/2023,Damaged Packaging,390,2896.07,Manager_C,Processed,1129467.3,1
RET0002788,PO0046150,VND00719,SKU5280,Textiles,01/18/2023,Over Shipment,145,3224.98,Manager_C,Processed,467622.1,1
RET0001028,PO0045782,VND00917,SKU5944,IT Equipment,07/23/2022,Over Shipment,398,4049.23,Manager_A,Pending,1611593.54,1
RET0002949,PO0031539,VND00814,SKU5184,Machinery,03/30/2023,Damaged Packaging,204,3965.06,,Pending,808872.24,1
RET0003078,PO0047929,VND00851,SKU2126,Electronics,12/25/2023,Damaged Packaging,212,3951.15,Manager_B,Processed,837643.8,1
RET0000296,PO0029596,VND00779,SKU2730,Chemicals,10/10/2021,Defective Item,239,1800.65,Manager_A,Processed,430355.35,1
RET0004180,PO0002661,VND00730,SKU4562,Chemicals,09/02/2024,Expired,414,165.9,Manager_B,Processed,68682.6,1
RET0002224,PO0003617,VND00355,SKU1003,Chemicals,01/01/2023,Expired Product,52,435.54,Manager_B,Processed,22648.08,1
RET0001779,PO0036716,VND00249,SKU4821,IT Equipment,05/26/2023,Quality Failure,131,1984.97,Manager_C,Pending,260031.07,1
RET0001367,PO0019836,VND00767,SKU4303,Electronics,09/03/2021,Wrong Item,289,3469.74,,Processed,1002754.86,1
RET0003353,PO0023381,VND00387,SKU5590,Chemicals,09/10/2022,Quality Failure,472,3566.37,,Rejected,1683326.64,1
RET0003296,PO0042379,VND00562,SKU3665,Chemicals,05/17/2023,Damaged Packaging,301,4328.09,Manager_C,Processed,1302755.09,1
RET0001359,PO0038117,VND00874,SKU2431,Spare Parts,01/18/2023,Wrong Quantity,286,1007.32,Manager_A,Processed,288093.52,1
RET0004814,PO0012520,VND00305,SKU2529,Electronics,02/14/2021,Expired Product,265,3876.03,Manager_B,Processed,1027147.95,1
RET0002291,PO0003448,VND00787,SKU5638,Raw Material,05/12/2021,Defective Item,60,2978.75,,Processed,178725,1
RET0001486,PO0046527,VND00658,SKU1421,Spare Parts,08/26/2024,Defective Item,195,1903.4,Manager_A,Rejected,371163,1
RET0001991,PO0048590,VND00882,SKU5925,Electronics,09/11/2021,Expired Product,385,553.18,Manager_A,Processed,212974.3,1
RET0001594,PO0037795,VND00921,SKU5278,Spare Parts,05/06/2024,Quality Failure,129,912.59,,Rejected,117724.11,1
RET0003215,PO0045133,VND00812,SKU1119,Electronics,09/01/2022,Quality Failure,231,4119.13,Manager_C,Processed,951519.03,1
RET0004574,PO0010163,VND00896,SKU2004,Chemicals,04/16/2023,Wrong Item Delivered,392,3643.97,Manager_C,Processed,1428436.24,1
RET0002763,PO0010982,VND00172,SKU1048,Chemicals,06/11/2023,,200,4451.43,Manager_B,Processed,890286,1
RET0004727,PO0024261,VND00341,SKU3020,Raw Material,08/27/2024,Over Shipment,491,3170.95,Manager_A,Processed,1556936.45,1
RET0001575,PO0000066,VND00700,SKU5451,IT Equipment,08/08/2023,Quality Failure,266,4628.52,Manager_B,Rejected,1231186.32,1
RET0000400,PO0011128,VND00094,SKU3975,Electronics,10/07/2021,Damaged Packaging,451,3200.73,Manager_C,Pending,1443529.23,1
RET0002768,PO0006618,VND00119,SKU5530,Textiles,11/20/2024,Over Shipment,227,413.04,Manager_C,Pending,93760.08,1
RET0001062,PO0037500,VND00257,SKU5763,Spare Parts,12/17/2023,Wrong Quantity,289,4323.87,Manager_B,Processed,1249598.43,1
RET0001120,PO0012993,VND00815,SKU2362,Machinery,07/05/2023,Wrong Quantity,478,2436.18,Manager_B,Processed,1164494.04,1
RET0003660,PO0045836,VND00473,SKU1603,IT Equipment,05/29/2022,over shipment,197,3984.48,,Pending,784942.56,1
RET0004354,PO0042137,VND00895,SKU3228,Packaging,08/10/2022,Defective Item,138,2361.48,,Processed,325884.24,1
RET0004762,PO0012730,VND00718,SKU1931,Packaging,01/01/2022,Over Shipment,307,4395.52,,Processed,1349424.64,1
RET0004913,PO0019487,VND00209,SKU3003,Packaging,01/13/2023,Wrong Item Delivered,209,4181.05,Manager_B,Processed,873839.45,1
RET0002632,PO0000233,VND00220,SKU5405,Chemicals,08/08/2022,Expired Product,136,3790.43,Manager_B,Processed,515498.48,1
RET0004934,PO0002997,VND00078,SKU2006,Chemicals,05/21/2022,Defective Item,485,3669.22,,Rejected,1779571.7,1
RET0002544,PO0022347,VND00234,SKU1024,Machinery,03/07/2021,Damaged Packaging,246,4640.5,Manager_B,Pending,1141563,1
RET0004534,PO0006846,VND00860,SKU5374,Chemicals,02/25/2022,Damaged Packaging,114,2162.55,Manager_C,Pending,246530.7,1
RET0003262,PO0026503,VND00817,SKU5683,Textiles,06/07/2021,Wrong Quantity,499,3708.67,,Processed,1850626.33,1
RET0003227,PO0030679,VND00470,SKU4783,Machinery,06/13/2021,,369,2654.33,,Processed,979447.77,1
RET0000468,PO0008885,VND00641,SKU4377,Textiles,03/15/2022,Wrong Quantity,339,2321.03,Manager_B,Pending,786829.17,1
RET0004124,PO0022492,VND00278,SKU3199,Machinery,11/27/2021,,284,2072.26,Manager_C,Processed,588521.84,1
RET0002701,PO0018834,VND00200,SKU4840,Spare Parts,02/07/2021,Defective Item,368,3219.76,Manager_C,Pending,1184871.68,1
RET0004464,PO0033265,VND00011,SKU1459,IT Equipment,06/03/2022,Over Shipment,456,4186.72,Manager_B,Pending,1909144.32,1
RET0003724,PO0043856,VND00076,SKU4030,Machinery,03/08/2024,Quality Failure,19,4580.21,Manager_C,Pending,87023.99,1
RET0000386,PO0029484,VND00205,SKU2238,Textiles,02/07/2022,Wrong Quantity,174,3258.31,Manager_A,Processed,566945.94,1
RET0004614,PO0020379,VND00069,SKU4080,Packaging,02/14/2024,Damaged Packaging,296,326.27,Manager_A,Processed,96575.92,1
RET0001433,PO0013193,VND00217,SKU3226,Electronics,06/06/2022,Wrong Item Delivered,143,1754.94,Manager_C,Processed,250956.42,1
RET0002361,PO0015255,VND00606,SKU1569,Packaging,10/15/2024,Defective Item,400,4823.82,Manager_C,Pending,1929528,1
RET0002105,PO0016304,VND00961,SKU2690,Chemicals,11/22/2021,Wrong Item Delivered,208,1099.75,,Processed,228748,1
RET0004838,PO0002456,VND00156,SKU1274,IT Equipment,12/21/2022,Defective Item,138,1683.3,Manager_B,Processed,232295.4,1
RET0000066,PO0018541,VND00045,SKU2745,Spare Parts,07/26/2024,Wrong Item Delivered,388,1082.15,Manager_A,Processed,419874.2,1
RET0004839,PO0031310,VND00716,SKU4240,Spare Parts,06/09/2021,Defective Item,292,3524.2,,Processed,1029066.4,1
RET0001668,PO0045769,VND00047,SKU5880,Electronics,12/03/2022,Defective Item,193,2797.04,Manager_B,Processed,539828.72,1
RET0003187,PO0015432,VND00876,SKU2577,IT Equipment,01/28/2023,Quality Failure,408,3600.83,Manager_C,Processed,1469138.64,1
RET0004051,PO0017325,VND00286,SKU5741,Packaging,12/28/2021,Wrong Quantity,450,3656.64,,Pending,1645488,1
RET0003554,PO0014276,VND00440,SKU4512,Packaging,07/22/2021,Defective Item,471,350.22,Manager_C,Processed,164953.62,1
RET0002339,PO0049757,VND00452,SKU2603,Chemicals,09/15/2024,Wrong Quantity,174,4246.71,Manager_C,Pending,738927.54,1
RET0001850,PO0029801,VND00162,SKU4290,Raw Material,07/03/2021,Expired Product,425,3136.07,Manager_A,Processed,1332829.75,1
RET0004362,PO0008245,VND00371,SKU4151,IT Equipment,03/26/2024,Quality Failure,149,2869.12,Manager_C,Processed,427498.88,1
RET0003058,PO0015477,VND00568,SKU3058,Chemicals,10/21/2023,Quality Failure,322,3917.85,Manager_C,Pending,1261547.7,1
RET0004944,PO0049388,VND00481,SKU5166,Raw Material,10/11/2023,Wrong Item Delivered,464,4590.39,Manager_A,Processed,2129940.96,1
RET0001301,PO0039312,VND00210,SKU2804,Electronics,02/10/2023,Quality Failure,418,652.09,Manager_B,Processed,272573.62,1
RET0002304,PO0043780,VND00845,SKU2041,Machinery,08/21/2023,Damaged Packaging,115,2270.8,Manager_B,Processed,261142,1
RET0003978,PO0041325,VND00480,SKU2337,Electronics,05/14/2024,Damaged Packaging,371,3261.85,Manager_B,Processed,1210146.35,1
RET0003783,PO0049108,VND00168,SKU2895,Electronics,10/13/2021,expiry,351,2899.46,Manager_C,Processed,1017710.46,1
RET0004438,PO0049640,VND00674,SKU2303,Packaging,08/02/2023,Wrong Item Delivered,149,4028.99,,Rejected,600319.51,1
RET0001393,PO0023060,VND00863,SKU4323,Packaging,03/02/2021,Wrong Quantity,302,1146.56,Manager_B,Rejected,346261.12,1
RET0000175,PO0049911,VND00985,SKU4355,IT Equipment,07/11/2022,,91,3176.29,Manager_B,Processed,289042.39,1
RET0000160,PO0040481,VND00853,SKU1687,IT Equipment,01/30/2021,Wrong Quantity,228,1573.96,,Rejected,358862.88,1
RET0002519,PO0027463,VND00976,SKU2644,Textiles,10/13/2024,Damaged Packaging,203,553.96,,Processed,112453.88,1
RET0003405,PO0019640,VND00812,SKU2575,Textiles,09/08/2024,Expired Product,173,1121.84,Manager_B,Rejected,194078.32,1
RET0003413,PO0017399,VND00107,SKU3661,IT Equipment,12/28/2021,Damaged Packaging,252,1003.3,Manager_B,Processed,252831.6,1
RET0004815,PO0023652,VND00796,SKU4013,Machinery,10/10/2022,Wrong Quantity,91,723.29,,Processed,65819.39,1
RET0001522,PO0029621,VND00471,SKU4678,Spare Parts,03/25/2024,Damaged Packaging,19,4018.1,Manager_C,Processed,76343.9,1
RET0003116,PO0018573,VND00685,SKU2154,Spare Parts,03/06/2021,Quality Failure,48,3689,,Processed,177072,1
RET0004335,PO0038681,VND00404,SKU3454,Spare Parts,08/22/2021,Quality Failure,268,2545.32,Manager_A,Processed,682145.76,1
RET0001540,PO0015155,VND00405,SKU3641,Electronics,01/10/2021,Quality Failure,488,4693.39,Manager_C,Processed,2290374.32,1
RET0002579,PO0038910,VND00281,SKU1599,Machinery,05/23/2021,Quality Failure,248,3830.67,Manager_B,Processed,950006.16,1
RET0003319,PO0008178,VND00925,SKU3817,Spare Parts,04/22/2024,Over Shipment,421,1458.91,,Rejected,614201.11,1
RET0003858,PO0023236,VND00716,SKU4206,Packaging,04/20/2024,Wrong Item Delivered,31,4517.31,,Processed,140036.61,1
RET0003344,PO0007415,VND00279,SKU5961,Electronics,10/20/2023,Over Shipment,321,676.51,Manager_B,Processed,217159.71,1
RET0000287,PO0010618,VND00158,SKU1936,Packaging,02/14/2024,Quality Failure,375,2680.47,Manager_A,Rejected,1005176.25,1
RET0001447,PO0015857,VND00379,SKU4281,Chemicals,07/14/2021,Damaged Packaging,120,4732.14,,Processed,567856.8,1
RET0004024,PO0028161,VND00955,SKU2472,Raw Material,01/09/2023,Expired Product,241,424.42,Manager_C,Rejected,102285.22,1
RET0002991,PO0035669,VND00235,SKU4961,Textiles,09/20/2023,Defective Item,130,3814.16,Manager_B,Pending,495840.8,1
RET0004469,PO0015537,VND00610,SKU2928,Packaging,07/13/2024,Damaged Packaging,59,1085.95,Manager_A,Rejected,64071.05,1
RET0001649,PO0029898,VND00087,SKU5929,Machinery,08/25/2024,Quality Failure,249,4183.05,Manager_C,Processed,1041579.45,1
RET0001157,PO0022992,VND00307,SKU4754,Packaging,10/15/2022,Over Shipment,166,4442.43,,Processed,737443.38,1
RET0000186,PO0032797,VND00236,SKU4734,Packaging,03/16/2022,Quality Failure,342,290.9,Manager_C,Pending,99487.8,1
RET0002726,PO0008888,VND00158,SKU5511,Textiles,09/25/2022,,481,2894.29,Manager_B,Pending,1392153.49,1
RET0003892,PO0028767,VND00909,SKU5980,Textiles,01/18/2021,Quality Failure,442,1158.91,Manager_C,,512238.22,1
RET0003862,PO0033910,VND00467,SKU2530,Chemicals,07/22/2023,Over Shipment,401,655.04,Manager_C,Processed,262671.04,1
RET0004130,PO0044113,VND00029,SKU2123,Spare Parts,02/29/2024,Defective Item,435,4397.36,Manager_C,Processed,1912851.6,1
RET0002589,PO0035118,VND00007,SKU3736,Electronics,02/04/2024,Over Shipment,362,135.91,,Processed,49199.42,1
RET0001132,PO0005839,VND00937,SKU2321,Packaging,01/21/2024,Expired Product,466,2295.57,Manager_B,Pending,1069735.62,1
RET0002478,PO0035042,VND00022,SKU1886,Electronics,02/11/2021,Damaged Packaging,153,4487.07,Manager_B,Processed,686521.71,1
RET0001406,PO0039334,VND00278,SKU2667,Raw Material,11/11/2021,,101,3676.7,Manager_A,Processed,371346.7,1
RET0002918,PO0041848,VND00441,SKU3487,Textiles,06/15/2022,Wrong Item Delivered,90,1688.09,Manager_C,Pending,151928.1,1
RET0002165,PO0042358,VND00681,SKU1297,Chemicals,05/11/2024,Expired Product,338,4453.55,Manager_A,Processed,1505299.9,1
RET0002025,PO0012176,VND00050,SKU5240,Chemicals,07/08/2022,Wrong Item Delivered,67,3961.05,,Processed,265390.35,1
RET0000185,PO0012985,VND00953,SKU1016,Spare Parts,09/21/2021,Over Shipment,474,4521.62,Manager_C,Rejected,2143247.88,1
RET0004620,PO0026185,VND00202,SKU1368,Electronics,02/08/2022,Wrong Quantity,478,4905.5,,Pending,2344829,1
RET0000427,PO0031512,VND00660,SKU2306,Electronics,09/08/2024,Quality Failure,140,3894.12,Manager_C,Processed,545176.8,1
RET0003583,PO0021118,VND00688,SKU2060,Chemicals,02/06/2023,Expired Product,376,2346.4,Manager_C,Pending,882246.4,1
RET0004935,PO0041352,VND00490,SKU3664,Chemicals,12/10/2022,Wrong Quantity,497,2151.14,,Pending,1069116.58,1
RET0000345,PO0016459,VND00141,SKU3156,Electronics,01/26/2022,Over Shipment,130,2104.49,Manager_C,Rejected,273583.7,1
RET0004588,PO0032393,VND00956,SKU1545,Raw Material,02/25/2022,Wrong Quantity,30,2648.21,,Pending,79446.3,1
RET0003371,PO0007843,VND00459,SKU2052,Chemicals,04/20/2021,,101,336.42,Manager_A,Rejected,33978.42,1
RET0000382,PO0019962,VND00564,SKU1050,Packaging,08/18/2022,Wrong Quantity,114,3030.05,Manager_A,Rejected,345425.7,1
RET0003518,PO0017755,VND00501,SKU2894,Electronics,04/19/2023,Over Shipment,358,836.56,Manager_A,Pending,299488.48,1
RET0002850,PO0006117,VND00565,SKU4249,Textiles,02/02/2022,Expired Product,236,3280.29,,Processed,774148.44,1
RET0001098,PO0028713,VND00233,SKU5091,Raw Material,08/17/2023,Wrong Item,369,485.14,,Pending,179016.66,1
RET0002315,PO0029864,VND00820,SKU2406,Textiles,12/12/2024,Wrong Quantity,160,1169.06,,Processed,187049.6,1
RET0001568,PO0036602,VND00168,SKU5782,Textiles,02/06/2021,Quality Failure,57,902.47,,Pending,51440.79,1
RET0003760,PO0031896,VND00083,SKU5814,Electronics,09/09/2022,Defective Item,294,950.84,Manager_C,Processed,279546.96,1
RET0000749,PO0014708,VND00144,SKU2580,Packaging,04/28/2024,Expired Product,427,4799.12,Manager_B,Processed,2049224.24,1
RET0002110,PO0041289,VND00192,SKU4175,Textiles,09/23/2022,Defective Item,395,72.6,Manager_B,Processed,28677,1
RET0002015,PO0024360,VND00654,SKU4247,IT Equipment,07/24/2023,Over Shipment,85,403.07,Manager_B,Processed,34260.95,1
RET0004399,PO0030167,VND00100,SKU3690,Chemicals,04/23/2022,Wrong Quantity,1,559.1,Manager_A,Processed,559.1,1
RET0003723,PO0046537,VND00818,SKU2234,Packaging,05/03/2023,Quality Failure,330,158.04,,Processed,52153.2,1
RET0002442,PO0021832,VND00875,SKU5728,Packaging,12/12/2021,Quality Failure,91,342.28,Manager_C,Pending,31147.48,1
RET0004340,PO0026209,VND00592,SKU3316,Spare Parts,03/12/2024,Damaged Packaging,482,3866.42,,Processed,1863614.44,1
RET0004851,PO0020427,VND00230,SKU3920,Electronics,01/28/2022,Quality Failure,405,2660.12,,Pending,1077348.6,1
RET0003398,PO0026164,VND00250,SKU2085,Spare Parts,08/26/2022,Over Shipment,346,4841.84,Manager_A,Pending,1675276.64,1
RET0000793,PO0038574,VND00904,SKU2945,Spare Parts,12/26/2021,Defective Item,499,2381.46,Manager_C,Processed,1188348.54,1
RET0004085,PO0012150,VND00389,SKU3275,Raw Material,02/02/2022,Quality Failure,15,1613.69,Manager_C,Pending,24205.35,1
RET0004519,PO0038506,VND00412,SKU5810,Electronics,04/01/2021,Expired Product,62,847.3,Manager_A,Processed,52532.6,1
RET0000460,PO0034234,VND00750,SKU1393,Machinery,07/16/2023,Quality Failure,310,1340.41,Manager_B,Processed,415527.1,1
RET0003613,PO0015607,VND00241,SKU3395,Textiles,09/09/2021,Expired product,133,4136.41,Manager_A,Processed,550142.53,1
RET0003359,PO0031765,VND00737,SKU4628,Chemicals,04/19/2022,Wrong Item,163,2343.29,Manager_B,,381956.27,1
RET0002811,PO0007384,VND00338,SKU3508,Machinery,04/11/2023,Wrong Item Delivered,493,1269.58,Manager_B,Processed,625902.94,1
RET0001364,PO0038234,VND00468,SKU3102,Raw Material,03/29/2021,Expired,402,4174.47,Manager_B,Processed,1678136.94,1
RET0000253,PO0020737,VND00379,SKU3247,IT Equipment,03/03/2022,Over Shipment,107,3718.84,,Processed,397915.88,1
RET0001041,PO0026146,VND00316,SKU3935,Electronics,12/02/2022,Over Shipment,175,253.37,Manager_C,Processed,44339.75,1
RET0004452,PO0037972,VND00650,SKU3120,Raw Material,11/04/2022,Quality Failure,44,2738.7,Manager_C,Processed,120502.8,1
RET0000768,PO0002827,VND00586,SKU3113,Electronics,02/08/2024,Defective Item,279,4513.25,,Processed,1259196.75,1
RET0003928,PO0034815,VND00285,SKU4337,Packaging,12/09/2023,Quality Failure,395,2138.18,Manager_C,Processed,844581.1,1
RET0000643,PO0039254,VND00726,SKU1340,Electronics,02/22/2022,Quality Failure,139,2736.27,Manager_B,Rejected,380341.53,1
RET0004797,PO0032101,VND00349,SKU5903,Spare Parts,11/25/2024,Expired Product,78,530.76,,Pending,41399.28,1
RET0001358,PO0001696,VND00437,SKU1731,Raw Material,12/12/2023,Wrong Quantity,428,3226.17,Manager_A,Processed,1380800.76,1
RET0003970,PO0000186,VND00714,SKU2838,IT Equipment,11/18/2022,Quality Failure,95,3396.44,Manager_C,Processed,322661.8,1
RET0000456,PO0010297,VND00540,SKU5042,Packaging,06/23/2023,Wrong Quantity,439,4406.58,,Processed,1934488.62,1
RET0000765,PO0027291,VND00655,SKU2527,Packaging,04/09/2021,,72,2403.01,,Rejected,173016.72,1
RET0001505,PO0038320,VND00330,SKU5202,Packaging,03/25/2024,Expired Product,391,1276.83,Manager_B,Pending,499240.53,1
RET0001307,PO0013365,VND00365,SKU2325,Raw Material,12/04/2024,Wrong Item Delivered,221,4872.04,,Processed,1076720.84,1
RET0002585,PO0037715,VND00996,SKU1527,Spare Parts,07/30/2024,Expired Product,220,3200.06,,Pending,704013.2,1
RET0000724,PO0011389,VND00480,SKU5427,Textiles,10/19/2023,Damaged Packaging,93,722.5,,Processed,67192.5,1
RET0001833,PO0010938,VND00757,SKU2651,Machinery,12/21/2024,Wrong Quantity,187,2311.27,Manager_B,Processed,432207.49,1
RET0002506,PO0016146,VND00197,SKU3895,Electronics,05/22/2023,Over Shipment,262,1248.03,,Pending,326983.86,1
RET0003922,PO0038188,VND00761,SKU2973,Raw Material,01/21/2024,Damaged Packaging,9,4950.23,,,44552.07,1
RET0001495,PO0015791,VND00879,SKU2712,IT Equipment,12/06/2023,wrong quantity,406,2471.67,Manager_A,Processed,1003498.02,1
RET0000368,PO0038390,VND00830,SKU4018,Spare Parts,02/08/2024,Defective Item,489,566.52,,Rejected,277028.28,1
RET0002394,PO0032180,VND00057,SKU5418,IT Equipment,11/25/2021,Expired Product,347,4012.16,Manager_C,Processed,1392219.52,1
RET0001909,PO0004537,VND00773,SKU3826,Packaging,11/03/2021,Wrong Item Delivered,28,3056.03,Manager_B,Rejected,85568.84,1
RET0003662,PO0044458,VND00527,SKU1248,Spare Parts,12/03/2022,Wrong Quantity,314,902.73,Manager_A,Rejected,283457.22,1
RET0004443,PO0044148,VND00345,SKU2206,Machinery,10/03/2021,Over Shipment,477,1127.9,,Processed,538008.3,1
RET0002824,PO0021326,VND00030,SKU2917,Packaging,05/18/2022,Defective Item,180,4739.76,,,853156.8,1
RET0001775,PO0046241,VND00544,SKU1853,IT Equipment,03/23/2021,Quality Failure,254,561.35,Manager_B,Processed,142582.9,1
RET0003648,PO0013429,VND00853,SKU4591,Electronics,08/27/2021,Wrong Quantity,91,4197.56,,Processed,381977.96,1
RET0004441,PO0034346,VND00249,SKU5295,Spare Parts,11/16/2024,Wrong Quantity,121,1010.01,,Processed,122211.21,1
RET0001010,PO0044177,VND00827,SKU3262,Electronics,03/18/2024,Expired Product,122,2961.06,,Rejected,361249.32,1
RET0002434,PO0040000,VND00142,SKU4620,Raw Material,10/02/2021,Defective Item,144,272.69,,Pending,39267.36,1
RET0003141,PO0019769,VND00226,SKU4675,Raw Material,05/10/2021,Quality Failure,469,4714.65,Manager_B,Processed,2211170.85,1
RET0002109,PO0002652,VND00909,SKU2897,Spare Parts,05/29/2023,Damaged Packaging,222,1051.38,Manager_A,Processed,233406.36,1
RET0002359,PO0039925,VND00627,SKU4655,Chemicals,05/26/2023,Quality Failure,243,3691.79,Manager_C,Processed,897104.97,1
RET0002401,PO0038426,VND00171,SKU2808,Packaging,02/26/2024,Wrong Item Delivered,140,2199.68,Manager_C,Processed,307955.2,1
RET0000224,PO0034073,VND00264,SKU4905,Spare Parts,11/15/2021,Wrong Quantity,135,4153.1,Manager_A,Processed,560668.5,1
RET0001550,PO0025934,VND00493,SKU1388,Raw Material,03/25/2021,Damaged Packaging,312,2482.29,Manager_B,Processed,774474.48,1
RET0000192,PO0015166,VND00894,SKU2710,Electronics,08/22/2023,Defective Item,366,3739.59,Manager_A,Pending,1368689.94,1
RET0002307,PO0039438,VND00346,SKU4554,Chemicals,05/23/2023,Damaged Packaging,475,2544.4,Manager_A,Pending,1208590,1
RET0001257,PO0036466,VND00813,SKU3595,Packaging,02/11/2023,Wrong Quantity,469,3319.14,Manager_B,Processed,1556676.66,1
RET0000231,PO0049768,VND00914,SKU1793,Electronics,06/27/2024,Defective Item,198,1263.99,Manager_A,Processed,250270.02,1
RET0000925,PO0025475,VND00832,SKU5509,IT Equipment,03/06/2023,Expired Product,361,4393.48,Manager_A,Rejected,1586046.28,1
RET0003112,PO0035873,VND00065,SKU2283,Chemicals,04/11/2021,Wrong Item Delivered,344,1851.17,Manager_A,Processed,636802.48,1
RET0002452,PO0004514,VND00331,SKU5433,Machinery,04/22/2022,Wrong Quantity,88,2354.82,,Processed,207224.16,1
RET0004965,PO0019072,VND00074,SKU1244,Textiles,03/18/2022,Wrong Item Delivered,97,2452.86,Manager_B,Pending,237927.42,1
RET0002427,PO0000262,VND00265,SKU5445,Raw Material,12/02/2021,Quality Failure,317,3156.93,Manager_B,Processed,1000746.81,1
RET0001144,PO0000717,VND00292,SKU3422,IT Equipment,06/14/2024,Wrong Item Delivered,109,1014.12,Manager_A,Processed,110539.08,1
RET0004365,PO0019344,VND00251,SKU3463,Machinery,12/13/2022,Over Shipment,338,1778.31,Manager_A,Processed,601068.78,1
RET0004072,PO0013050,VND00551,SKU1489,Textiles,09/24/2024,Wrong Item Delivered,233,2668.17,Manager_C,Processed,621683.61,1
RET0000145,PO0015460,VND00850,SKU1052,Textiles,04/18/2022,Over Shipment,17,1212.68,Manager_B,Pending,20615.56,1
RET0000151,PO0021373,VND00002,SKU5221,Textiles,11/06/2021,Wrong Item Delivered,249,4393.63,Manager_C,Processed,1094013.87,1
RET0002274,PO0001117,VND00130,SKU4975,Chemicals,05/30/2021,Expired product,243,1668.52,Manager_B,Processed,405450.36,1
RET0001121,PO0037470,VND00378,SKU3473,Electronics,02/12/2023,Defective Item,398,2059.2,Manager_C,Rejected,819561.6,1
RET0000461,PO0034088,VND00735,SKU3443,Chemicals,02/25/2024,Defective Item,499,3465.84,Manager_B,Pending,1729454.16,1
RET0002106,PO0009562,VND00088,SKU3431,Packaging,01/18/2023,Over Shipment,211,1647.84,Manager_C,Processed,347694.24,1
RET0000542,PO0040011,VND00640,SKU1245,Electronics,10/11/2023,Defective Item,259,4307.25,Manager_A,,1115577.75,1
RET0001000,PO0002211,VND00392,SKU5048,Machinery,01/10/2021,Defective Item,60,2741,,Pending,164460,1
RET0002319,PO0030948,VND00023,SKU4439,Textiles,04/19/2021,Wrong Item Delivered,360,1053.4,Manager_B,Rejected,379224,1
RET0001404,PO0029650,VND00146,SKU1193,Electronics,01/04/2023,Expired Product,449,4494.37,,Processed,2017972.13,1
RET0000282,PO0012570,VND00963,SKU2536,Electronics,08/09/2022,Damaged Packaging,330,2114.14,Manager_C,Processed,697666.2,1
RET0000227,PO0016427,VND00806,SKU1528,Textiles,09/01/2021,Damaged Packaging,496,745.6,Manager_B,Pending,369817.6,1
RET0003607,PO0010092,VND00233,SKU1779,Textiles,10/23/2021,Damaged Packaging,40,1492.48,Manager_C,Processed,59699.2,1
RET0003994,PO0022920,VND00486,SKU2310,Chemicals,03/22/2023,Quality Failure,45,2242.36,Manager_B,Processed,100906.2,1
RET0003068,PO0033586,VND00762,SKU1403,Raw Material,05/18/2021,Quality Failure,401,3548.68,Manager_C,Processed,1423020.68,1
RET0002350,PO0040624,VND00627,SKU2176,Packaging,07/07/2023,Defective Item,471,2031.27,Manager_A,Pending,956728.17,1
RET0001477,PO0027079,VND00524,SKU2434,Spare Parts,09/30/2021,Wrong Quantity,239,3037.77,,Processed,726027.03,1
RET0001805,PO0007636,VND00014,SKU5830,Chemicals,01/24/2024,Expired Product,70,673.39,Manager_C,Processed,47137.3,1
RET0002295,PO0014413,VND00416,SKU5020,Spare Parts,12/12/2022,Wrong Quantity,262,1397.65,Manager_A,Processed,366184.3,1
RET0000173,PO0019671,VND00344,SKU5662,IT Equipment,03/30/2023,Defective Item,241,1828.63,Manager_A,Rejected,440699.83,1
RET0002470,PO0039813,VND00741,SKU4510,IT Equipment,07/18/2021,Over Shipment,446,2165.51,Manager_C,Processed,965817.46,1
RET0001941,PO0018978,VND00474,SKU5428,Machinery,04/13/2023,Wrong Quantity,429,979.64,,Processed,420265.56,1
RET0003146,PO0018420,VND00604,SKU2056,Chemicals,03/14/2022,Wrong Item Delivered,402,3953.78,Manager_B,Processed,1589419.56,1
RET0000819,PO0027957,VND00752,SKU1129,IT Equipment,11/07/2024,Defective Item,474,3880.32,Manager_A,Pending,1839271.68,1
RET0003142,PO0044377,VND00297,SKU4683,Electronics,04/12/2024,Quality Failure,54,1721.15,Manager_C,Processed,92942.1,1
RET0002809,PO0049462,VND00286,SKU5967,Chemicals,11/29/2024,Expired Product,363,3767.93,Manager_B,Processed,1367758.59,1
RET0003757,PO0045100,VND00694,SKU5397,Machinery,07/02/2023,Expired Product,57,1854.51,Manager_A,Processed,105707.07,1
RET0002219,PO0035388,VND00684,SKU2687,IT Equipment,08/09/2021,Over Shipment,390,2835.9,Manager_B,Pending,1106001,1
RET0001674,PO0004237,VND00260,SKU5726,Spare Parts,08/16/2024,Expired,420,708.71,,Processed,297658.2,1
RET0000772,PO0039875,VND00517,SKU5092,Spare Parts,12/14/2022,Wrong Item Delivered,298,3098.72,Manager_A,Pending,923418.56,1
RET0003984,PO0021379,VND00993,SKU3391,Raw Material,10/12/2022,Wrong Item Delivered,209,3335.09,Manager_B,Processed,697033.81,1
RET0002803,PO0008718,VND00128,SKU1832,Machinery,11/21/2021,Over Shipment,99,4068.31,Manager_B,Processed,402762.69,1
RET0001567,PO0010825,VND00950,SKU1661,Packaging,09/11/2023,Damaged Packaging,277,2120.81,Manager_B,Pending,587464.37,1
RET0002575,PO0046393,VND00241,SKU5289,Machinery,12/17/2024,Wrong Item Delivered,220,119.23,Manager_C,Rejected,26230.6,1
RET0003698,PO0038176,VND00668,SKU2842,Electronics,11/26/2021,damaged packaging,159,4958.73,,Processed,788438.07,1
RET0004357,PO0031329,VND00531,SKU5712,Raw Material,11/30/2021,Defective Item,418,1527.3,Manager_C,Processed,638411.4,1
RET0000264,PO0020418,VND00960,SKU2099,Textiles,08/27/2022,Expired Product,444,561.89,Manager_A,Processed,249479.16,1
RET0002130,PO0014646,VND00178,SKU4140,Chemicals,01/29/2022,Over Shipment,62,1361.41,Manager_A,Rejected,84407.42,1
RET0003138,PO0008707,VND00802,SKU3259,IT Equipment,08/27/2024,Damaged Packaging,209,1112.71,Manager_B,Processed,232556.39,1
RET0000154,PO0003244,VND00485,SKU5606,Machinery,10/19/2022,,205,1854.59,Manager_B,Pending,380190.95,1
RET0003752,PO0039263,VND00809,SKU4841,Spare Parts,12/17/2024,,458,1133.2,Manager_B,Processed,519005.6,1
RET0004374,PO0014683,VND00455,SKU2115,Chemicals,07/07/2023,Expired Product,74,1834.71,,Pending,135768.54,1
RET0002392,PO0038191,VND00300,SKU3676,Raw Material,09/10/2023,Over Shipment,91,2155.34,Manager_C,Processed,196135.94,1
RET0002619,PO0013195,VND00113,SKU2441,Spare Parts,08/13/2024,Wrong Item delivered,491,2940.8,Manager_C,Processed,1443932.8,1
RET0003399,PO0028730,VND00130,SKU1700,Machinery,04/16/2023,Quality Failure,317,573.66,Manager_C,Processed,181850.22,1
RET0002414,PO0035211,VND00339,SKU3326,Electronics,05/10/2024,Wrong Quantity,119,1267.3,,Processed,150808.7,1
RET0004338,PO0011660,VND00048,SKU4683,Chemicals,01/18/2023,Over Shipment,139,978.75,Manager_C,Processed,136046.25,1
RET0004032,PO0044829,VND00673,SKU1516,Raw Material,01/09/2023,Expired Product,31,1071.48,,Processed,33215.88,1
RET0001793,PO0009911,VND00941,SKU1837,Spare Parts,05/06/2021,Wrong Quantity,197,2712.02,Manager_A,Processed,534267.94,1
RET0000354,PO0002336,VND00134,SKU5702,Chemicals,07/11/2022,Wrong Quantity,272,672.62,,Processed,182952.64,1
RET0002256,PO0006231,VND00266,SKU4457,Packaging,08/29/2021,Expired Product,67,1623.39,,Processed,108767.13,1
RET0003802,PO0037721,VND00569,SKU5816,IT Equipment,11/27/2023,Wrong Quantity,169,545.79,Manager_B,Processed,92238.51,1
RET0003446,PO0016071,VND00154,SKU3524,Textiles,04/10/2021,,333,1687.92,Manager_B,Rejected,562077.36,1
RET0002412,PO0018587,VND00675,SKU3713,Textiles,05/07/2021,Expired Product,231,3466.81,Manager_A,Pending,800833.11,1
RET0001595,PO0037203,VND00420,SKU1604,Textiles,10/09/2022,Over Shipment,333,1739.14,,Processed,579133.62,1
RET0001013,PO0025692,VND00646,SKU3504,Textiles,12/17/2023,Wrong Item Delivered,410,1057.74,Manager_C,Processed,433673.4,1
RET0004012,PO0015260,VND00064,SKU5206,IT Equipment,02/12/2021,Quality Failure,496,4317.29,Manager_B,Pending,2141375.84,1
RET0000624,PO0027850,VND00547,SKU5767,Chemicals,09/06/2022,Defective Item,58,1136.34,Manager_C,Processed,65907.72,1
RET0000579,PO0016147,VND00921,SKU1675,Machinery,12/29/2022,Over Shipment,239,1763.83,,Pending,421555.37,1
RET0003703,PO0019765,VND00536,SKU2519,Spare Parts,12/23/2022,Defective Item,240,1535,,Pending,368400,1
RET0000467,PO0034478,VND00510,SKU3193,Spare Parts,11/13/2022,Expired Product,366,2262.48,Manager_C,Processed,828067.68,1
RET0003528,PO0034605,VND00079,SKU4628,IT Equipment,12/10/2021,Wrong Item Delivered,130,4725.46,,Processed,614309.8,1
RET0002781,PO0001726,VND00371,SKU2627,Raw Material,11/28/2023,Over Shipment,405,2725.45,Manager_B,Processed,1103807.25,1
RET0004951,PO0038522,VND00751,SKU1346,Packaging,03/12/2024,Expired Product,275,853.94,Manager_A,Processed,234833.5,1
RET0001632,PO0033322,VND00992,SKU1509,Machinery,10/06/2021,Expired Product,278,574.31,,Pending,159658.18,1
RET0004290,PO0036572,VND00240,SKU5851,Spare Parts,05/24/2021,Wrong Item Delivered,387,4418.4,Manager_B,Processed,1709920.8,1
RET0002951,PO0004077,VND00286,SKU4743,Chemicals,12/16/2023,Quality Failure,158,1195.76,Manager_A,Processed,188930.08,1
RET0000562,PO0023523,VND00734,SKU2504,Electronics,06/14/2022,wrong quantity,139,2934.52,Manager_C,Processed,407898.28,1
RET0004914,PO0018892,VND00619,SKU5022,Electronics,02/06/2021,Expired Product,267,3128.63,Manager_C,Processed,835344.21,1
RET0004883,PO0018469,VND00936,SKU2848,Machinery,12/31/2024,Damaged Packaging,439,1290.76,Manager_B,Processed,566643.64,1
RET0002099,PO0020201,VND00420,SKU5711,Chemicals,01/28/2024,Over Shipment,312,3386.51,Manager_A,Processed,1056591.12,1
RET0002919,PO0006819,VND00490,SKU4141,Packaging,01/02/2022,Damaged Packaging,266,2512.69,Manager_B,Processed,668375.54,1
RET0004204,PO0021097,VND00388,SKU4587,Textiles,06/24/2022,Defective Item,265,1185.8,,Processed,314237,1
RET0004089,PO0031900,VND00097,SKU1018,Textiles,08/28/2022,Wrong Quantity,1,4204.01,Manager_A,Processed,4204.01,1
RET0002078,PO0012285,VND00580,SKU5354,Machinery,11/18/2022,Defective Item,438,4671.8,Manager_B,Pending,2046248.4,1
RET0000611,PO0007750,VND00570,SKU5577,Chemicals,06/25/2023,Defective Item,434,1540.47,,Pending,668563.98,1
RET0004403,PO0007057,VND00236,SKU4520,Packaging,02/10/2022,Wrong Item Delivered,379,2740.65,Manager_A,Processed,1038706.35,1
RET0000667,PO0014521,VND00523,SKU1018,Spare Parts,01/22/2024,Defective Item,499,3982.72,Manager_A,Processed,1987377.28,1
RET0002497,PO0012611,VND00710,SKU2557,Chemicals,02/05/2023,Defective Item,282,2647.61,Manager_C,Processed,746626.02,1
RET0001677,PO0013330,VND00989,SKU4929,Textiles,11/16/2022,,301,2773.48,,Pending,834817.48,1
RET0000500,PO0045207,VND00272,SKU4543,Spare Parts,12/25/2022,Damaged Packaging,426,3525.94,Manager_C,Pending,1502050.44,1
RET0000222,PO0020070,VND00354,SKU2227,Raw Material,08/19/2022,Damaged Packaging,90,2977.52,Manager_B,Processed,267976.8,1
RET0001666,PO0002958,VND00857,SKU3682,Spare Parts,11/14/2022,Expired,235,3042.99,,Pending,715102.65,1
RET0000266,PO0044842,VND00464,SKU4539,Packaging,05/07/2024,Damaged Packaging,171,2217.99,Manager_B,Processed,379276.29,1
RET0001204,PO0030447,VND00549,SKU3657,IT Equipment,11/25/2024,Wrong Quantity,150,3134.13,Manager_C,Rejected,470119.5,1
RET0001338,PO0023073,VND00032,SKU2517,Spare Parts,10/15/2022,Damaged Packaging,121,3816.78,Manager_B,Rejected,461830.38,1
RET0003273,PO0008281,VND00807,SKU4838,Spare Parts,07/09/2022,Defective Item,205,4962.17,Manager_A,,1017244.85,1
RET0001766,PO0031893,VND00827,SKU4778,Machinery,02/23/2024,Wrong Quantity,263,2663.45,Manager_B,Pending,700487.35,1
RET0004737,PO0038632,VND00240,SKU1833,Chemicals,03/17/2023,Wrong Quantity,213,494.78,,Processed,105388.14,1
RET0000862,PO0039893,VND00932,SKU2234,Chemicals,10/22/2023,Damaged Packaging,403,569.77,Manager_B,Processed,229617.31,1
RET0003436,PO0044601,VND00166,SKU3334,Machinery,02/07/2022,wrong quantity,47,2618.64,Manager_A,Pending,123076.08,1
RET0002215,PO0025202,VND00860,SKU3054,IT Equipment,07/18/2022,Defective Item,51,4115.37,,Pending,209883.87,1
RET0002254,PO0014833,VND00172,SKU3357,Chemicals,07/29/2022,Expired Product,292,4455.66,Manager_A,Processed,1301052.72,1
RET0001140,PO0001253,VND00849,SKU5398,IT Equipment,08/10/2022,Damaged Packaging,433,4912.83,Manager_B,Processed,2127255.39,1
RET0001472,PO0021056,VND00375,SKU3488,Electronics,10/29/2023,Over Shipment,282,4994.43,,Processed,1408429.26,1
RET0003244,PO0028755,VND00800,SKU3906,Chemicals,09/17/2024,Expired Product,307,901.06,Manager_C,Processed,276625.42,1
RET0002018,PO0008446,VND00435,SKU3134,Electronics,08/14/2021,Wrong Quantity,297,1608.93,Manager_B,Processed,477852.21,1
RET0002145,PO0041504,VND00359,SKU3916,IT Equipment,11/03/2023,,195,3431.92,Manager_C,Rejected,669224.4,1
RET0003128,PO0038396,VND00311,SKU2441,Raw Material,10/24/2021,Expired Product,393,3144.49,Manager_B,Processed,1235784.57,1
RET0004040,PO0023660,VND00699,SKU4995,IT Equipment,10/11/2021,Expired Product,371,1534.04,Manager_B,Processed,569128.84,1
RET0004907,PO0026207,VND00887,SKU5638,Electronics,06/30/2023,Wrong Item,70,3081.53,Manager_A,Pending,215707.1,1
RET0000181,PO0028189,VND00946,SKU3492,Machinery,06/18/2023,Quality Failure,252,1066.15,,Pending,268669.8,1
RET0003105,PO0042862,VND00536,SKU2065,Spare Parts,03/27/2021,Defective Item,67,1685.16,Manager_C,Pending,112905.72,1
RET0002960,PO0013843,VND00229,SKU1637,Raw Material,03/03/2022,Expired Product,236,270.62,Manager_A,Rejected,63866.32,1
RET0000057,PO0008847,VND00478,SKU5777,Machinery,05/22/2022,Defective Item,258,803.92,Manager_A,Processed,207411.36,1
RET0000897,PO0044225,VND00683,SKU3829,Raw Material,12/11/2021,Expired Product,432,2510.4,Manager_A,Pending,1084492.8,1
RET0002061,PO0035846,VND00834,SKU4623,Textiles,12/08/2024,Quality Failure,314,1271.34,Manager_B,Processed,399200.76,1
RET0000798,PO0019235,VND00750,SKU1712,Packaging,02/17/2021,Quality Failure,262,1457.04,Manager_B,Processed,381744.48,1
RET0001419,PO0042055,VND00689,SKU3223,Raw Material,04/11/2021,Wrong Quantity,57,3934.02,Manager_B,Processed,224239.14,1
RET0004895,PO0000780,VND00734,SKU2842,Spare Parts,12/31/2024,Expired Product,7,517.27,Manager_B,Processed,3620.89,1
RET0004547,PO0005433,VND00402,SKU4916,Spare Parts,10/18/2023,Damaged Packaging,324,1270.85,Manager_A,Pending,411755.4,1
RET0004351,PO0002540,VND00114,SKU4439,Machinery,05/07/2023,Expired Product,448,3322.87,Manager_C,Processed,1488645.76,1
RET0001958,PO0018730,VND00272,SKU3105,Chemicals,03/03/2022,Damaged Packaging,380,884.78,,Processed,336216.4,1
RET0001645,PO0015509,VND00884,SKU5964,Chemicals,08/31/2022,Damaged Packaging,443,3417.48,Manager_C,Rejected,1513943.64,1
RET0001807,PO0011598,VND00619,SKU4883,Chemicals,09/22/2023,Defective Item,239,3648.13,,Pending,871903.07,1
RET0002616,PO0025101,VND00030,SKU2920,Textiles,03/17/2024,Damaged Packaging,191,137.61,Manager_A,Processed,26283.51,1
RET0000905,PO0024175,VND00963,SKU5255,Spare Parts,05/17/2023,Wrong Quantity,337,1631.78,,,549909.86,1
RET0004435,PO0008595,VND00732,SKU3105,Spare Parts,12/12/2024,,60,2282.13,,Pending,136927.8,1
RET0004834,PO0009918,VND00116,SKU4692,IT Equipment,02/19/2024,Over Shipment,365,2813.55,Manager_C,Processed,1026945.75,1
RET0003308,PO0019316,VND00393,SKU3927,Packaging,02/09/2024,Damaged Packaging,147,2419.97,Manager_A,Processed,355735.59,1
RET0004282,PO0021764,VND00718,SKU3458,Spare Parts,03/18/2022,Quality Failure,430,1978.95,,Processed,850948.5,1
RET0001634,PO0043891,VND00102,SKU2619,Chemicals,02/19/2021,Expired Product,97,3902.09,Manager_C,Pending,378502.73,1
RET0000995,PO0016584,VND00948,SKU5283,IT Equipment,06/16/2024,Wrong Quantity,275,263.43,Manager_A,Pending,72443.25,1
RET0002097,PO0027809,VND00075,SKU2516,Electronics,07/11/2022,Wrong Quantity,3,1470.78,Manager_C,Pending,4412.34,1
RET0001604,PO0035699,VND00354,SKU1117,Electronics,01/11/2024,Quality Failure,28,4306.03,Manager_A,Processed,120568.84,1
RET0003246,PO0015021,VND00711,SKU2510,Textiles,04/07/2024,Defective Item,272,1514.2,Manager_A,Processed,411862.4,1
RET0001973,PO0036995,VND00712,SKU5445,Spare Parts,04/14/2022,Quality Failure,243,755.31,Manager_C,Pending,183540.33,1
RET0003541,PO0047187,VND00484,SKU1397,IT Equipment,10/01/2024,Expired Product,482,2601.11,Manager_C,Pending,1253735.02,1
RET0004222,PO0049261,VND00372,SKU2718,Machinery,01/07/2023,Quality Failure,338,1272.81,Manager_B,Rejected,430209.78,1
RET0001611,PO0028134,VND00171,SKU4508,Machinery,10/18/2022,,38,4598.35,Manager_B,Processed,174737.3,1
RET0004600,PO0033377,VND00750,SKU4722,IT Equipment,07/03/2024,Over Shipment,312,4264.14,Manager_B,Processed,1330411.68,1
RET0003161,PO0027423,VND00407,SKU5910,Textiles,09/06/2022,Over Shipment,147,4306.25,Manager_C,Pending,633018.75,1
RET0002955,PO0045696,VND00340,SKU5611,Raw Material,12/31/2021,wrong quantity,396,669.18,,Processed,264995.28,1
RET0003303,PO0008390,VND00184,SKU1271,Machinery,10/21/2023,Defective Item,311,571.2,Manager_C,Processed,177643.2,1
RET0002168,PO0032744,VND00878,SKU1900,Spare Parts,08/11/2023,Over Shipment,415,1363.17,Manager_C,Processed,565715.55,1
RET0003725,PO0024188,VND00369,SKU4097,Chemicals,01/01/2021,Quality Failure,391,2744.15,Manager_B,Pending,1072962.65,1
RET0002852,PO0003288,VND00087,SKU4760,Chemicals,08/30/2021,Defective Item,66,578.31,Manager_B,Processed,38168.46,1
RET0001137,PO0019049,VND00745,SKU3668,Raw Material,04/27/2022,Over Shipment,28,4451.06,Manager_A,Pending,124629.68,1
RET0004909,PO0021992,VND00518,SKU5855,Machinery,12/25/2024,Quality Failure,410,234.3,,Pending,96063,1
RET0000543,PO0011761,VND00925,SKU4293,Electronics,02/13/2022,Defective Item,216,1948.28,Manager_B,Processed,420828.48,1
RET0000343,PO0027754,VND00964,SKU4412,Textiles,04/15/2022,Expired,466,1715.48,Manager_C,Rejected,799413.68,1
RET0002553,PO0032003,VND00395,SKU1677,Electronics,01/10/2022,Wrong Item Delivered,146,4969.5,Manager_B,Pending,725547,1
RET0004585,PO0025456,VND00547,SKU1278,Spare Parts,05/28/2021,Expired Product,352,3583.49,Manager_A,Processed,1261388.48,1
RET0004098,PO0016962,VND00921,SKU1301,Spare Parts,07/20/2022,Quality Failure,492,2414.81,Manager_B,Processed,1188086.52,1
RET0003005,PO0049101,VND00294,SKU2967,Textiles,09/04/2023,Defective Item,452,2324.46,Manager_B,Pending,1050655.92,1
RET0000054,PO0005122,VND00058,SKU5748,Chemicals,04/24/2024,Quality Failure,87,1116.68,Manager_A,Pending,97151.16,1
RET0000322,PO0034205,VND00763,SKU1964,IT Equipment,10/11/2024,Expired Product,185,1980,Manager_C,Processed,366300,1
RET0002599,PO0015335,VND00939,SKU2583,Machinery,01/10/2023,Damaged Packaging,407,3331.22,Manager_C,Pending,1355806.54,1
RET0001218,PO0013132,VND00424,SKU3043,Chemicals,04/22/2023,Defective Item,269,4054.7,Manager_B,Processed,1090714.3,1
RET0000086,PO0043809,VND00302,SKU5006,Electronics,11/28/2022,Defective Item,75,1731.27,Manager_B,Processed,129845.25,1
RET0004103,PO0005050,VND00369,SKU2339,IT Equipment,03/01/2022,Wrong Item Delivered,127,2016.73,,Pending,256124.71,1
RET0003767,PO0013917,VND00272,SKU2964,Machinery,06/24/2024,Defective Item,154,54.32,,Processed,8365.28,1
RET0003871,PO0031969,VND00861,SKU4331,Electronics,01/07/2021,Quality Failure,20,3718.57,Manager_B,Pending,74371.4,1
RET0002386,PO0002218,VND00938,SKU3336,Machinery,01/12/2021,Over Shipment,222,74.42,Manager_A,Processed,16521.24,1
RET0003722,PO0013769,VND00288,SKU3018,IT Equipment,01/17/2024,Quality Failure,315,713.35,Manager_A,Pending,224705.25,1
RET0004792,PO0007735,VND00149,SKU3341,Textiles,10/04/2021,Wrong Quantity,244,937.32,Manager_B,Processed,228706.08,1
RET0001531,PO0047972,VND00469,SKU2642,Raw Material,09/25/2024,Over Shipment,228,2027.34,Manager_C,Processed,462233.52,1
RET0004725,PO0003007,VND00274,SKU2707,Packaging,11/04/2023,Expired Product,290,4543.3,Manager_B,Processed,1317557,1
RET0001319,PO0009702,VND00591,SKU3662,Spare Parts,02/08/2024,Over Shipment,386,2287.76,Manager_C,Pending,883075.36,1
RET0003313,PO0007459,VND00928,SKU2656,Spare Parts,04/08/2024,Expired Product,47,2424.74,,Processed,113962.78,1
RET0001131,PO0020447,VND00033,SKU4784,IT Equipment,10/25/2024,Wrong Item,322,4956.14,Manager_C,Pending,1595877.08,1
RET0001651,PO0034493,VND00545,SKU3641,Packaging,08/19/2021,Damaged Packaging,377,3108.47,,Processed,1171893.19,1
RET0000679,PO0003103,VND00421,SKU5089,Packaging,03/03/2021,Wrong Quantity,106,4977.15,Manager_B,Rejected,527577.9,1
RET0001621,PO0009524,VND00622,SKU3540,Packaging,09/25/2023,Wrong Item Delivered,127,2093.9,Manager_A,Processed,265925.3,1
RET0002889,PO0036620,VND00489,SKU4550,IT Equipment,03/07/2022,Wrong Item,67,1624.17,Manager_C,Processed,108819.39,1
RET0002416,PO0021700,VND00625,SKU2414,Electronics,04/08/2022,Quality Failure,366,3518.36,Manager_B,Processed,1287719.76,1
RET0001273,PO0021524,VND00518,SKU4677,Textiles,02/23/2023,Wrong Quantity,460,2118.72,Manager_B,Processed,974611.2,1
RET0000490,PO0025427,VND00079,SKU3783,Packaging,11/10/2021,Quality Failure,169,2975.35,Manager_B,Pending,502834.15,1
RET0003788,PO0014245,VND00029,SKU3964,Textiles,09/28/2021,Damaged Packaging,27,1942.7,Manager_B,Pending,52452.9,1
RET0000489,PO0021381,VND00840,SKU2069,Machinery,02/26/2023,Defective Item,264,2062.71,,,544555.44,1
RET0004622,PO0034726,VND00198,SKU2555,Textiles,08/20/2022,,298,800.68,Manager_A,Processed,238602.64,1
RET0001465,PO0049155,VND00919,SKU4876,Machinery,06/16/2022,Over Shipment,416,1370.16,Manager_A,Pending,569986.56,1
RET0002946,PO0007810,VND00305,SKU5184,Packaging,08/17/2023,Over Shipment,124,664.37,Manager_A,Processed,82381.88,1
RET0004549,PO0018950,VND00614,SKU3479,Electronics,10/06/2024,Quality Failure,151,2188.07,Manager_C,Processed,330398.57,1
RET0002447,PO0048115,VND00155,SKU4826,Electronics,05/17/2021,Damaged Packaging,411,4395.22,Manager_C,Processed,1806435.42,1
RET0001974,PO0007266,VND00113,SKU4808,Chemicals,04/05/2022,Defective Item,20,215.54,,Processed,4310.8,1
RET0004733,PO0045053,VND00345,SKU4647,Raw Material,02/22/2022,Expired Product,104,1124.88,Manager_C,Processed,116987.52,1
RET0001346,PO0002399,VND00810,SKU5226,Machinery,02/04/2021,,77,4014.45,Manager_C,Pending,309112.65,1
RET0004616,PO0047005,VND00264,SKU2716,Electronics,02/12/2022,Wrong Quantity,202,4889.44,Manager_B,Processed,987666.88,1
RET0001921,PO0001280,VND00402,SKU2341,Spare Parts,05/08/2021,Over Shipment,42,4237.54,Manager_C,Processed,177976.68,1
RET0002928,PO0019898,VND00660,SKU4227,Chemicals,11/23/2022,Defective Item,240,4074.41,Manager_C,Processed,977858.4,1
RET0003561,PO0028600,VND00374,SKU4175,Chemicals,11/25/2022,Quality Failure,187,4484.14,Manager_B,Processed,838534.18,1
RET0001313,PO0033435,VND00863,SKU3605,Spare Parts,10/18/2023,Wrong Item Delivered,332,1037.22,Manager_B,Pending,344357.04,1
RET0003916,PO0029935,VND00046,SKU5475,Machinery,01/25/2022,expiry,0,1202.4,Manager_B,Processed,0,0
RET0001935,PO0018153,VND00333,SKU3594,Chemicals,02/01/2024,Quality Failure,28,3988.21,Manager_B,Pending,111669.88,1
RET0003167,PO0033857,VND00492,SKU4961,IT Equipment,07/07/2022,Wrong Item Delivered,453,3219.96,Manager_B,Processed,1458641.88,1
RET0004052,PO0038811,VND00680,SKU1157,Electronics,05/15/2023,Wrong Quantity,406,4171.21,,Processed,1693511.26,1
RET0004744,PO0035667,VND00931,SKU1564,Machinery,07/11/2021,Defective Item,491,4683.8,Manager_B,Processed,2299745.8,1
RET0002740,PO0014723,VND00235,SKU3472,Chemicals,06/19/2022,Quality Failure,444,1288.79,,Processed,572222.76,1
RET0002012,PO0048914,VND00925,SKU3880,Spare Parts,11/23/2022,Wrong Quantity,112,1099.1,Manager_B,Processed,123099.2,1
RET0002749,PO0048214,VND00091,SKU4405,Machinery,02/24/2021,Wrong Item,332,35.52,Manager_A,Pending,11792.64,1
RET0001636,PO0034331,VND00521,SKU3619,IT Equipment,09/11/2022,Wrong Quantity,481,1162.17,Manager_B,Pending,559003.77,1
RET0003275,PO0048463,VND00028,SKU4368,Electronics,09/08/2024,Quality Failure,9,538.41,Manager_B,Pending,4845.69,1
RET0000221,PO0001871,VND00060,SKU1804,IT Equipment,10/24/2022,Expired product,154,2946.47,,Processed,453756.38,1
RET0003709,PO0033772,VND00363,SKU4844,Chemicals,10/22/2024,Wrong Item Delivered,426,3981.33,Manager_C,Processed,1696046.58,1
RET0001006,PO0006924,VND00731,SKU4845,IT Equipment,12/27/2021,Wrong Quantity,210,1315.5,Manager_A,Processed,276255,1
RET0003435,PO0028665,VND00661,SKU2423,Packaging,01/21/2023,Quality Failure,81,4370.08,Manager_B,Pending,353976.48,1
RET0001335,PO0005265,VND00269,SKU2376,Spare Parts,09/29/2023,Wrong Quantity,298,3571.27,Manager_B,Pending,1064238.46,1
RET0000373,PO0015486,VND00270,SKU2247,Machinery,06/10/2024,Defective Item,182,3862.98,Manager_B,Pending,703062.36,1
RET0002093,PO0017478,VND00535,SKU4902,Chemicals,02/18/2021,Quality Failure,114,592.59,Manager_C,Pending,67555.26,1
RET0003461,PO0033209,VND00704,SKU5320,Chemicals,12/06/2022,Damaged Packaging,70,1241.84,Manager_B,Pending,86928.8,1
RET0001770,PO0041256,VND00449,SKU5170,Packaging,01/28/2022,,242,4907.85,Manager_A,Pending,1187699.7,1
RET0000062,PO0001893,VND00136,SKU2500,Spare Parts,03/02/2024,Over Shipment,379,1392.72,Manager_C,Processed,527840.88,1
RET0003290,PO0008391,VND00838,SKU2678,Spare Parts,06/21/2023,Defective Item,253,2020.23,Manager_B,Processed,511118.19,1
RET0002239,PO0007071,VND00679,SKU2948,Spare Parts,12/26/2022,Damaged Packaging,455,1572.39,Manager_B,Processed,715437.45,1
RET0004720,PO0034017,VND00330,SKU2192,Spare Parts,06/17/2023,Quality Failure,432,3556.6,Manager_C,Pending,1536451.2,1
RET0001722,PO0005990,VND00054,SKU4903,Textiles,09/04/2023,Over Shipment,470,3324.98,Manager_B,Rejected,1562740.6,1
RET0002564,PO0033917,VND00464,SKU4964,Spare Parts,08/31/2022,Damaged Packaging,165,4833.67,Manager_B,Processed,797555.55,1
RET0003172,PO0042445,VND00858,SKU5793,Textiles,07/11/2022,Over Shipment,278,2490.33,Manager_A,Pending,692311.74,1
RET0001082,PO0036992,VND00042,SKU4572,Textiles,12/01/2022,Quality Failure,265,1059.2,Manager_B,Rejected,280688,1
RET0000501,PO0029506,VND00486,SKU2575,Textiles,08/02/2024,Expired product,366,905.55,Manager_B,Pending,331431.3,1
RET0004867,PO0038082,VND00661,SKU4174,Electronics,08/05/2022,Over Shipment,256,4651.82,Manager_B,Processed,1190865.92,1
RET0004121,PO0016012,VND00081,SKU1077,Raw Material,06/27/2023,Expired Product,31,2457.94,Manager_C,Pending,76196.14,1
RET0003157,PO0016185,VND00420,SKU1771,Textiles,08/10/2022,Wrong Item Delivered,80,2992.39,Manager_B,Pending,239391.2,1
RET0002023,PO0037322,VND00790,SKU5706,Packaging,06/09/2022,Damaged Packaging,211,3510.82,Manager_A,Processed,740783.02,1
RET0004811,PO0029032,VND00400,SKU2899,Textiles,03/19/2023,Quality Failure,477,1202.76,Manager_A,Processed,573716.52,1
RET0004429,PO0019270,VND00891,SKU2847,Spare Parts,02/06/2022,Defective Item,315,1089.06,,Processed,343053.9,1
RET0002770,PO0029369,VND00268,SKU2733,Electronics,08/08/2022,Expired Product,125,1117.55,Manager_A,Processed,139693.75,1
RET0003050,PO0004459,VND00454,SKU4736,Packaging,03/14/2023,Quality Failure,129,2637.15,Manager_C,Processed,340192.35,1
RET0004653,PO0005428,VND00790,SKU2942,Electronics,08/29/2021,Defective Item,51,1468.38,Manager_B,Processed,74887.38,1
RET0002903,PO0037733,VND00397,SKU3223,IT Equipment,02/19/2022,Wrong Quantity,322,4992.68,Manager_B,Processed,1607642.96,1
RET0002514,PO0028782,VND00843,SKU1571,Chemicals,05/18/2024,Quality Failure,326,4772.95,,Processed,1555981.7,1
RET0003989,PO0012895,VND00294,SKU3276,Textiles,01/13/2021,Quality Failure,284,2411.47,Manager_B,Processed,684857.48,1
RET0004764,PO0005600,VND00841,SKU3590,Packaging,01/20/2024,damaged packaging,174,1298.17,,Processed,225881.58,1
RET0000785,PO0006774,VND00657,SKU3884,Chemicals,06/19/2021,Expired Product,347,2377.84,Manager_C,Pending,825110.48,1
RET0000795,PO0016024,VND00956,SKU2526,Packaging,03/31/2023,Quality Failure,217,818.17,Manager_A,Processed,177542.89,1
RET0004525,PO0045484,VND00664,SKU5717,Raw Material,04/01/2023,Over Shipment,330,4924.91,Manager_A,Processed,1625220.3,1
RET0004937,PO0042332,VND00115,SKU2376,Textiles,07/30/2021,Wrong Item Delivered,432,4212.43,Manager_B,Processed,1819769.76,1
RET0004643,PO0045380,VND00575,SKU2701,Electronics,07/16/2022,Wrong Item Delivered,358,1993.1,Manager_C,Processed,713529.8,1
RET0001971,PO0006862,VND00360,SKU2970,Chemicals,09/21/2023,Quality Failure,347,2597.78,Manager_B,Processed,901429.66,1
RET0004787,PO0033189,VND00998,SKU5455,Raw Material,12/10/2021,Quality Failure,203,36.05,Manager_A,Processed,7318.15,1
RET0000114,PO0023699,VND00565,SKU2648,Textiles,01/19/2023,Over Shipment,225,2448.24,Manager_A,Pending,550854,1
RET0002580,PO0013933,VND00707,SKU1436,Spare Parts,12/09/2022,Over Shipment,12,360.18,,Processed,4322.16,1
RET0003962,PO0037245,VND00879,SKU4438,Machinery,05/16/2023,Quality Failure,464,2524.54,Manager_B,Processed,1171386.56,1
RET0002089,PO0025821,VND00542,SKU1324,Machinery,03/03/2022,Expired Product,451,1684.7,Manager_C,Processed,759799.7,1
RET0003255,PO0044852,VND00440,SKU5475,Spare Parts,10/21/2022,Over Shipment,353,738.24,,Pending,260598.72,1
RET0000313,PO0004552,VND00026,SKU4883,Spare Parts,02/03/2024,,102,4940.45,Manager_B,Pending,503925.9,1
RET0004339,PO0042146,VND00148,SKU4657,Electronics,02/08/2021,Quality Failure,178,2907.7,Manager_B,Processed,517570.6,1
RET0003045,PO0006934,VND00366,SKU3692,Textiles,10/20/2024,Damaged Packaging,308,4783.25,Manager_A,Pending,1473241,1
RET0003870,PO0003602,VND00069,SKU3775,Electronics,08/25/2022,Wrong Item,109,4556.13,,Processed,496618.17,1
RET0003594,PO0003700,VND00578,SKU3464,Electronics,10/31/2023,Defective Item,476,3252.99,Manager_B,Pending,1548423.24,1
RET0004979,PO0036058,VND00856,SKU3939,Chemicals,04/11/2023,Wrong Item Delivered,258,3493.1,Manager_A,Pending,901219.8,1
RET0001821,PO0041584,VND00724,SKU5852,IT Equipment,06/01/2024,Over Shipment,200,3970.39,Manager_A,Processed,794078,1
RET0002426,PO0008082,VND00819,SKU1032,Raw Material,05/26/2021,,35,4826.94,Manager_C,Processed,168942.9,1
RET0004694,PO0006906,VND00345,SKU5974,Machinery,05/16/2021,Damaged Packaging,482,238.98,Manager_A,Processed,115188.36,1
RET0002040,PO0035584,VND00856,SKU1635,Raw Material,12/16/2022,Over Shipment,59,1933.79,,Pending,114093.61,1
RET0002590,PO0018446,VND00841,SKU1125,Packaging,11/24/2021,Defective Item,446,2663.36,Manager_B,Processed,1187858.56,1
RET0004831,PO0019394,VND00432,SKU4265,Machinery,02/24/2024,wrong quantity,53,137.18,Manager_A,Processed,7270.54,1
RET0001573,PO0035202,VND00330,SKU1087,Raw Material,01/25/2021,Wrong Quantity,199,3099.86,Manager_C,Pending,616872.14,1
RET0000408,PO0037900,VND00549,SKU4994,IT Equipment,04/21/2021,Over Shipment,287,4269.77,Manager_A,Processed,1225423.99,1
RET0001256,PO0030615,VND00178,SKU5102,IT Equipment,08/07/2021,Damaged Packaging,419,3686.47,Manager_C,Pending,1544630.93,1
RET0000714,PO0020891,VND00141,SKU4194,Textiles,08/10/2021,Damaged Packaging,81,4327.16,Manager_C,Rejected,350499.96,1
RET0000202,PO0017936,VND00058,SKU3460,Chemicals,04/13/2023,Damaged Packaging,320,237.82,Manager_B,Processed,76102.4,1
RET0003205,PO0005562,VND00619,SKU1610,Raw Material,06/05/2024,Damaged Packaging,87,4304.6,Manager_C,Processed,374500.2,1
RET0003685,PO0024851,VND00601,SKU2042,Chemicals,10/10/2024,Wrong Quantity,130,3228.77,Manager_C,Pending,419740.1,1
RET0002292,PO0014502,VND00193,SKU1593,Machinery,04/30/2021,Defective Item,386,1498.58,,Processed,578451.88,1
RET0003808,PO0041604,VND00886,SKU3637,Packaging,08/30/2024,Defective Item,101,1010.25,Manager_C,Pending,102035.25,1
RET0004654,PO0028181,VND00911,SKU3630,Spare Parts,11/04/2021,Wrong Item Delivered,397,2600.06,,Pending,1032223.82,1
RET0004281,PO0009935,VND00005,SKU1336,Raw Material,08/18/2022,Expired Product,255,4287.84,,Pending,1093399.2,1
RET0003089,PO0001435,VND00916,SKU1952,Chemicals,04/17/2024,Wrong Item Delivered,73,4672.6,Manager_A,Processed,341099.8,1
RET0001181,PO0045356,VND00743,SKU4006,Electronics,07/13/2023,Wrong Item Delivered,219,584.7,,Pending,128049.3,1
RET0004945,PO0039253,VND00157,SKU4746,Spare Parts,04/06/2023,Quality Failure,167,1581.01,Manager_C,Pending,264028.67,1
RET0003113,PO0049171,VND00797,SKU3875,Electronics,08/05/2022,Wrong Item Delivered,64,929.77,Manager_A,Pending,59505.28,1
RET0004261,PO0032062,VND00313,SKU1689,IT Equipment,08/03/2023,Expired Product,383,1980.1,,Pending,758378.3,1
RET0004504,PO0043747,VND00239,SKU5666,Spare Parts,12/28/2021,Wrong Quantity,439,2351.59,,Processed,1032348.01,1
RET0002171,PO0017532,VND00216,SKU4192,Textiles,09/17/2023,Quality Failure,167,536.18,Manager_C,Processed,89542.06,1
RET0003993,PO0025116,VND00999,SKU1852,Spare Parts,07/12/2022,Defective Item,144,3335.95,Manager_C,Processed,480376.8,1
RET0002975,PO0025951,VND00799,SKU4638,IT Equipment,07/05/2021,Over Shipment,79,1553.89,,Processed,122757.31,1
RET0002695,PO0020705,VND00396,SKU3430,Textiles,04/12/2021,Over Shipment,401,2754.74,Manager_C,Pending,1104650.74,1
RET0000882,PO0030237,VND00230,SKU4849,Spare Parts,07/07/2021,Defective Item,423,1770.04,Manager_A,Processed,748726.92,1
RET0002730,PO0013089,VND00310,SKU3962,Chemicals,02/05/2024,Wrong Item Delivered,64,3609.28,,Pending,230993.92,1
RET0004860,PO0047708,VND00883,SKU2031,Textiles,09/02/2021,Defective Item,204,1508.8,,Processed,307795.2,1
RET0002552,PO0025849,VND00625,SKU1075,Machinery,04/25/2022,Wrong Quantity,451,2733.6,Manager_A,Pending,1232853.6,1
RET0000061,PO0013363,VND00077,SKU2151,Spare Parts,12/08/2024,Expired Product,327,3525.87,Manager_C,Processed,1152959.49,1
RET0004793,PO0018120,VND00555,SKU4460,Electronics,03/20/2024,Over Shipment,185,1132.93,,Processed,209592.05,1
RET0002743,PO0003240,VND00905,SKU1524,Machinery,06/06/2022,Damaged Packaging,332,4709.56,Manager_B,Pending,1563573.92,1
RET0002457,PO0046377,VND00333,SKU1927,Raw Material,09/25/2021,,94,2380.84,Manager_A,Processed,223798.96,1
RET0000298,PO0017587,VND00035,SKU3393,Raw Material,09/17/2021,Quality Failure,52,1187.9,Manager_A,Processed,61770.8,1
RET0004920,PO0022626,VND00174,SKU5241,Machinery,12/28/2022,Over Shipment,2,2317.91,Manager_C,,4635.82,1
RET0002163,PO0048556,VND00182,SKU2107,Raw Material,03/09/2023,Over Shipment,159,1493.16,Manager_C,Processed,237412.44,1
RET0003133,PO0037110,VND00388,SKU1827,Textiles,07/30/2021,Expired,101,3911.3,,Processed,395041.3,1
RET0002937,PO0029620,VND00817,SKU3207,Electronics,04/27/2022,Wrong Quantity,87,2234.56,Manager_B,Pending,194406.72,1
RET0000431,PO0017882,VND00011,SKU4114,Spare Parts,11/09/2024,,189,1630.96,Manager_C,Processed,308251.44,1
RET0000441,PO0014101,VND00242,SKU4143,Spare Parts,11/20/2021,Wrong Quantity,20,1662.54,,Processed,33250.8,1
RET0001597,PO0012903,VND00455,SKU5166,Textiles,07/17/2022,Quality Failure,448,328.65,Manager_C,Processed,147235.2,1
RET0000010,PO0040012,VND00627,SKU2361,Textiles,07/18/2021,Damaged Packaging,182,1367.93,Manager_A,Rejected,248963.26,1
RET0002827,PO0002008,VND00639,SKU2415,Spare Parts,04/23/2023,Wrong Quantity,499,4301.16,Manager_B,Pending,2146278.84,1
RET0002517,PO0014200,VND00978,SKU3511,Raw Material,10/30/2023,Wrong Item Delivered,179,2987,Manager_A,Processed,534673,1
RET0003551,PO0002229,VND00626,SKU2059,Machinery,02/28/2024,Defective Item,42,4065.8,,Processed,170763.6,1
RET0000048,PO0031054,VND00817,SKU1352,Raw Material,07/28/2021,Over Shipment,219,3235.41,Manager_C,Pending,708554.79,1
RET0004983,PO0041652,VND00726,SKU4076,Electronics,09/28/2024,Wrong Quantity,238,747.03,,Processed,177793.14,1
RET0003958,PO0000209,VND00279,SKU4626,Packaging,12/08/2024,Wrong Item Delivered,465,4014.19,Manager_B,Processed,1866598.35,1
RET0004742,PO0006997,VND00656,SKU2832,Chemicals,10/10/2022,Defective Item,295,3207.13,,Rejected,946103.35,1
RET0001138,PO0024157,VND00054,SKU3262,Electronics,02/08/2022,Defective Item,176,2297.33,Manager_C,Processed,404330.08,1
RET0001671,PO0020392,VND00768,SKU2335,IT Equipment,09/18/2021,Over Shipment,173,887.39,Manager_C,Rejected,153518.47,1
RET0001796,PO0026346,VND00399,SKU1129,Textiles,04/16/2021,Over Shipment,237,608.24,Manager_C,Processed,144152.88,1
RET0003331,PO0034260,VND00913,SKU2993,Spare Parts,06/05/2023,Wrong Item Delivered,27,4851.75,Manager_A,Pending,130997.25,1
RET0004705,PO0009328,VND00512,SKU1116,Electronics,02/27/2022,Quality Failure,48,4964.19,Manager_C,Processed,238281.12,1
RET0003235,PO0011792,VND00239,SKU3851,Chemicals,02/17/2024,Defective Item,248,369.51,Manager_B,Processed,91638.48,1
RET0004778,PO0032506,VND00257,SKU3585,Packaging,06/20/2022,Expired Product,294,582.02,Manager_B,Processed,171113.88,1
RET0002186,PO0040783,VND00554,SKU1066,IT Equipment,07/29/2023,Defective Item,120,3231.54,,Processed,387784.8,1
RET0003066,PO0015666,VND00165,SKU3981,Raw Material,10/13/2023,Quality Failure,186,4203.49,Manager_B,Processed,781849.14,1
RET0004366,PO0019645,VND00828,SKU2068,Spare Parts,07/07/2024,Expired Product,322,4436.84,Manager_B,Processed,1428662.48,1
RET0004691,PO0000660,VND00051,SKU3461,Electronics,09/23/2024,Damaged Packaging,209,3670.65,Manager_C,,767165.85,1
RET0003168,PO0046611,VND00523,SKU2836,Spare Parts,12/23/2024,Wrong Item Delivered,219,3006.86,Manager_C,Processed,658502.34,1
RET0002160,PO0045088,VND00338,SKU2375,Machinery,01/05/2021,Quality Failure,66,4312.64,Manager_A,Processed,284634.24,1
RET0000555,PO0047517,VND00220,SKU3777,IT Equipment,11/04/2022,damaged packaging,233,4684.86,Manager_C,Processed,1091572.38,1
RET0000405,PO0046491,VND00642,SKU4656,Chemicals,02/04/2021,Wrong Item Delivered,397,1935.01,Manager_B,Pending,768198.97,1
RET0001304,PO0043082,VND00596,SKU1137,Chemicals,02/15/2021,Damaged Packaging,28,3439.03,,Processed,96292.84,1
RET0000310,PO0001158,VND00784,SKU1720,Packaging,12/08/2023,Quality Failure,330,2679.69,Manager_A,Processed,884297.7,1
RET0004390,PO0038632,VND00947,SKU3200,Machinery,02/12/2021,Damaged Packaging,390,1024.06,Manager_A,Processed,399383.4,1
RET0003330,PO0020327,VND00685,SKU3981,Machinery,03/05/2023,Damaged Packaging,258,4371.08,Manager_C,Processed,1127738.64,1
RET0000622,PO0025457,VND00843,SKU3932,Raw Material,03/14/2021,,30,3429.53,Manager_A,Rejected,102885.9,1
RET0001659,PO0036201,VND00185,SKU5609,Raw Material,03/06/2023,Wrong Item Delivered,453,205.84,Manager_C,Pending,93245.52,1
RET0003278,PO0036212,VND00364,SKU5079,Spare Parts,01/01/2023,Defective Item,240,4787.67,,Rejected,1149040.8,1
RET0004784,PO0001124,VND00568,SKU5400,IT Equipment,07/12/2024,Defective Item,76,1765.39,Manager_A,Processed,134169.64,1
RET0004942,PO0002430,VND00978,SKU5958,Textiles,11/08/2022,Wrong Item Delivered,238,1438.56,Manager_B,Processed,342377.28,1
RET0002139,PO0006586,VND00501,SKU2974,Textiles,09/01/2022,Damaged Packaging,495,754.19,,Pending,373324.05,1
RET0002428,PO0042020,VND00420,SKU3032,IT Equipment,08/27/2024,Over Shipment,40,749.04,Manager_B,Pending,29961.6,1
RET0004515,PO0002883,VND00659,SKU1176,Raw Material,05/25/2022,Damaged Packaging,249,2600.34,Manager_A,Pending,647484.66,1
RET0002207,PO0043883,VND00903,SKU4773,Textiles,12/05/2023,Defective Item,87,385.93,Manager_C,Pending,33575.91,1
RET0000894,PO0026630,VND00913,SKU4131,Packaging,12/10/2024,Defective Item,191,959.72,,Processed,183306.52,1
RET0001079,PO0017765,VND00866,SKU2916,Raw Material,05/02/2023,Over Shipment,364,726.52,,Pending,264453.28,1
RET0001950,PO0036567,VND00858,SKU3535,Electronics,07/31/2024,Wrong Quantity,438,1642.8,Manager_B,Processed,719546.4,1
RET0003917,PO0043442,VND00735,SKU5273,Electronics,12/02/2021,Quality Failure,51,3189.94,Manager_C,Processed,162686.94,1
RET0002766,PO0037703,VND00313,SKU1395,Chemicals,04/13/2022,Wrong Item Delivered,35,1369.59,Manager_B,Pending,47935.65,1
RET0001298,PO0042332,VND00166,SKU2659,Raw Material,01/17/2023,Wrong Item Delivered,171,4316.43,Manager_B,Processed,738109.53,1
RET0001607,PO0034945,VND00025,SKU4393,Machinery,11/05/2021,Over Shipment,112,1706.88,,Pending,191170.56,1
RET0000369,PO0026545,VND00372,SKU4246,Machinery,08/10/2021,Defective Item,393,1047.61,,Processed,411710.73,1
RET0004145,PO0047959,VND00547,SKU2468,Chemicals,12/11/2021,Quality Failure,155,2429.74,,Processed,376609.7,1
RET0000959,PO0002368,VND00340,SKU4444,IT Equipment,08/25/2022,Expired Product,281,4446.36,Manager_C,Processed,1249427.16,1
RET0000961,PO0012837,VND00157,SKU2538,IT Equipment,05/11/2021,Over Shipment,110,3473.55,Manager_A,Pending,382090.5,1
RET0004555,PO0043142,VND00115,SKU4501,Machinery,11/25/2023,Wrong Quantity,398,1530.2,,Processed,609019.6,1
RET0002069,PO0028605,VND00744,SKU3627,Electronics,06/08/2024,Defective Item,9,4269.53,Manager_B,Processed,38425.77,1
RET0004307,PO0046997,VND00474,SKU2120,Packaging,03/22/2022,Damaged Packaging,467,1144.61,Manager_B,Processed,534532.87,1
RET0004404,PO0011080,VND00344,SKU4039,IT Equipment,11/27/2024,Wrong Quantity,453,123.41,Manager_B,Pending,55904.73,1
RET0003474,PO0015265,VND00515,SKU2610,Spare Parts,04/05/2024,Damaged Packaging,39,3004.96,Manager_A,Processed,117193.44,1
RET0000821,PO0022916,VND00890,SKU2085,Textiles,03/01/2024,Quality Failure,201,331.77,,Processed,66685.77,1
RET0001374,PO0026904,VND00569,SKU1242,Raw Material,09/12/2023,Expired Product,156,1590.12,Manager_B,Processed,248058.72,1
RET0002923,PO0000669,VND00781,SKU3669,Packaging,04/01/2023,Quality Failure,264,2791.98,Manager_A,Processed,737082.72,1
RET0002261,PO0041870,VND00680,SKU3936,IT Equipment,10/12/2021,Quality Failure,163,2502.82,Manager_C,Processed,407959.66,1
RET0004491,PO0013331,VND00439,SKU4148,Chemicals,03/11/2024,Defective Item,162,2270.51,,Processed,367822.62,1
RET0003274,PO0012867,VND00137,SKU3161,Electronics,07/15/2024,Wrong Quantity,9,661.22,Manager_A,Pending,5950.98,1
RET0000353,PO0019221,VND00432,SKU4435,Textiles,08/01/2023,Expired Product,185,1760.23,Manager_C,Rejected,325642.55,1
RET0004541,PO0025350,VND00405,SKU2818,Chemicals,03/02/2021,over shipment,431,3886.52,,Pending,1675090.12,1
RET0001209,PO0012276,VND00105,SKU1473,Packaging,04/02/2021,Defective Item,315,2984.34,Manager_A,Processed,940067.1,1
RET0004623,PO0022034,VND00614,SKU5259,Machinery,03/11/2021,Expired Product,441,1328.65,Manager_A,Processed,585934.65,1
RET0000799,PO0028105,VND00675,SKU4243,Chemicals,01/10/2024,Over Shipment,307,82.32,Manager_C,Processed,25272.24,1
RET0003108,PO0012799,VND00649,SKU1433,IT Equipment,08/07/2023,,445,4049.18,Manager_C,Processed,1801885.1,1
RET0004345,PO0018965,VND00026,SKU1958,Spare Parts,09/29/2023,Over Shipment,390,890.18,Manager_B,Processed,347170.2,1
RET0004761,PO0010747,VND00070,SKU3205,Textiles,03/23/2021,Defective Item,495,721.26,,Processed,357023.7,1
RET0001928,PO0021276,VND00555,SKU3907,Electronics,03/17/2021,Wrong Quantity,150,525.3,Manager_B,Processed,78795,1
RET0003633,PO0018590,VND00733,SKU3330,Electronics,10/21/2023,Over Shipment,463,218.8,Manager_C,Pending,101304.4,1
RET0004806,PO0034470,VND00425,SKU4351,Textiles,01/18/2024,Damaged Packaging,339,4914.75,Manager_A,Pending,1666100.25,1
RET0001616,PO0007824,VND00496,SKU3295,Machinery,04/30/2023,Wrong Item Delivered,223,3335.21,,Pending,743751.83,1
RET0001278,PO0007170,VND00658,SKU1549,IT Equipment,03/11/2021,Quality Failure,306,632.77,Manager_C,Processed,193627.62,1
RET0003026,PO0017260,VND00368,SKU3138,Packaging,03/21/2024,Quality Failure,294,3467.41,Manager_B,Pending,1019418.54,1
RET0002820,PO0013915,VND00584,SKU4677,Raw Material,02/21/2023,Over Shipment,112,1573.78,Manager_A,Pending,176263.36,1
RET0004479,PO0044686,VND00732,SKU1823,Chemicals,06/08/2023,Over Shipment,468,3085.18,,Pending,1443864.24,1
RET0003927,PO0007191,VND00984,SKU3839,Spare Parts,05/31/2022,Damaged Packaging,106,3947.18,Manager_B,Pending,418401.08,1
RET0000849,PO0033350,VND00995,SKU3425,Machinery,02/26/2021,,138,4566.98,,Rejected,630243.24,1
RET0002287,PO0012786,VND00949,SKU5769,Machinery,10/05/2022,Wrong Quantity,195,2881.03,Manager_A,Processed,561800.85,1
RET0004419,PO0023160,VND00683,SKU1492,Chemicals,03/10/2022,Damaged Packaging,417,1176.72,,Pending,490692.24,1
RET0002013,PO0016362,VND00645,SKU1485,Spare Parts,07/02/2021,Over Shipment,373,2374.41,,Processed,885654.93,1
RET0003926,PO0044749,VND00625,SKU5276,Machinery,02/20/2022,expiry,435,3097.1,Manager_A,Pending,1347238.5,1
RET0004676,PO0019251,VND00648,SKU3729,Raw Material,07/18/2021,Over Shipment,384,1446.23,Manager_A,Processed,555352.32,1
RET0001345,PO0008484,VND00710,SKU5238,IT Equipment,05/01/2022,Wrong Item Delivered,144,2892.78,Manager_C,Pending,416560.32,1
RET0002708,PO0035236,VND00716,SKU4555,Electronics,11/24/2022,Expired Product,22,44.38,,Processed,976.36,1
RET0003801,PO0015608,VND00303,SKU3083,IT Equipment,02/04/2022,Wrong Quantity,335,4543.82,Manager_A,Processed,1522179.7,1
RET0002000,PO0002979,VND00930,SKU4503,Packaging,05/13/2022,Quality Failure,52,4552.42,Manager_C,Pending,236725.84,1
RET0004477,PO0023090,VND00323,SKU3500,Machinery,07/07/2024,Over Shipment,152,2196.11,Manager_A,Pending,333808.72,1
RET0004433,PO0005041,VND00523,SKU2871,Chemicals,03/15/2021,Damaged Packaging,174,2458.97,Manager_B,Pending,427860.78,1
RET0003346,PO0031102,VND00847,SKU1575,Spare Parts,11/22/2024,Defective Item,254,4328.26,,Pending,1099378.04,1
RET0000211,PO0037187,VND00535,SKU1700,Spare Parts,06/06/2024,Expired Product,410,4630.9,Manager_B,Processed,1898669,1
RET0001511,PO0033440,VND00007,SKU3272,Textiles,02/19/2021,wrong quantity,100,3282.39,Manager_A,Processed,328239,1
RET0001614,PO0048534,VND00984,SKU4810,Chemicals,03/19/2022,Damaged Packaging,416,930.62,,Processed,387137.92,1
RET0000569,PO0001967,VND00403,SKU1218,Electronics,02/18/2021,Defective Item,356,4189.56,Manager_A,Pending,1491483.36,1
RET0004369,PO0006219,VND00574,SKU1865,Textiles,04/01/2021,Defective Item,434,3878.2,,Rejected,1683138.8,1
RET0002502,PO0008651,VND00659,SKU3110,Electronics,12/12/2024,Wrong Item Delivered,152,4737.89,Manager_B,Rejected,720159.28,1
RET0004490,PO0048714,VND00343,SKU5792,IT Equipment,05/13/2021,Quality Failure,279,412.45,,Processed,115073.55,1
RET0002217,PO0035660,VND00656,SKU5503,Packaging,04/13/2024,Expired Product,226,227.06,Manager_A,Processed,51315.56,1
RET0001390,PO0030322,VND00359,SKU1693,Machinery,04/14/2021,Wrong Quantity,208,4144.49,Manager_B,Processed,862053.92,1
RET0002907,PO0044304,VND00374,SKU5842,Raw Material,03/22/2023,Damaged Packaging,0,2483.15,,Pending,0,0
RET0000697,PO0044159,VND00356,SKU5024,Raw Material,03/18/2024,Damaged Packaging,320,3116.49,,Rejected,997276.8,1
RET0003042,PO0012597,VND00730,SKU2009,Chemicals,07/22/2023,Quality Failure,445,937.32,Manager_A,Pending,417107.4,1
RET0003038,PO0014429,VND00223,SKU2399,Raw Material,07/05/2023,Wrong Quantity,171,983.66,,Processed,168205.86,1
RET0003565,PO0001144,VND00293,SKU3054,Textiles,09/07/2024,Over Shipment,78,3074.04,Manager_C,Processed,239775.12,1
RET0003787,PO0039555,VND00013,SKU4298,Packaging,02/01/2024,Damaged Packaging,156,2478.72,Manager_C,Rejected,386680.32,1
RET0003196,PO0028681,VND00886,SKU4288,Chemicals,05/03/2023,Over Shipment,129,2051.67,Manager_C,Pending,264665.43,1
RET0003921,PO0043091,VND00032,SKU3830,Machinery,07/11/2023,Defective Item,11,3832.66,Manager_B,Processed,42159.26,1
RET0000780,PO0030735,VND00243,SKU3109,Chemicals,11/03/2021,Damaged Packaging,237,3117.06,Manager_B,Processed,738743.22,1
RET0001564,PO0013273,VND00449,SKU3027,IT Equipment,10/13/2022,Quality Failure,400,3186.87,,Processed,1274748,1
RET0003658,PO0031416,VND00003,SKU2638,Textiles,01/31/2021,Defective Item,24,541.33,Manager_C,Pending,12991.92,1
RET0002314,PO0035194,VND00736,SKU2739,Packaging,06/27/2024,Wrong Quantity,151,4455.87,Manager_B,Processed,672836.37,1
RET0002320,PO0043483,VND00302,SKU3550,Packaging,03/01/2024,Expired Product,408,1200.34,Manager_C,Processed,489738.72,1
RET0001826,PO0022546,VND00627,SKU4688,IT Equipment,01/11/2021,Quality Failure,111,2558.61,Manager_B,Rejected,284005.71,1
RET0002244,PO0019401,VND00294,SKU2003,Packaging,12/13/2022,Wrong Quantity,484,2091,Manager_B,Processed,1012044,1
RET0000484,PO0016998,VND00812,SKU3302,Spare Parts,01/08/2022,Wrong Quantity,114,444.19,Manager_B,Processed,50637.66,1
RET0004841,PO0034705,VND00275,SKU1358,Machinery,01/19/2024,Defective Item,271,3237.21,Manager_B,Pending,877283.91,1
RET0002067,PO0031792,VND00863,SKU1833,Chemicals,08/09/2023,Over Shipment,496,3113.91,Manager_A,Rejected,1544499.36,1
RET0000331,PO0027302,VND00841,SKU4478,Chemicals,05/28/2024,Expired Product,201,4659.02,Manager_A,Pending,936463.02,1
RET0003012,PO0018972,VND00787,SKU4742,IT Equipment,06/19/2023,Wrong Item Delivered,301,4152.92,,Rejected,1250028.92,1
RET0004507,PO0033992,VND00879,SKU5896,IT Equipment,12/20/2022,Quality Failure,488,3949.97,,Rejected,1927585.36,1
RET0000752,PO0021121,VND00280,SKU4051,Electronics,02/23/2021,Damaged Packaging,242,1943.65,Manager_B,Processed,470363.3,1
RET0003620,PO0015289,VND00095,SKU3124,Textiles,08/08/2024,Damaged Packaging,366,418.79,Manager_B,Pending,153277.14,1
RET0000769,PO0031391,VND00191,SKU4036,Raw Material,04/16/2022,wrong quantity,329,2541.14,,Pending,836035.06,1
RET0000015,PO0037483,VND00827,SKU3913,Textiles,04/21/2022,Wrong Quantity,139,3166.34,,Processed,440121.26,1
RET0003490,PO0039441,VND00250,SKU2864,IT Equipment,11/15/2021,Over Shipment,401,1859.98,Manager_C,Processed,745851.98,1
RET0002858,PO0030515,VND00522,SKU5725,Spare Parts,11/04/2022,Damaged Packaging,362,2304.37,,Processed,834181.94,1
RET0001194,PO0008386,VND00841,SKU4615,IT Equipment,02/22/2024,Defective Item,28,2694.18,Manager_B,Rejected,75437.04,1
RET0004189,PO0020430,VND00281,SKU3945,Machinery,10/05/2021,Wrong Quantity,0,2685.57,Manager_A,Processed,0,0
RET0001968,PO0019815,VND00135,SKU4807,Textiles,06/27/2024,Quality Failure,390,699.49,Manager_A,Processed,272801.1,1
RET0004126,PO0022474,VND00189,SKU5293,Textiles,07/03/2024,Defective Item,223,4994.45,,Pending,1113762.35,1
RET0003746,PO0025121,VND00147,SKU4617,Textiles,07/20/2024,Wrong Quantity,89,2035.39,,Pending,181149.71,1
RET0000671,PO0009168,VND00367,SKU4188,IT Equipment,06/14/2021,Damaged Packaging,53,349.89,Manager_C,Processed,18544.17,1
RET0001468,PO0040925,VND00850,SKU1188,IT Equipment,09/03/2024,Damaged Packaging,423,1070.11,,Processed,452656.53,1
RET0003852,PO0001626,VND00474,SKU3679,Spare Parts,11/17/2023,Defective Item,291,2589.92,Manager_A,Pending,753666.72,1
RET0004423,PO0030048,VND00906,SKU4160,Chemicals,09/28/2021,Wrong Item Delivered,197,448.31,Manager_A,Pending,88317.07,1
RET0000784,PO0000290,VND00111,SKU3151,Chemicals,10/23/2024,Defective Item,209,4923.86,,Processed,1029086.74,1
RET0001223,PO0015239,VND00880,SKU2405,Electronics,01/20/2023,Expired Product,55,4481.48,,Pending,246481.4,1
RET0004959,PO0012576,VND00952,SKU3516,Machinery,07/04/2023,Expired Product,124,4344.88,Manager_A,Pending,538765.12,1
RET0003932,PO0043371,VND00157,SKU4054,Machinery,06/04/2021,Wrong Item Delivered,53,12.73,Manager_B,Pending,674.69,1
RET0002140,PO0026960,VND00504,SKU4480,Textiles,09/10/2023,Wrong Item Delivered,173,390.28,,Pending,67518.44,1
RET0000824,PO0009775,VND00186,SKU3498,Electronics,02/27/2023,Defective Item,81,945.54,,Processed,76588.74,1
RET0002052,PO0035655,VND00904,SKU5436,Spare Parts,11/04/2023,Wrong Item Delivered,382,1337.54,Manager_C,Processed,510940.28,1
RET0003464,PO0021186,VND00621,SKU2595,Machinery,10/15/2021,Wrong Quantity,60,2204.35,,Processed,132261,1
RET0002008,PO0018572,VND00012,SKU2205,IT Equipment,12/18/2022,Over Shipment,199,4636.03,,Processed,922569.97,1
RET0000471,PO0040465,VND00643,SKU2597,IT Equipment,10/19/2023,Over Shipment,169,1189.35,Manager_B,Processed,201000.15,1
RET0002527,PO0011251,VND00792,SKU1550,IT Equipment,11/25/2024,Damaged Packaging,225,3308.16,Manager_A,Pending,744336,1
RET0002699,PO0005193,VND00480,SKU3670,Textiles,10/19/2021,Quality Failure,14,932.39,Manager_C,Pending,13053.46,1
RET0002605,PO0046395,VND00898,SKU3233,Textiles,01/20/2024,Wrong Item Delivered,300,4399.97,Manager_B,Rejected,1319991,1
RET0004636,PO0033954,VND00417,SKU1878,IT Equipment,05/24/2022,wrong quantity,402,2291.05,,,921002.1,1
RET0000778,PO0027900,VND00501,SKU1178,Electronics,07/31/2023,Expired Product,8,3494.71,Manager_A,Processed,27957.68,1
RET0002341,PO0045621,VND00268,SKU5217,Electronics,07/11/2022,Expired Product,393,4059,Manager_A,Rejected,1595187,1
RET0003650,PO0049883,VND00609,SKU3609,Electronics,12/19/2022,Expired Product,194,802.9,Manager_C,Processed,155762.6,1
RET0000263,PO0019486,VND00677,SKU3300,Machinery,08/30/2023,Over Shipment,216,44.5,Manager_C,Pending,9612,1
RET0002046,PO0017313,VND00203,SKU3166,Electronics,11/24/2024,Damaged Packaging,210,198.08,Manager_A,Processed,41596.8,1
RET0000532,PO0004220,VND00932,SKU4686,Machinery,06/19/2024,Quality Failure,157,1092.32,Manager_C,Processed,171494.24,1
RET0004556,PO0002817,VND00464,SKU1067,Packaging,03/25/2021,Damaged Packaging,255,1188.73,Manager_C,Rejected,303126.15,1
RET0000693,PO0035874,VND00752,SKU3490,Electronics,09/26/2022,Damaged Packaging,474,4672.27,Manager_A,Processed,2214655.98,1
RET0003037,PO0008151,VND00518,SKU1643,Machinery,12/07/2022,Quality Failure,192,2078.23,Manager_A,,399020.16,1
RET0000855,PO0042414,VND00471,SKU5316,IT Equipment,07/19/2024,Defective Item,383,4747.84,,Rejected,1818422.72,1
RET0001932,PO0018526,VND00556,SKU5957,Packaging,02/01/2024,Wrong Quantity,117,4820.26,Manager_B,Processed,563970.42,1
RET0000858,PO0048614,VND00390,SKU1092,Machinery,01/25/2023,Defective Item,254,3621.32,Manager_B,Processed,919815.28,1
RET0000839,PO0046135,VND00848,SKU1936,Machinery,09/14/2021,Wrong Item,438,1323.66,,Processed,579763.08,1
RET0001710,PO0047678,VND00778,SKU4644,Chemicals,08/09/2022,Defective Item,375,1386.37,Manager_C,Pending,519888.75,1
RET0002450,PO0039537,VND00990,SKU2302,Raw Material,08/16/2021,Wrong Item Delivered,29,3218.11,Manager_A,Processed,93325.19,1
RET0002195,PO0021415,VND00372,SKU4224,Raw Material,06/02/2021,Expired Product,1,1144.13,,Processed,1144.13,1
RET0002594,PO0024444,VND00131,SKU5333,Chemicals,09/20/2021,Damaged Packaging,325,4974.07,Manager_B,Processed,1616572.75,1
RET0001889,PO0023303,VND00218,SKU4506,Spare Parts,09/10/2023,Expired Product,442,4962.96,Manager_A,,2193628.32,1
RET0003601,PO0012299,VND00841,SKU3490,Packaging,03/25/2024,expiry,208,3904.33,Manager_B,Processed,812100.64,1
RET0003919,PO0019657,VND00526,SKU4578,Packaging,10/15/2022,wrong quantity,490,3095.25,Manager_C,Processed,1516672.5,1
RET0004333,PO0043282,VND00500,SKU4624,Textiles,08/25/2022,Wrong Quantity,139,2964.33,,Processed,412041.87,1
RET0002532,PO0002526,VND00229,SKU3432,Chemicals,01/27/2021,Over Shipment,262,2602.66,Manager_A,Processed,681896.92,1
RET0004151,PO0002756,VND00760,SKU4832,Spare Parts,09/19/2024,Damaged Packaging,230,2287.13,,Rejected,526039.9,1
RET0002248,PO0042837,VND00019,SKU4409,Electronics,03/11/2024,Wrong Quantity,15,3637.63,Manager_B,Processed,54564.45,1
RET0002214,PO0017981,VND00591,SKU2766,Textiles,03/08/2024,Wrong Quantity,27,269.45,Manager_C,Pending,7275.15,1
RET0003450,PO0028104,VND00913,SKU1918,Machinery,03/08/2024,Expired Product,236,3083.68,Manager_B,Processed,727748.48,1
RET0002072,PO0033598,VND00693,SKU3154,Spare Parts,10/05/2021,Wrong Item Delivered,63,3004.87,Manager_B,Pending,189306.81,1
RET0003478,PO0043369,VND00494,SKU1210,Chemicals,11/13/2024,Over Shipment,452,3750.77,Manager_B,Pending,1695348.04,1
RET0004734,PO0036578,VND00349,SKU3714,Chemicals,12/01/2021,Wrong Item Delivered,213,3206.83,,Pending,683054.79,1
RET0002263,PO0025714,VND00431,SKU1010,Electronics,04/05/2024,Over Shipment,204,2032.01,,Processed,414530.04,1
RET0001205,PO0021180,VND00820,SKU4551,Textiles,06/19/2024,Wrong Quantity,414,1931.94,,Processed,799823.16,1
RET0000911,PO0028943,VND00085,SKU1881,Textiles,08/04/2021,Expired Product,112,4303.99,,Pending,482046.88,1
RET0002549,PO0016522,VND00552,SKU3274,IT Equipment,06/04/2022,Wrong Quantity,266,1856.43,Manager_A,Pending,493810.38,1
RET0002157,PO0036254,VND00756,SKU4601,Packaging,12/05/2022,Quality Failure,40,2073.68,Manager_C,Processed,82947.2,1
RET0000702,PO0006695,VND00654,SKU5984,Raw Material,11/15/2024,Quality Failure,386,1330.61,Manager_A,Processed,513615.46,1
RET0000712,PO0029947,VND00955,SKU4772,Packaging,03/17/2023,Damaged Packaging,294,484.49,Manager_B,Pending,142440.06,1
RET0000540,PO0018918,VND00539,SKU3584,Textiles,11/30/2024,Quality Failure,148,2836.26,Manager_A,Pending,419766.48,1
RET0000419,PO0016291,VND00734,SKU5608,Electronics,11/21/2023,Over Shipment,433,940.07,Manager_A,Processed,407050.31,1
RET0003800,PO0007847,VND00493,SKU3283,Machinery,12/08/2024,Defective Item,409,2213.94,Manager_A,Processed,905501.46,1
RET0004412,PO0044325,VND00668,SKU4275,Raw Material,11/19/2024,Wrong Item Delivered,267,2820.18,Manager_B,Rejected,752988.06,1
RET0001954,PO0038177,VND00044,SKU3821,Chemicals,04/17/2024,Wrong Item Delivered,32,1323.06,Manager_B,Processed,42337.92,1
RET0002340,PO0024018,VND00749,SKU4302,Chemicals,04/18/2021,wrong quantity,19,4719.71,Manager_A,Rejected,89674.49,1
RET0002533,PO0037703,VND00673,SKU4297,Electronics,09/27/2024,Damaged Packaging,107,1128.37,Manager_A,Processed,120735.59,1
RET0002764,PO0029451,VND00997,SKU4951,IT Equipment,10/19/2022,Quality Failure,28,2271.95,Manager_A,Processed,63614.6,1
RET0000598,PO0004423,VND00124,SKU3085,IT Equipment,06/18/2023,wrong quantity,273,3832.55,Manager_A,Pending,1046286.15,1
RET0004255,PO0047418,VND00419,SKU4618,Spare Parts,05/24/2022,Damaged Packaging,480,2072.96,Manager_B,Processed,995020.8,1
RET0001678,PO0027897,VND00530,SKU3090,Spare Parts,06/08/2021,Over Shipment,124,2818.47,Manager_A,Pending,349490.28,1
RET0004906,PO0044877,VND00172,SKU2505,IT Equipment,10/22/2023,Wrong Item Delivered,293,1499.17,,Processed,439256.81,1
RET0003577,PO0028930,VND00730,SKU5652,IT Equipment,01/05/2023,,365,132.05,Manager_C,Processed,48198.25,1
RET0000365,PO0009654,VND00968,SKU3819,Packaging,05/26/2024,Over Shipment,71,2382.9,Manager_A,Pending,169185.9,1
RET0003270,PO0040410,VND00709,SKU2981,Machinery,01/29/2022,Expired Product,315,2950.04,Manager_C,Processed,929262.6,1
RET0003713,PO0044257,VND00592,SKU5969,Chemicals,08/27/2023,Wrong Item Delivered,388,4086.54,Manager_B,Processed,1585577.52,1
RET0001015,PO0028158,VND00406,SKU3382,Packaging,02/27/2021,Damaged Packaging,220,3847.07,Manager_A,Rejected,846355.4,1
RET0002819,PO0023178,VND00741,SKU3775,Textiles,04/29/2023,Wrong Quantity,395,279.49,Manager_C,Processed,110398.55,1
RET0001162,PO0034490,VND00420,SKU2748,Spare Parts,07/25/2021,Wrong Quantity,106,3748.86,Manager_B,Processed,397379.16,1
RET0003718,PO0043795,VND00013,SKU5212,Raw Material,05/13/2023,Expired Product,97,1996.93,Manager_A,Processed,193702.21,1
RET0000592,PO0046760,VND00796,SKU3442,Packaging,02/10/2022,Quality Failure,247,1740.2,,Pending,429829.4,1
RET0004982,PO0030236,VND00457,SKU1273,Chemicals,03/03/2021,Over Shipment,298,1309.49,Manager_C,Processed,390228.02,1
RET0000720,PO0040053,VND00855,SKU3207,Packaging,09/02/2021,Wrong Quantity,463,2325.28,Manager_C,Rejected,1076604.64,1
RET0004094,PO0025171,VND00903,SKU3964,Spare Parts,12/09/2021,Wrong Quantity,477,1242.21,,Processed,592534.17,1
RET0000740,PO0001374,VND00067,SKU4948,Machinery,05/08/2023,Quality Failure,32,2493.72,Manager_B,Processed,79799.04,1
RET0002694,PO0004957,VND00586,SKU5545,Electronics,02/01/2022,Over Shipment,406,3829.57,,Processed,1554805.42,1
RET0000141,PO0005832,VND00630,SKU2345,Raw Material,05/03/2023,Wrong Quantity,378,1231.46,Manager_B,Processed,465491.88,1
RET0001546,PO0020386,VND00357,SKU1048,Machinery,11/14/2021,Expired Product,11,3993.28,Manager_A,Processed,43926.08,1
RET0001034,PO0004948,VND00861,SKU2996,Raw Material,08/03/2022,,242,4734.29,,Processed,1145698.18,1
RET0004880,PO0012370,VND00573,SKU5868,Spare Parts,12/30/2021,Wrong Item Delivered,46,1373.4,Manager_B,Processed,63176.4,1
RET0000605,PO0043910,VND00317,SKU3505,Electronics,04/23/2024,Quality Failure,173,1427.73,Manager_B,Processed,246997.29,1
RET0002758,PO0043279,VND00532,SKU5452,Packaging,12/29/2021,Wrong Item Delivered,424,2092.01,Manager_A,Processed,887012.24,1
RET0002822,PO0005374,VND00009,SKU1219,Textiles,08/03/2024,Defective Item,123,2617.88,Manager_C,Processed,321999.24,1
RET0000245,PO0039734,VND00559,SKU3197,Spare Parts,12/03/2024,,352,3407.13,Manager_A,,1199309.76,1
RET0000469,PO0019696,VND00836,SKU5983,Electronics,10/29/2021,Quality Failure,198,2432.49,Manager_A,Pending,481633.02,1
RET0001444,PO0026001,VND00504,SKU5653,Chemicals,11/23/2023,Wrong Quantity,123,4794.38,Manager_A,Pending,589708.74,1
RET0003372,PO0029153,VND00759,SKU4275,Chemicals,05/09/2024,Over Shipment,479,734.97,,Rejected,352050.63,1
RET0002433,PO0045794,VND00522,SKU2996,Packaging,08/27/2022,Over Shipment,319,2612.1,,Processed,833259.9,1
RET0003944,PO0020854,VND00703,SKU2605,Chemicals,04/03/2024,Quality Failure,23,3481.9,Manager_A,Pending,80083.7,1
RET0001466,PO0016710,VND00655,SKU3907,Spare Parts,01/29/2022,Quality Failure,423,3988.75,Manager_C,Processed,1687241.25,1
RET0003774,PO0000451,VND00766,SKU4821,Spare Parts,10/15/2024,Expired Product,415,329.78,Manager_B,Processed,136858.7,1
RET0001559,PO0039485,VND00164,SKU5272,Electronics,05/10/2023,Expired Product,53,762.65,Manager_B,Pending,40420.45,1
RET0002545,PO0031147,VND00514,SKU4697,Electronics,05/24/2021,Expired Product,274,372.16,,,101971.84,1
RET0004626,PO0017196,VND00040,SKU4915,Electronics,06/18/2023,,132,4102.78,Manager_B,Processed,541566.96,1
RET0000589,PO0037947,VND00210,SKU4880,Chemicals,12/04/2024,Expired Product,199,4569.2,Manager_A,Processed,909270.8,1
RET0000362,PO0033994,VND00422,SKU3916,Textiles,05/24/2024,Over Shipment,195,2196.65,Manager_B,Pending,428346.75,1
RET0004796,PO0029877,VND00781,SKU2394,IT Equipment,06/26/2023,Expired Product,98,1851.25,Manager_A,Pending,181422.5,1
RET0001867,PO0029271,VND00063,SKU1270,Raw Material,01/01/2024,Wrong Quantity,2,1839.59,,Processed,3679.18,1
RET0002049,PO0010811,VND00688,SKU3244,Raw Material,07/25/2024,Expired,351,3365.51,Manager_B,Processed,1181294.01,1
RET0003410,PO0005899,VND00036,SKU2064,Spare Parts,11/24/2022,Quality Failure,199,2827.54,Manager_B,Processed,562680.46,1
RET0003102,PO0042024,VND00167,SKU3951,Electronics,07/15/2024,Over Shipment,247,425.35,Manager_A,Pending,105061.45,1
RET0003606,PO0045225,VND00557,SKU2241,IT Equipment,03/18/2022,,434,4823.74,Manager_A,Pending,2093503.16,1
RET0001397,PO0015112,VND00858,SKU1115,Spare Parts,02/07/2023,Wrong Item,11,387.51,Manager_B,Processed,4262.61,1
RET0001907,PO0012985,VND00551,SKU5542,IT Equipment,01/31/2023,Expired Product,161,2682.76,Manager_B,Processed,431924.36,1
RET0003304,PO0005036,VND00202,SKU3751,Spare Parts,06/20/2022,Over Shipment,110,4465.18,,Processed,491169.8,1
RET0002496,PO0046991,VND00036,SKU5093,Machinery,08/24/2021,Over Shipment,397,2268.46,,Pending,900578.62,1
RET0003009,PO0008862,VND00890,SKU5412,Spare Parts,03/31/2023,Expired Product,442,2838.79,Manager_B,Processed,1254745.18,1
RET0000745,PO0038236,VND00805,SKU2885,Spare Parts,05/17/2021,wrong quantity,59,4145.6,Manager_C,Processed,244590.4,1
RET0001104,PO0039164,VND00604,SKU1751,Textiles,01/14/2023,Expired Product,250,3155.51,Manager_B,Pending,788877.5,1
RET0001787,PO0021298,VND00208,SKU2598,Packaging,05/04/2024,Quality Failure,19,1236.15,,,23486.85,1
RET0002498,PO0019944,VND00088,SKU1693,Chemicals,09/02/2022,Expired Product,408,2078.11,Manager_B,Processed,847868.88,1
RET0002270,PO0019604,VND00797,SKU2786,Textiles,08/22/2022,Defective Item,113,297.41,Manager_A,Processed,33607.33,1
RET0004931,PO0024977,VND00724,SKU3099,Machinery,09/17/2022,Expired Product,114,327.5,Manager_C,Pending,37335,1
RET0000896,PO0007901,VND00551,SKU1793,IT Equipment,01/08/2024,Quality Failure,44,4793.48,Manager_C,Pending,210913.12,1
RET0004135,PO0048467,VND00258,SKU5656,Electronics,07/23/2023,Wrong Item Delivered,45,4917.36,,Processed,221281.2,1
RET0000536,PO0048690,VND00404,SKU3582,Packaging,01/04/2024,Wrong Item Delivered,43,3551.31,Manager_A,Processed,152706.33,1
RET0002102,PO0039373,VND00390,SKU4027,Chemicals,09/13/2024,,276,4599.49,Manager_C,Rejected,1269459.24,1
RET0001580,PO0018319,VND00616,SKU3965,Textiles,12/15/2022,Defective Item,320,4939.01,,Processed,1580483.2,1
RET0000293,PO0023974,VND00940,SKU2666,Raw Material,11/19/2023,Over Shipment,402,1865.3,Manager_A,Rejected,749850.6,1
RET0001627,PO0035186,VND00251,SKU4529,Packaging,03/24/2021,Wrong Item Delivered,97,1094.56,Manager_C,Processed,106172.32,1
RET0001400,PO0012800,VND00314,SKU1631,Packaging,05/18/2024,Defective Item,278,1005.23,Manager_A,Pending,279453.94,1
RET0002466,PO0041552,VND00040,SKU4072,Chemicals,12/29/2021,Over Shipment,5,4474.55,Manager_B,Processed,22372.75,1
RET0004023,PO0007417,VND00318,SKU3451,Machinery,06/24/2021,Defective Item,446,1566.35,Manager_A,Processed,698592.1,1
RET0001814,PO0009422,VND00551,SKU2181,Raw Material,10/02/2023,,244,885.86,Manager_C,Rejected,216149.84,1
RET0001869,PO0009858,VND00037,SKU3674,IT Equipment,05/22/2024,Quality Failure,305,4943.86,,Processed,1507877.3,1
RET0000791,PO0006926,VND00129,SKU1538,Spare Parts,01/09/2022,Wrong Quantity,261,1344.27,,Pending,350854.47,1
RET0000701,PO0035101,VND00442,SKU3094,Raw Material,01/22/2023,Damaged Packaging,414,2530.5,Manager_B,Pending,1047627,1
RET0004825,PO0029327,VND00265,SKU2241,Chemicals,05/21/2024,Wrong Quantity,436,655.33,Manager_C,Processed,285723.88,1
RET0001541,PO0023272,VND00193,SKU4502,Electronics,01/26/2022,Over Shipment,43,3771.81,Manager_B,Processed,162187.83,1
RET0003249,PO0046711,VND00650,SKU2545,Chemicals,08/24/2022,Damaged Packaging,64,1193.93,Manager_A,Rejected,76411.52,1
RET0004868,PO0039925,VND00628,SKU2290,Packaging,12/18/2022,Defective Item,163,2020.97,Manager_A,Rejected,329418.11,1
RET0002593,PO0030095,VND00956,SKU4252,IT Equipment,03/23/2024,Expired Product,454,1720.8,Manager_B,Rejected,781243.2,1
RET0002490,PO0002913,VND00087,SKU1554,Textiles,03/11/2024,Defective Item,428,2927.61,Manager_C,Processed,1253017.08,1
RET0004893,PO0034959,VND00869,SKU1767,IT Equipment,03/03/2023,Quality Failure,221,668.81,Manager_A,Processed,147807.01,1
RET0001528,PO0034018,VND00007,SKU1212,Machinery,04/07/2024,Expired Product,413,2185.26,Manager_C,Pending,902512.38,1
RET0002835,PO0007429,VND00589,SKU5708,Chemicals,08/02/2024,Wrong Quantity,356,2105.53,Manager_A,Processed,749568.68,1
RET0002424,PO0014363,VND00420,SKU1287,Electronics,06/24/2024,Quality Failure,9,2869.68,Manager_A,Processed,25827.12,1
RET0004069,PO0016743,VND00664,SKU5096,Machinery,07/22/2022,,148,3251.08,Manager_C,Pending,481159.84,1
RET0001088,PO0039622,VND00145,SKU4251,Raw Material,03/23/2024,Over Shipment,38,2061.16,Manager_C,Rejected,78324.08,1
RET0000049,PO0005233,VND00952,SKU3323,Textiles,09/23/2021,Expired Product,139,2963.74,Manager_B,Pending,411959.86,1
RET0004025,PO0043150,VND00277,SKU4724,Machinery,04/23/2024,Expired Product,167,4871.69,Manager_B,Processed,813572.23,1
RET0004758,PO0001551,VND00241,SKU5713,Raw Material,02/23/2023,Wrong Item Delivered,169,356.35,Manager_C,Processed,60223.15,1
RET0001785,PO0018672,VND00181,SKU4053,Machinery,02/13/2021,Defective Item,30,2491.22,Manager_B,Pending,74736.6,1
RET0000491,PO0045418,VND00621,SKU5028,Machinery,03/31/2023,Quality Failure,307,4916.46,Manager_A,Pending,1509353.22,1
RET0004967,PO0035919,VND00745,SKU3916,Machinery,08/27/2024,Defective Item,121,3474.93,,Pending,420466.53,1
RET0003990,PO0011611,VND00763,SKU2771,Spare Parts,09/25/2022,Wrong Item,180,47.62,Manager_A,Pending,8571.6,1
RET0000101,PO0019908,VND00459,SKU5424,Textiles,04/10/2024,Defective Item,240,919.07,Manager_A,Processed,220576.8,1
RET0000014,PO0010997,VND00002,SKU4428,Chemicals,01/14/2024,Expired Product,328,2114.32,,Pending,693496.96,1
RET0002692,PO0041452,VND00336,SKU5597,Raw Material,01/31/2024,Defective Item,51,997.66,Manager_B,Processed,50880.66,1
RET0000248,PO0018318,VND00067,SKU2514,Raw Material,08/27/2024,Quality Failure,363,3077.74,Manager_B,Processed,1117219.62,1
RET0002429,PO0027585,VND00848,SKU4424,Textiles,10/31/2023,Over Shipment,29,4154.41,Manager_C,Processed,120477.89,1
RET0004066,PO0031454,VND00370,SKU3019,Textiles,03/16/2024,Wrong Item Delivered,227,708.84,,Processed,160906.68,1
RET0002804,PO0020851,VND00612,SKU5043,Packaging,07/21/2021,Defective Item,102,2626.17,Manager_C,Processed,267869.34,1
RET0002142,PO0049024,VND00345,SKU1098,Textiles,03/14/2022,Over Shipment,424,4605.41,Manager_C,Processed,1952693.84,1
RET0000941,PO0032701,VND00248,SKU4359,Spare Parts,10/08/2022,Wrong Item Delivered,452,2065.05,Manager_A,Processed,933402.6,1
RET0002100,PO0038055,VND00374,SKU3738,Textiles,11/08/2022,Defective Item,417,1341.34,Manager_B,Rejected,559338.78,1
RET0000699,PO0018773,VND00033,SKU1204,IT Equipment,10/26/2022,Defective Item,205,969.24,Manager_B,Rejected,198694.2,1
RET0000292,PO0020611,VND00754,SKU3500,Spare Parts,12/01/2022,Wrong Item Delivered,75,2524.42,Manager_A,Pending,189331.5,1
RET0001777,PO0041098,VND00101,SKU3935,Packaging,01/25/2022,Wrong Item Delivered,328,3214.1,Manager_C,Pending,1054224.8,1
RET0002703,PO0026557,VND00478,SKU3339,Spare Parts,10/13/2023,Wrong Quantity,286,1849.82,Manager_C,Pending,529048.52,1
RET0004877,PO0000223,VND00653,SKU1926,IT Equipment,05/30/2024,Wrong Item Delivered,21,2858.5,Manager_B,Processed,60028.5,1
RET0002888,PO0025411,VND00225,SKU1724,Chemicals,10/22/2024,Wrong Quantity,428,735.16,Manager_C,Pending,314648.48,1
RET0004894,PO0024333,VND00736,SKU5557,Machinery,07/27/2021,Wrong Quantity,156,814.43,Manager_A,Pending,127051.08,1
RET0003301,PO0030033,VND00194,SKU5516,Packaging,07/11/2024,Defective Item,494,2548.57,,Processed,1258993.58,1
RET0003821,PO0049310,VND00123,SKU2149,Machinery,04/07/2024,Quality Failure,330,1111.49,,Rejected,366791.7,1
RET0002618,PO0008246,VND00542,SKU3732,Spare Parts,06/07/2024,Wrong Quantity,82,4624.18,Manager_A,Processed,379182.76,1
RET0000842,PO0002120,VND00623,SKU4348,Raw Material,09/08/2021,Over Shipment,400,1170.1,Manager_A,Processed,468040,1
RET0004969,PO0026177,VND00714,SKU1093,Machinery,03/03/2022,Wrong Item Delivered,314,2516.08,Manager_C,Processed,790049.12,1
RET0003510,PO0025679,VND00412,SKU4620,Spare Parts,02/15/2022,Quality Failure,298,442.85,Manager_C,Rejected,131969.3,1
RET0004263,PO0036512,VND00705,SKU3573,Raw Material,08/15/2022,Wrong Item Delivered,182,3746.21,,Processed,681810.22,1
RET0003933,PO0037926,VND00623,SKU4635,Machinery,09/14/2022,Wrong Item delivered,61,3723.35,Manager_B,Pending,227124.35,1
RET0004172,PO0046892,VND00307,SKU3501,Raw Material,09/07/2023,Damaged Packaging,212,2984.6,,Processed,632735.2,1
RET0002805,PO0013627,VND00372,SKU2460,Machinery,07/12/2021,Damaged Packaging,115,2835.16,Manager_A,Processed,326043.4,1
RET0002846,PO0018926,VND00950,SKU2154,Chemicals,07/15/2023,Quality Failure,318,3142.03,,Processed,999165.54,1
RET0001799,PO0025968,VND00885,SKU2826,IT Equipment,11/11/2021,Over Shipment,170,1818.1,Manager_B,Processed,309077,1
RET0004026,PO0026198,VND00433,SKU2466,Textiles,05/29/2021,Quality Failure,20,329.12,Manager_B,Pending,6582.4,1
RET0002246,PO0021958,VND00454,SKU2470,Raw Material,10/21/2023,Wrong Quantity,481,1104.1,Manager_B,Processed,531072.1,1
RET0004686,PO0028746,VND00582,SKU5352,Machinery,03/26/2023,Expired Product,46,4814.51,Manager_C,Processed,221467.46,1
RET0000477,PO0030311,VND00308,SKU4092,Textiles,01/02/2021,Over Shipment,414,871.26,,Processed,360701.64,1
RET0001920,PO0048394,VND00610,SKU3867,Chemicals,06/21/2022,Wrong Quantity,95,2906.57,,Processed,276124.15,1
RET0000861,PO0007722,VND00246,SKU1006,Chemicals,03/08/2022,Wrong Quantity,290,1249.9,Manager_B,Pending,362471,1
RET0004038,PO0034178,VND00306,SKU2393,Electronics,04/15/2023,Expired Product,188,2353.92,Manager_C,Processed,442536.96,1
RET0001763,PO0023477,VND00774,SKU2700,IT Equipment,05/08/2023,Expired Product,456,4890.8,Manager_A,Pending,2230204.8,1
RET0002547,PO0028959,VND00683,SKU2932,IT Equipment,02/12/2022,Wrong Item Delivered,36,650.04,,Processed,23401.44,1
RET0000561,PO0045453,VND00969,SKU1188,Machinery,03/25/2021,Damaged Packaging,442,3818.71,Manager_A,Rejected,1687869.82,1
RET0000743,PO0027285,VND00072,SKU1249,Packaging,08/29/2023,Wrong Item,160,1482.76,Manager_C,Rejected,237241.6,1
RET0001716,PO0045409,VND00091,SKU3543,Machinery,05/14/2022,Over Shipment,485,754.89,Manager_A,Processed,366121.65,1
RET0000544,PO0039565,VND00855,SKU4957,Packaging,01/07/2024,Damaged Packaging,418,3968.68,,Processed,1658908.24,1
RET0004240,PO0010746,VND00781,SKU3101,Packaging,12/09/2021,Quality Failure,76,2821.09,Manager_A,Processed,214402.84,1
RET0002713,PO0023573,VND00588,SKU5807,Chemicals,07/14/2022,Wrong Item Delivered,63,4435.73,Manager_A,Processed,279450.99,1
RET0004199,PO0039061,VND00208,SKU5425,Packaging,11/07/2023,Expired Product,155,2480.03,,Pending,384404.65,1
RET0004551,PO0011921,VND00705,SKU4505,IT Equipment,11/23/2023,Expired Product,441,958.39,Manager_A,Processed,422649.99,1
RET0004196,PO0012337,VND00236,SKU1587,Raw Material,03/31/2024,Over Shipment,81,4851.18,Manager_A,Processed,392945.58,1
RET0000703,PO0033026,VND00134,SKU1676,Chemicals,12/09/2022,Defective Item,449,4350.49,Manager_C,Processed,1953370.01,1
RET0004029,PO0030850,VND00839,SKU4151,Textiles,10/19/2024,Quality Failure,414,1479.21,Manager_A,Processed,612392.94,1
RET0001261,PO0032860,VND00859,SKU5132,Chemicals,05/02/2022,Quality Failure,435,2591.29,Manager_A,Rejected,1127211.15,1
RET0004228,PO0000357,VND00717,SKU5645,Electronics,08/23/2024,Wrong Quantity,392,1709.66,Manager_A,Pending,670186.72,1
RET0001299,PO0023764,VND00721,SKU4829,Chemicals,09/11/2024,Defective Item,98,1537.02,Manager_C,Rejected,150627.96,1
RET0002839,PO0001158,VND00093,SKU5705,Machinery,04/26/2024,Wrong Item Delivered,287,3281.93,Manager_A,Processed,941913.91,1
RET0002814,PO0000648,VND00665,SKU4365,Packaging,08/07/2023,Expired Product,168,4929.5,Manager_A,Pending,828156,1
RET0003343,PO0002804,VND00653,SKU2880,Electronics,11/30/2023,Over Shipment,200,2923.75,Manager_A,Processed,584750,1
RET0004420,PO0043527,VND00721,SKU2296,Electronics,01/12/2023,Quality Failure,164,4414.52,,Processed,723981.28,1
RET0004111,PO0028626,VND00869,SKU1874,Chemicals,07/23/2022,Expired Product,400,4091.04,,Processed,1636416,1
RET0004565,PO0026643,VND00068,SKU2795,Machinery,08/09/2022,Wrong Item Delivered,254,3753.08,Manager_A,Pending,953282.32,1
RET0000146,PO0042592,VND00356,SKU4336,IT Equipment,06/04/2023,Defective Item,175,3322.22,Manager_C,Pending,581388.5,1
RET0000180,PO0013345,VND00186,SKU4392,Electronics,03/16/2022,Expired Product,14,4487.02,,Pending,62818.28,1
RET0002050,PO0013088,VND00818,SKU1053,Spare Parts,01/03/2021,Damaged Packaging,71,3634.82,Manager_B,Pending,258072.22,1
RET0002336,PO0041962,VND00832,SKU2461,Chemicals,10/28/2023,Wrong Item delivered,96,4819.92,Manager_C,Pending,462712.32,1
RET0002747,PO0032423,VND00373,SKU2683,Packaging,07/31/2024,Defective Item,218,3408.37,,Rejected,743024.66,1
RET0001422,PO0034105,VND00274,SKU3564,Spare Parts,12/06/2021,Quality Failure,371,3136.1,,Processed,1163493.1,1
RET0002911,PO0036084,VND00312,SKU3098,IT Equipment,07/06/2022,Wrong Item Delivered,440,2669.75,Manager_C,Processed,1174690,1
RET0004147,PO0009429,VND00685,SKU4230,Packaging,12/02/2022,Over Shipment,108,1291.27,Manager_A,Pending,139457.16,1
RET0001856,PO0034027,VND00467,SKU3880,IT Equipment,07/16/2022,Expired Product,108,3571.9,Manager_C,Pending,385765.2,1
RET0000774,PO0011729,VND00850,SKU1246,Textiles,11/01/2022,expiry,342,1379.39,Manager_A,Processed,471751.38,1
RET0000176,PO0035947,VND00542,SKU3336,Spare Parts,07/08/2023,Defective Item,344,2906.26,Manager_B,Processed,999753.44,1
RET0004991,PO0049296,VND00087,SKU3403,Raw Material,02/01/2021,Defective Item,408,4091.05,Manager_A,Processed,1669148.4,1
RET0004088,PO0037188,VND00803,SKU2074,Textiles,03/21/2024,Wrong Item Delivered,466,1786.66,Manager_B,Pending,832583.56,1
RET0001926,PO0041008,VND00362,SKU2262,Chemicals,04/26/2021,Damaged Packaging,90,1750.55,Manager_B,Pending,157549.5,1
RET0003119,PO0019654,VND00829,SKU2677,Electronics,09/01/2021,Over Shipment,128,941.52,,Processed,120514.56,1
RET0000184,PO0040000,VND00902,SKU4849,Raw Material,06/12/2022,Quality Failure,3,4321.18,Manager_B,Pending,12963.54,1
RET0004533,PO0038117,VND00636,SKU2198,Textiles,03/18/2021,Wrong Item,250,4228.13,Manager_B,Processed,1057032.5,1
RET0003979,PO0047605,VND00742,SKU4221,IT Equipment,02/17/2023,Expired Product,406,1089.9,Manager_C,Processed,442499.4,1
RET0003679,PO0042308,VND00680,SKU2277,Machinery,01/03/2021,Damaged Packaging,394,3564.22,Manager_A,Processed,1404302.68,1
RET0002439,PO0002456,VND00765,SKU2844,Machinery,08/20/2021,Damaged Packaging,158,846.28,Manager_B,Processed,133712.24,1
RET0000628,PO0026555,VND00168,SKU5930,Packaging,06/30/2021,Damaged Packaging,34,4626.89,,Pending,157314.26,1
RET0001291,PO0048893,VND00854,SKU4592,Raw Material,07/02/2022,Expired Product,450,954.23,,Pending,429403.5,1
RET0001720,PO0018880,VND00187,SKU2519,IT Equipment,11/24/2021,Expired Product,162,1381.12,Manager_B,Pending,223741.44,1
RET0003859,PO0008243,VND00195,SKU5714,Chemicals,12/26/2022,Expired Product,189,2349.86,Manager_B,Processed,444123.54,1
RET0001379,PO0040677,VND00742,SKU3033,Machinery,09/28/2022,Wrong Quantity,25,3788.29,,Pending,94707.25,1
RET0003160,PO0012839,VND00974,SKU3880,Raw Material,06/16/2022,Wrong Quantity,446,4894.91,Manager_A,Pending,2183129.86,1
RET0003293,PO0037686,VND00740,SKU2611,Spare Parts,07/23/2022,Wrong Item Delivered,188,3200.26,Manager_C,Processed,601648.88,1
RET0001648,PO0019226,VND00275,SKU4467,Textiles,03/21/2022,Wrong Quantity,57,4259.51,Manager_B,Pending,242792.07,1
RET0002021,PO0029641,VND00922,SKU3251,Electronics,03/15/2022,Quality Failure,124,1452.92,Manager_C,Pending,180162.08,1
RET0002245,PO0000423,VND00074,SKU4932,Chemicals,10/28/2024,Expired Product,3,3446.39,Manager_B,Processed,10339.17,1
RET0001825,PO0023488,VND00745,SKU3145,Chemicals,12/07/2024,Expired Product,113,979.47,,Processed,110680.11,1
RET0003753,PO0019147,VND00116,SKU2355,IT Equipment,12/28/2022,Damaged Packaging,204,711.24,Manager_C,Processed,145092.96,1
RET0003013,PO0048564,VND00401,SKU5033,Machinery,10/06/2022,Wrong Quantity,151,1995.94,Manager_B,Processed,301386.94,1
RET0000164,PO0029113,VND00058,SKU1448,Electronics,02/15/2023,Wrong Quantity,295,3886.77,Manager_A,Processed,1146597.15,1
RET0004933,PO0048910,VND00146,SKU4781,Packaging,06/10/2021,expiry,247,3264.54,,Processed,806341.38,1
RET0000328,PO0037423,VND00447,SKU5851,Raw Material,07/19/2022,Quality Failure,186,2636.19,Manager_C,Processed,490331.34,1
RET0003468,PO0020261,VND00423,SKU2984,IT Equipment,05/04/2023,Expired Product,149,1685.74,Manager_A,Processed,251175.26,1
RET0002712,PO0034998,VND00597,SKU1765,Raw Material,05/08/2022,Damaged Packaging,472,948.91,,Pending,447885.52,1
RET0000684,PO0023478,VND00952,SKU2787,Spare Parts,07/13/2021,Quality Failure,453,2868.07,Manager_C,Processed,1299235.71,1
RET0002370,PO0042223,VND00004,SKU5424,Raw Material,09/10/2024,,328,4966.78,Manager_A,Rejected,1629103.84,1
RET0004777,PO0032247,VND00063,SKU2133,Raw Material,10/14/2021,Over Shipment,380,2230.53,Manager_A,Pending,847601.4,1
RET0001210,PO0032785,VND00016,SKU2156,Chemicals,03/12/2022,Expired Product,234,3504.81,Manager_A,Processed,820125.54,1
RET0004334,PO0036599,VND00379,SKU4866,Spare Parts,11/26/2021,Damaged Packaging,494,2980.07,Manager_C,Processed,1472154.58,1
RET0001753,PO0046960,VND00204,SKU3265,Raw Material,06/02/2024,Defective Item,469,4011.15,Manager_A,Processed,1881229.35,1
RET0000257,PO0043928,VND00021,SKU3968,Spare Parts,04/24/2021,Wrong Quantity,9,1123.14,,Processed,10108.26,1
RET0002026,PO0042103,VND00128,SKU2015,Textiles,03/12/2021,Over Shipment,206,2880.29,Manager_C,Processed,593339.74,1
RET0003581,PO0008859,VND00504,SKU3419,Raw Material,02/18/2023,,321,4204.32,Manager_C,Processed,1349586.72,1
RET0004759,PO0041287,VND00818,SKU1277,Raw Material,04/28/2023,Over Shipment,473,3103.16,Manager_C,Processed,1467794.68,1
RET0002028,PO0005714,VND00205,SKU3202,Raw Material,01/17/2023,Over Shipment,271,2599.23,,Processed,704391.33,1
RET0000653,PO0032799,VND00028,SKU4205,Packaging,08/12/2024,Defective Item,231,1049.72,Manager_C,Processed,242485.32,1
RET0000038,PO0017026,VND00333,SKU3369,Spare Parts,08/19/2021,Defective Item,45,4173.44,Manager_A,Processed,187804.8,1
RET0000417,PO0046515,VND00363,SKU3116,Packaging,04/12/2022,Wrong Quantity,124,3275.3,Manager_A,Pending,406137.2,1
RET0004050,PO0046390,VND00912,SKU5784,Spare Parts,02/26/2021,Over Shipment,8,2812.14,Manager_B,Rejected,22497.12,1
RET0002714,PO0027902,VND00471,SKU3548,Packaging,06/13/2023,Over Shipment,302,4051.53,,Rejected,1223562.06,1
RET0004258,PO0049125,VND00195,SKU2120,Packaging,03/28/2023,Wrong Quantity,378,4765.48,,Pending,1801351.44,1
RET0004693,PO0017536,VND00524,SKU5876,IT Equipment,05/31/2024,Defective Item,101,4686.84,Manager_A,Pending,473370.84,1
RET0002787,PO0040780,VND00202,SKU1022,Packaging,05/07/2023,Wrong Quantity,180,1569.7,Manager_A,Pending,282546,1
RET0004447,PO0039794,VND00572,SKU3219,Machinery,04/05/2023,Quality Failure,70,3891.28,Manager_C,Processed,272389.6,1
RET0003028,PO0040125,VND00143,SKU1491,Raw Material,09/06/2022,Quality Failure,212,1694.56,Manager_B,Processed,359246.72,1
RET0003021,PO0008416,VND00883,SKU5251,Textiles,03/31/2023,Quality Failure,412,3070.11,Manager_A,Processed,1264885.32,1
RET0001232,PO0012367,VND00653,SKU3586,Raw Material,09/27/2024,Damaged Packaging,225,1195.11,,Processed,268899.75,1
RET0004133,PO0038515,VND00989,SKU4117,Raw Material,01/15/2021,Damaged Packaging,218,4401.02,,Processed,959422.36,1
RET0002158,PO0039763,VND00463,SKU5232,Spare Parts,08/13/2022,Damaged Packaging,470,4697.8,,Pending,2207966,1
RET0001156,PO0044762,VND00524,SKU5092,Chemicals,10/13/2022,Wrong Item delivered,379,1475.89,Manager_A,Pending,559362.31,1
RET0000916,PO0010703,VND00995,SKU1647,Textiles,12/27/2022,Wrong Quantity,79,2977.41,Manager_B,Pending,235215.39,1
RET0002271,PO0019806,VND00846,SKU5741,IT Equipment,09/22/2023,Damaged Packaging,232,4897.08,,Pending,1136122.56,1
RET0002938,PO0032672,VND00420,SKU2187,Electronics,11/22/2023,,121,4865.7,Manager_C,Processed,588749.7,1
RET0003529,PO0037011,VND00296,SKU3779,Spare Parts,09/25/2023,Over Shipment,219,2155.91,Manager_B,Rejected,472144.29,1
RET0000019,PO0002238,VND00957,SKU3135,Textiles,05/22/2024,Damaged Packaging,125,1495.63,Manager_C,Processed,186953.75,1
RET0000230,PO0048465,VND00704,SKU1488,Spare Parts,03/30/2022,Defective Item,63,2842.96,,Pending,179106.48,1
RET0002477,PO0037717,VND00679,SKU3582,Raw Material,08/27/2022,Defective Item,486,3962.7,Manager_A,Processed,1925872.2,1
RET0002384,PO0022799,VND00642,SKU2532,Electronics,03/17/2021,Defective Item,86,3986.67,Manager_A,Pending,342853.62,1
RET0004726,PO0028970,VND00965,SKU5698,Electronics,05/13/2021,Wrong Quantity,90,2962,,Processed,266580,1
RET0003065,PO0015153,VND00306,SKU5923,IT Equipment,01/03/2021,Expired,444,439.84,Manager_C,Pending,195288.96,1
RET0004639,PO0016082,VND00060,SKU2010,Raw Material,09/06/2022,Quality Failure,34,2949.95,Manager_C,Processed,100298.3,1
RET0002718,PO0030726,VND00091,SKU4703,Raw Material,07/05/2022,Defective Item,64,1847.32,,Processed,118228.48,1
RET0003481,PO0019777,VND00899,SKU1786,Packaging,04/29/2024,Wrong Item Delivered,343,1935.52,Manager_C,Processed,663883.36,1
RET0003654,PO0016148,VND00425,SKU2141,Spare Parts,10/29/2023,Quality Failure,240,1098.74,,Processed,263697.6,1
RET0000971,PO0003842,VND00419,SKU1462,Packaging,11/13/2024,Over Shipment,194,1531.38,,Processed,297087.72,1
RET0003806,PO0041093,VND00693,SKU4700,Electronics,09/15/2022,,191,4165.89,Manager_B,Processed,795684.99,1
RET0001521,PO0012761,VND00193,SKU2181,Raw Material,06/13/2022,Wrong Quantity,75,619.42,,Processed,46456.5,1
RET0001285,PO0043607,VND00742,SKU2520,Packaging,01/29/2022,Defective Item,308,3252.7,Manager_C,Rejected,1001831.6,1
RET0004563,PO0002845,VND00062,SKU1571,Electronics,12/27/2023,Over Shipment,459,912.11,Manager_B,Processed,418658.49,1
RET0003487,PO0043482,VND00607,SKU1347,IT Equipment,07/14/2021,Expired,196,1935.18,Manager_B,Processed,379295.28,1
RET0002897,PO0037584,VND00910,SKU4925,Machinery,02/08/2023,Quality Failure,2,136.4,Manager_A,Processed,272.8,0
RET0002308,PO0029475,VND00204,SKU3168,Chemicals,07/04/2023,Expired Product,180,1116.75,Manager_C,Rejected,201015,1
RET0004152,PO0048860,VND00543,SKU1838,Packaging,03/14/2021,Quality Failure,395,3437.68,Manager_B,Pending,1357883.6,1
RET0000183,PO0007503,VND00922,SKU2221,Packaging,11/03/2024,Damaged Packaging,232,859.56,,Pending,199417.92,1
RET0001619,PO0006577,VND00330,SKU1744,Chemicals,08/24/2023,Defective Item,427,2836.65,Manager_B,Pending,1211249.55,1
RET0000347,PO0003218,VND00225,SKU5724,Raw Material,01/27/2021,Over Shipment,136,3298.19,Manager_B,Pending,448553.84,1
RET0003544,PO0012460,VND00882,SKU3298,Packaging,03/31/2023,Over Shipment,473,3660.97,Manager_C,Processed,1731638.81,1
RET0000197,PO0008448,VND00495,SKU1385,Packaging,08/25/2023,Wrong Quantity,149,4386.11,,Processed,653530.39,1
RET0001240,PO0044881,VND00780,SKU2198,Electronics,07/20/2022,Wrong Quantity,80,173.24,Manager_C,Processed,13859.2,1
RET0003039,PO0025444,VND00163,SKU2909,IT Equipment,08/11/2024,Wrong Item Delivered,28,4461.98,,Processed,124935.44,1
RET0002461,PO0046529,VND00625,SKU5938,Raw Material,02/23/2024,Quality Failure,0,4252.61,Manager_B,Processed,0,0
RET0001682,PO0000159,VND00017,SKU5999,Raw Material,10/25/2024,Damaged Packaging,339,4526.01,Manager_C,Rejected,1534317.39,1
RET0001125,PO0039116,VND00908,SKU4072,Packaging,02/05/2021,Wrong Quantity,199,3338.13,Manager_C,Processed,664287.87,1
RET0004985,PO0028525,VND00881,SKU2501,Textiles,11/15/2022,Expired Product,283,3298.95,Manager_B,Pending,933602.85,1
RET0004102,PO0032132,VND00747,SKU2035,Packaging,01/31/2022,Quality Failure,334,1501.3,Manager_B,Processed,501434.2,1
RET0001915,PO0029409,VND00991,SKU1368,Raw Material,11/13/2021,Over Shipment,229,1146.32,Manager_C,Pending,262507.28,1
RET0000260,PO0001728,VND00336,SKU3811,Chemicals,07/08/2022,damaged packaging,344,1421.5,Manager_B,Pending,488996,1
RET0004647,PO0004635,VND00328,SKU4801,Electronics,09/18/2022,Quality Failure,499,2353.8,Manager_C,Processed,1174546.2,1
RET0002367,PO0044538,VND00946,SKU4467,IT Equipment,01/15/2023,Damaged Packaging,304,3180.5,Manager_A,Processed,966872,1
RET0002863,PO0002936,VND00547,SKU5725,Textiles,07/16/2024,Damaged Packaging,129,684.03,Manager_C,Pending,88239.87,1
RET0001206,PO0001804,VND00720,SKU3380,IT Equipment,01/04/2022,Wrong Quantity,171,3586.43,,Processed,613279.53,1
RET0000792,PO0017547,VND00865,SKU4231,IT Equipment,11/21/2022,Quality Failure,174,3743.51,Manager_C,Pending,651370.74,1
RET0004871,PO0020751,VND00129,SKU3494,Electronics,11/21/2022,Wrong Item Delivered,29,1046.41,Manager_A,Pending,30345.89,1
RET0004527,PO0023933,VND00341,SKU5588,Electronics,02/03/2024,Expired Product,68,3228.26,,Processed,219521.68,1
RET0001248,PO0009452,VND00846,SKU5426,Machinery,12/12/2023,Defective Item,110,2719.6,Manager_A,Processed,299156,1
RET0002020,PO0041073,VND00596,SKU3665,Spare Parts,08/12/2024,Over Shipment,490,4359.91,Manager_B,Processed,2136355.9,1
RET0000595,PO0009422,VND00240,SKU3626,Machinery,09/02/2024,Wrong Quantity,74,2516.18,Manager_B,Processed,186197.32,1
RET0004109,PO0026749,VND00885,SKU4259,Raw Material,12/14/2021,Damaged Packaging,1,3073.69,Manager_A,Processed,3073.69,1
RET0000451,PO0011651,VND00126,SKU2940,Chemicals,11/14/2021,Quality Failure,116,3080.77,Manager_C,Pending,357369.32,1
RET0000155,PO0042488,VND00222,SKU3480,Machinery,09/01/2021,Wrong Quantity,300,1707.7,,Processed,512310,1
RET0004844,PO0029108,VND00943,SKU1387,Raw Material,07/28/2021,,203,2320.83,,Processed,471128.49,1
RET0004278,PO0022892,VND00461,SKU5088,IT Equipment,06/15/2021,Expired Product,70,2270.33,Manager_A,Pending,158923.1,1
RET0004980,PO0033965,VND00813,SKU1474,Machinery,02/25/2024,Over Shipment,195,4007.2,Manager_A,Processed,781404,1
RET0001585,PO0027229,VND00302,SKU3435,Chemicals,11/05/2021,Wrong Item Delivered,113,3220.06,,Processed,363866.78,1
RET0000526,PO0031873,VND00575,SKU2550,Textiles,08/10/2021,Damaged Packaging,452,4657.68,Manager_B,Rejected,2105271.36,1
RET0000641,PO0029917,VND00723,SKU3666,Packaging,12/22/2023,Expired Product,198,1932.21,Manager_C,Processed,382577.58,1
RET0004486,PO0002223,VND00603,SKU1281,Spare Parts,06/19/2022,Damaged Packaging,160,4496.83,,Pending,719492.8,1
RET0000596,PO0049670,VND00750,SKU2850,Textiles,10/28/2021,Wrong Item Delivered,39,326.51,,Pending,12733.89,1
RET0002567,PO0046853,VND00403,SKU5820,Raw Material,01/13/2023,Wrong Quantity,289,481.19,Manager_B,Pending,139063.91,1
RET0002129,PO0018692,VND00584,SKU2710,Packaging,04/12/2023,Quality Failure,327,1654.46,,Pending,541008.42,1
RET0002351,PO0003971,VND00266,SKU2210,Electronics,02/28/2021,Damaged Packaging,269,4540.82,Manager_C,Pending,1221480.58,1
RET0000788,PO0014792,VND00040,SKU4620,Electronics,12/26/2022,Defective Item,471,22.05,Manager_C,Pending,10385.55,1
RET0002587,PO0037522,VND00202,SKU5142,Textiles,07/16/2021,Wrong Quantity,348,1404.2,Manager_A,Pending,488661.6,1
RET0001308,PO0033277,VND00319,SKU4673,Packaging,04/10/2023,Expired Product,487,2643.06,,Processed,1287170.22,1
RET0003714,PO0042454,VND00598,SKU5976,Packaging,03/30/2023,Defective Item,210,4353.6,,Pending,914256,1
RET0003823,PO0010837,VND00866,SKU2301,Chemicals,12/07/2022,,261,2169.02,Manager_C,Processed,566114.22,1
RET0002222,PO0045777,VND00273,SKU1714,Textiles,11/30/2022,Damaged Packaging,389,290.82,Manager_A,Pending,113128.98,1
RET0000982,PO0024788,VND00931,SKU5953,Chemicals,10/28/2021,Damaged Packaging,107,3333.63,Manager_A,Pending,356698.41,1
RET0000235,PO0024972,VND00740,SKU1658,Raw Material,11/30/2022,Defective Item,156,2009.09,Manager_C,Pending,313418.04,1
RET0004779,PO0028143,VND00741,SKU4541,IT Equipment,02/02/2022,Defective Item,279,4221.15,,Processed,1177700.85,1
RET0003145,PO0043219,VND00090,SKU4432,Textiles,05/28/2023,Over Shipment,45,2496.65,Manager_B,Pending,112349.25,1
RET0004017,PO0002786,VND00385,SKU2251,Textiles,08/30/2023,Defective Item,109,918.34,,Processed,100099.06,1
RET0003134,PO0034693,VND00416,SKU2662,IT Equipment,02/28/2022,Wrong Item Delivered,427,1077.71,Manager_B,Rejected,460182.17,1
RET0001111,PO0026937,VND00410,SKU3164,Packaging,10/22/2022,,299,2794.4,Manager_C,,835525.6,1
RET0001972,PO0017071,VND00998,SKU4961,Chemicals,08/15/2024,Expired Product,421,4636.71,Manager_B,Processed,1952054.91,1
RET0003941,PO0014439,VND00517,SKU4858,Packaging,11/04/2022,Expired Product,421,4705.06,Manager_B,Pending,1980830.26,1
RET0004187,PO0019435,VND00206,SKU1169,Packaging,05/31/2024,Wrong Item Delivered,168,1779.75,,Processed,298998,1
RET0003766,PO0038830,VND00459,SKU1505,Chemicals,08/12/2022,Quality Failure,218,4037.78,Manager_A,Pending,880236.04,1
RET0001333,PO0012093,VND00160,SKU4833,Textiles,09/19/2023,Damaged Packaging,280,1208.47,Manager_B,Processed,338371.6,1
RET0003097,PO0046776,VND00426,SKU5327,Packaging,03/24/2021,Wrong Quantity,440,4088.03,Manager_C,Rejected,1798733.2,1
RET0004076,PO0040782,VND00202,SKU5737,Packaging,11/07/2021,Wrong Item Delivered,200,3455.91,Manager_B,Pending,691182,1
RET0004311,PO0036079,VND00661,SKU3932,Chemicals,05/06/2024,Over Shipment,215,1025.67,,Rejected,220519.05,1
RET0000538,PO0031061,VND00198,SKU5011,Machinery,01/01/2023,Quality Failure,354,2658.05,Manager_C,Processed,940949.7,1
RET0001115,PO0029145,VND00762,SKU1023,Electronics,08/16/2021,Wrong Quantity,311,3211.21,,Pending,998686.31,1
RET0004543,PO0029322,VND00333,SKU1609,Packaging,09/19/2024,Expired Product,281,2463.52,,Processed,692249.12,1
RET0004279,PO0002418,VND00047,SKU4529,Machinery,09/28/2022,Damaged Packaging,487,1884.56,Manager_C,Processed,917780.72,1
RET0000680,PO0023922,VND00209,SKU1508,Spare Parts,05/27/2021,over shipment,334,2925.07,Manager_C,Pending,976973.38,1
RET0004536,PO0006401,VND00510,SKU3063,IT Equipment,05/16/2024,Quality Failure,95,2967.64,Manager_A,Pending,281925.8,1
RET0002453,PO0031909,VND00319,SKU3550,Chemicals,07/02/2023,Damaged Packaging,490,1784.77,Manager_A,Pending,874537.3,1
RET0000991,PO0048359,VND00128,SKU4390,IT Equipment,01/03/2021,Wrong Quantity,236,2810.98,Manager_B,Processed,663391.28,1
RET0003643,PO0042105,VND00060,SKU3585,Machinery,01/18/2023,Expired Product,433,3030.37,Manager_B,Rejected,1312150.21,1
RET0000695,PO0038951,VND00009,SKU1257,Textiles,10/10/2021,Wrong Item Delivered,47,886.37,,Processed,41659.39,1
RET0002187,PO0001301,VND00516,SKU5202,IT Equipment,01/14/2022,Expired Product,395,2750.25,Manager_A,Pending,1086348.75,1
RET0004235,PO0021647,VND00908,SKU2168,Machinery,05/06/2022,Expired Product,141,121.09,Manager_C,Processed,17073.69,1
RET0001970,PO0025319,VND00275,SKU5859,Electronics,01/18/2022,Quality Failure,5,560.93,Manager_A,Pending,2804.65,1
RET0004817,PO0042321,VND00522,SKU2421,Chemicals,10/28/2021,Wrong Quantity,229,3988.84,Manager_C,Processed,913444.36,1
RET0002397,PO0022869,VND00136,SKU4178,Machinery,05/13/2021,Over Shipment,338,1691.39,Manager_B,Pending,571689.82,1
RET0003781,PO0037798,VND00493,SKU2562,Textiles,04/21/2021,Damaged Packaging,406,2719.39,Manager_A,Processed,1104072.34,1
RET0000838,PO0039446,VND00017,SKU4875,Spare Parts,03/08/2024,Wrong Item Delivered,127,2673.69,,Processed,339558.63,1
RET0001321,PO0039140,VND00102,SKU3686,Machinery,12/20/2024,Expired Product,287,2631.55,Manager_A,Pending,755254.85,1
RET0002940,PO0033852,VND00217,SKU3175,Raw Material,09/19/2023,Quality Failure,195,1866.86,,Processed,364037.7,1
RET0000823,PO0009661,VND00311,SKU1389,Textiles,02/15/2023,Wrong Item Delivered,26,133.86,Manager_B,Processed,3480.36,1
RET0001712,PO0045302,VND00755,SKU5121,Electronics,01/09/2022,Damaged Packaging,47,3756.93,,Processed,176575.71,1
RET0001446,PO0010053,VND00710,SKU3966,Spare Parts,09/02/2022,Expired Product,373,2846.43,Manager_C,Rejected,1061718.39,1
RET0002194,PO0039595,VND00017,SKU4958,Textiles,03/04/2024,Damaged Packaging,443,1800.34,,Processed,797550.62,1
RET0000317,PO0049713,VND00786,SKU3001,Packaging,01/22/2023,Over Shipment,64,2830.43,Manager_A,Processed,181147.52,1
RET0004670,PO0046848,VND00304,SKU5246,Electronics,08/11/2022,Defective Item,28,2883.91,Manager_B,Processed,80749.48,1
RET0002765,PO0047484,VND00427,SKU1908,Spare Parts,10/16/2021,Wrong Quantity,140,1146.23,Manager_B,Processed,160472.2,1
RET0000730,PO0022365,VND00139,SKU3696,Spare Parts,11/06/2022,Over Shipment,50,2466.99,Manager_A,Pending,123349.5,1
RET0003190,PO0031848,VND00146,SKU1940,Raw Material,10/01/2024,,458,4119.73,Manager_B,Processed,1886836.34,1
RET0003834,PO0010735,VND00474,SKU3440,IT Equipment,04/22/2023,Wrong Quantity,61,4914.45,,Processed,299781.45,1
RET0004046,PO0010672,VND00722,SKU3128,Electronics,09/14/2024,Wrong Item,66,3609.32,Manager_B,Processed,238215.12,1
RET0001638,PO0007918,VND00545,SKU5869,IT Equipment,07/05/2023,Damaged Packaging,35,3681.48,,Processed,128851.8,1
RET0002634,PO0032236,VND00954,SKU4081,IT Equipment,08/05/2022,Wrong Item delivered,250,759.09,Manager_B,Processed,189772.5,1
RET0002667,PO0042939,VND00602,SKU5860,Electronics,09/14/2022,Wrong Quantity,225,1449.87,Manager_C,Processed,326220.75,1
RET0002190,PO0029955,VND00240,SKU3641,Machinery,12/10/2021,,413,903.62,,Processed,373195.06,1
RET0000465,PO0044939,VND00061,SKU1365,Electronics,08/27/2023,Defective Item,324,210.56,Manager_B,Processed,68221.44,1
RET0002922,PO0004068,VND00465,SKU4140,Spare Parts,02/15/2021,Damaged Packaging,387,612.42,Manager_A,Processed,237006.54,1
RET0004561,PO0016822,VND00161,SKU5578,Chemicals,05/11/2023,Quality Failure,384,167.05,,Pending,64147.2,1
RET0002321,PO0041588,VND00044,SKU2324,IT Equipment,11/11/2024,Damaged Packaging,350,4058.25,,Pending,1420387.5,1
RET0003744,PO0012283,VND00459,SKU3687,Packaging,09/14/2021,over shipment,178,968.11,,Processed,172323.58,1
RET0001340,PO0024394,VND00643,SKU3333,Electronics,09/29/2021,Expired Product,17,457.6,Manager_C,Processed,7779.2,1
RET0003214,PO0030280,VND00695,SKU5561,Chemicals,08/29/2024,Quality Failure,455,3376.27,,Pending,1536202.85,1
RET0003768,PO0009804,VND00173,SKU2451,Machinery,04/03/2023,Expired Product,175,4662.03,Manager_A,Processed,815855.25,1
RET0001838,PO0011874,VND00294,SKU2277,Textiles,05/03/2021,Expired Product,49,1227.06,Manager_C,Pending,60125.94,1
RET0004331,PO0042794,VND00731,SKU4447,Electronics,08/09/2021,Expired product,370,1605.82,,Processed,594153.4,1
RET0004949,PO0040709,VND00086,SKU2225,Spare Parts,05/07/2024,Defective Item,164,2831.53,Manager_B,Pending,464370.92,1
RET0003361,PO0022358,VND00238,SKU2746,Textiles,04/07/2022,Over Shipment,382,1512.91,Manager_A,Processed,577931.62,1
RET0003739,PO0015170,VND00339,SKU4653,Electronics,03/19/2024,Wrong Quantity,473,4886.31,Manager_B,Processed,2311224.63,1
RET0002460,PO0016597,VND00579,SKU1854,Electronics,10/30/2024,Wrong Item Delivered,245,2950.41,Manager_A,Processed,722850.45,1
RET0001038,PO0005979,VND00512,SKU4943,Machinery,06/24/2021,Wrong Item Delivered,81,2635.96,Manager_A,Processed,213512.76,1
RET0000994,PO0013333,VND00062,SKU3625,Textiles,05/27/2022,Quality Failure,92,4831.09,Manager_A,Pending,444460.28,1
RET0002649,PO0042761,VND00092,SKU3764,Packaging,10/10/2024,Wrong Item Delivered,86,4314.69,,Pending,371063.34,1
RET0002112,PO0042757,VND00407,SKU4205,Raw Material,11/05/2024,Damaged Packaging,43,4161.4,,Rejected,178940.2,1
RET0001823,PO0028865,VND00790,SKU3098,Chemicals,05/06/2023,Wrong Item Delivered,416,4396.29,,,1828856.64,1
RET0003997,PO0030163,VND00921,SKU2879,Electronics,03/17/2024,Damaged Packaging,393,3007.67,Manager_B,Processed,1182014.31,1
RET0004599,PO0045054,VND00099,SKU1959,Spare Parts,02/05/2022,Damaged Packaging,208,1684.35,,Processed,350344.8,1
RET0003522,PO0026319,VND00091,SKU3635,Packaging,06/18/2023,Quality Failure,235,3014.38,,Processed,708379.3,1
RET0003213,PO0024000,VND00809,SKU4376,Raw Material,03/11/2024,Wrong Quantity,100,1425.37,,Processed,142537,1
RET0002146,PO0019221,VND00265,SKU2385,Machinery,06/16/2023,Quality Failure,455,689.71,Manager_C,Processed,313818.05,1
RET0001608,PO0006985,VND00289,SKU4690,Machinery,04/01/2023,Wrong Item Delivered,256,710.7,Manager_A,Processed,181939.2,1
RET0001903,PO0013701,VND00762,SKU5127,Spare Parts,03/29/2023,Wrong Item Delivered,444,4351.42,Manager_A,Rejected,1932030.48,1
RET0004550,PO0038938,VND00333,SKU5173,Chemicals,08/28/2022,Over Shipment,251,4891.28,Manager_C,Processed,1227711.28,1
RET0002420,PO0030578,VND00004,SKU1868,Raw Material,02/17/2022,Wrong Item Delivered,12,585.49,,Processed,7025.88,1
RET0004975,PO0036540,VND00716,SKU2355,Chemicals,12/26/2024,Defective Item,285,2210.28,Manager_B,Processed,629929.8,1
RET0002121,PO0036207,VND00118,SKU5422,Electronics,10/13/2022,Damaged Packaging,110,471.93,Manager_A,Processed,51912.3,1
RET0000350,PO0044051,VND00837,SKU4562,Machinery,08/11/2021,Damaged Packaging,138,2702.8,Manager_B,Processed,372986.4,1
RET0003935,PO0021996,VND00832,SKU3172,IT Equipment,09/18/2024,Wrong Quantity,219,2254.11,Manager_A,Rejected,493650.09,1
RET0000013,PO0006713,VND00003,SKU5608,Spare Parts,12/06/2022,Wrong Quantity,479,665.53,Manager_B,Pending,318788.87,1
RET0000112,PO0003368,VND00303,SKU3479,Chemicals,10/23/2023,Wrong Quantity,439,3712.06,Manager_C,Processed,1629594.34,1
RET0000869,PO0006146,VND00231,SKU4482,Textiles,07/21/2022,Expired Product,304,1235.32,Manager_C,Processed,375537.28,1
RET0003486,PO0040144,VND00772,SKU1233,Spare Parts,03/16/2023,Quality Failure,298,1449.66,Manager_C,Processed,431998.68,1
RET0000320,PO0025720,VND00895,SKU3889,Electronics,01/16/2022,Damaged Packaging,168,992.29,Manager_A,Processed,166704.72,1
RET0000238,PO0032237,VND00640,SKU3138,Machinery,12/09/2021,Wrong Item Delivered,422,4998.12,Manager_C,Processed,2109206.64,1
RET0000651,PO0002950,VND00795,SKU1620,Spare Parts,07/16/2023,Over Shipment,26,935.66,,Processed,24327.16,1
RET0003631,PO0000124,VND00725,SKU4758,IT Equipment,10/21/2023,Quality Failure,296,3623.91,Manager_C,Pending,1072677.36,1
RET0002662,PO0047016,VND00144,SKU4371,Textiles,09/20/2024,,122,4912.73,Manager_B,Processed,599353.06,1
RET0003126,PO0036991,VND00333,SKU2797,Electronics,02/17/2021,Damaged Packaging,225,3163.11,,Processed,711699.75,1
RET0001815,PO0008175,VND00059,SKU2234,IT Equipment,06/28/2024,Wrong Quantity,154,4943.95,,Processed,761368.3,1
RET0000735,PO0004077,VND00546,SKU1368,Raw Material,03/28/2021,Wrong Quantity,181,1675.85,Manager_C,Rejected,303328.85,1
RET0000267,PO0032806,VND00619,SKU3184,IT Equipment,03/15/2021,Expired Product,429,618.14,Manager_C,Processed,265182.06,1
RET0003024,PO0004866,VND00674,SKU4405,Textiles,11/29/2022,Expired Product,488,3430.63,Manager_C,Processed,1674147.44,1
RET0003903,PO0005527,VND00919,SKU1608,Electronics,05/01/2021,Over Shipment,422,952.91,,Processed,402128.02,1
RET0003860,PO0014337,VND00689,SKU1071,Machinery,07/11/2023,Defective Item,86,4674.38,Manager_C,Rejected,401996.68,1
RET0004211,PO0014427,VND00933,SKU2177,IT Equipment,11/19/2022,Damaged Packaging,153,194.33,Manager_C,Processed,29732.49,1
RET0001517,PO0021235,VND00414,SKU3035,Spare Parts,01/14/2023,Defective Item,182,275.45,Manager_B,Processed,50131.9,1
RET0000106,PO0039915,VND00769,SKU4027,Chemicals,01/24/2022,Damaged Packaging,412,1642.45,Manager_A,Pending,676689.4,1
RET0002029,PO0026446,VND00799,SKU3065,IT Equipment,10/02/2024,Wrong Item Delivered,411,2515.21,Manager_A,Processed,1033751.31,1
RET0001264,PO0006514,VND00648,SKU3045,Chemicals,06/28/2024,Defective Item,210,3046.78,Manager_C,Processed,639823.8,1
RET0001543,PO0015858,VND00977,SKU1410,Raw Material,12/23/2024,Expired Product,353,3876.11,Manager_C,Processed,1368266.83,1
RET0000685,PO0032955,VND00682,SKU1860,Machinery,05/11/2021,Damaged Packaging,26,982.47,Manager_A,Processed,25544.22,1
RET0002780,PO0037236,VND00473,SKU1371,Spare Parts,08/05/2024,Quality Failure,126,4381.39,,Pending,552055.14,1
RET0001187,PO0009293,VND00865,SKU4200,IT Equipment,04/12/2021,Wrong Item Delivered,467,2360.49,,Processed,1102348.83,1
RET0003789,PO0031911,VND00290,SKU3558,Packaging,01/03/2024,Wrong Quantity,139,4227.03,,Pending,587557.17,1
RET0004530,PO0047931,VND00740,SKU2198,Chemicals,05/27/2023,Defective Item,162,1352.4,Manager_B,Pending,219088.8,1
RET0003773,PO0011097,VND00044,SKU3017,Textiles,04/17/2021,Over Shipment,181,885.4,Manager_C,Processed,160257.4,1
RET0003937,PO0003331,VND00459,SKU5526,Machinery,06/26/2021,Wrong Item Delivered,355,2262.3,Manager_C,Pending,803116.5,1
RET0003427,PO0003359,VND00283,SKU2778,Textiles,12/06/2022,Over Shipment,9,4751.19,Manager_C,Processed,42760.71,1
RET0001858,PO0000727,VND00407,SKU4828,Electronics,08/27/2022,Defective Item,323,3532.6,Manager_A,Processed,1141029.8,1
RET0004902,PO0027889,VND00933,SKU3486,Chemicals,05/28/2022,Defective Item,311,3349.53,,Processed,1041703.83,1
RET0002838,PO0047625,VND00617,SKU2752,Electronics,11/18/2021,Defective Item,435,1091.35,Manager_C,Pending,474737.25,1
RET0000944,PO0027274,VND00854,SKU4204,Chemicals,04/04/2022,Quality Failure,156,4422.72,Manager_B,Processed,689944.32,1
RET0004367,PO0037147,VND00577,SKU1422,Machinery,10/26/2022,Wrong Item Delivered,198,745.98,Manager_C,Processed,147704.04,1
RET0001895,PO0043402,VND00898,SKU1993,Chemicals,10/19/2023,Damaged Packaging,233,1705.7,Manager_A,Pending,397428.1,1
RET0000108,PO0043841,VND00486,SKU2147,Raw Material,10/02/2024,Damaged Packaging,27,761.64,Manager_B,Processed,20564.28,1
RET0001485,PO0041034,VND00673,SKU1823,Spare Parts,09/14/2023,Wrong Item Delivered,433,4096.79,Manager_A,Pending,1773910.07,1
RET0001381,PO0014536,VND00286,SKU3436,IT Equipment,04/18/2021,Expired Product,415,2406.93,Manager_C,Rejected,998875.95,1
RET0002300,PO0019268,VND00507,SKU3685,Machinery,07/14/2022,Wrong Item Delivered,323,3613.16,Manager_A,Pending,1167050.68,1
RET0003231,PO0001593,VND00596,SKU5524,Packaging,01/06/2022,Over Shipment,168,4220.01,Manager_B,Processed,708961.68,1
RET0000115,PO0030753,VND00572,SKU2396,Spare Parts,09/18/2022,Wrong Quantity,426,4850.45,Manager_B,Processed,2066291.7,1
RET0002375,PO0049938,VND00726,SKU5043,Spare Parts,03/12/2021,Quality Failure,57,1365.31,Manager_B,Pending,77822.67,1
RET0000358,PO0022658,VND00475,SKU4327,Chemicals,04/18/2022,Expired Product,440,1052.48,,Processed,463091.2,1
RET0004625,PO0008778,VND00611,SKU1594,Electronics,10/16/2024,Over Shipment,109,4503.06,Manager_C,Processed,490833.54,1
RET0003527,PO0023632,VND00590,SKU5918,Packaging,12/13/2023,Defective Item,123,3191.08,,Pending,392502.84,1
RET0001443,PO0034481,VND00788,SKU3508,Packaging,12/06/2023,Wrong Item Delivered,279,3821.84,Manager_B,Processed,1066293.36,1
RET0001474,PO0001606,VND00447,SKU5846,Textiles,08/27/2022,Wrong Item Delivered,150,4098.86,Manager_C,Processed,614829,1
RET0003257,PO0023725,VND00198,SKU1314,Chemicals,09/21/2022,Damaged Packaging,311,3743.2,Manager_C,Processed,1164135.2,1
RET0000022,PO0011060,VND00845,SKU1317,Electronics,11/06/2022,Wrong Quantity,142,4580.43,Manager_C,Pending,650421.06,1
RET0001602,PO0003647,VND00097,SKU3332,IT Equipment,09/12/2023,,56,3290.79,Manager_B,Processed,184284.24,1
RET0004703,PO0030591,VND00280,SKU1154,Chemicals,12/24/2024,Quality Failure,470,3529.17,,Rejected,1658709.9,1
RET0000045,PO0003836,VND00542,SKU3430,IT Equipment,06/07/2024,Wrong Quantity,101,2363.98,Manager_B,Pending,238761.98,1
RET0002298,PO0036755,VND00252,SKU4482,Spare Parts,06/12/2021,Expired Product,378,4796.3,,Processed,1813001.4,1
RET0003109,PO0020618,VND00736,SKU4485,Textiles,11/22/2022,Expired Product,238,1214.47,Manager_C,Processed,289043.86,1
RET0002484,PO0040830,VND00170,SKU2943,Spare Parts,04/27/2021,Wrong Item delivered,65,1791.75,Manager_B,Pending,116463.75,1
RET0002591,PO0010703,VND00050,SKU3164,Machinery,10/24/2022,Expired Product,41,490.17,Manager_C,Processed,20096.97,1
RET0001142,PO0027530,VND00916,SKU1772,Electronics,05/11/2024,Wrong Quantity,231,4423.89,Manager_A,Processed,1021918.59,1
RET0001342,PO0034125,VND00025,SKU5284,Packaging,06/21/2021,Damaged Packaging,221,1029.98,,Pending,227625.58,1
RET0003067,PO0029975,VND00882,SKU4282,Raw Material,07/14/2021,Quality Failure,499,3795.93,Manager_A,Pending,1894169.07,1
RET0003878,PO0036259,VND00420,SKU2624,Spare Parts,05/01/2023,Over Shipment,357,1229,,Processed,438753,1
RET0001198,PO0028709,VND00107,SKU3240,Spare Parts,02/10/2021,Defective Item,163,2042.36,Manager_A,Processed,332904.68,1
RET0004911,PO0003729,VND00505,SKU2017,Packaging,07/23/2021,Damaged Packaging,345,4176.41,,Processed,1440861.45,1
RET0001996,PO0036143,VND00473,SKU1259,Machinery,05/15/2023,Quality Failure,195,1109.52,Manager_C,Processed,216356.4,1
RET0003519,PO0048826,VND00517,SKU2946,Spare Parts,06/01/2022,Over Shipment,12,1537.21,Manager_B,Processed,18446.52,1
RET0001233,PO0004310,VND00509,SKU2514,Raw Material,02/04/2022,expiry,283,1942.45,Manager_C,Processed,549713.35,1
RET0002368,PO0032246,VND00411,SKU2951,Raw Material,10/21/2023,Quality Failure,324,3152.08,Manager_A,Pending,1021273.92,1
RET0000241,PO0009554,VND00560,SKU5167,IT Equipment,08/08/2021,Over Shipment,442,2410.75,Manager_C,Processed,1065551.5,1
RET0004169,PO0033802,VND00763,SKU2927,Raw Material,01/10/2023,Defective Item,32,399.17,Manager_A,Rejected,12773.44,1
RET0004457,PO0029779,VND00614,SKU4175,Machinery,04/24/2021,Defective Item,88,72.57,Manager_A,Processed,6386.16,1
RET0000601,PO0030203,VND00661,SKU3056,Machinery,07/07/2024,Expired Product,197,3403.46,Manager_C,Processed,670481.62,1
RET0003963,PO0028683,VND00111,SKU4359,Electronics,02/24/2022,Over Shipment,110,1432.56,Manager_B,Processed,157581.6,1
RET0001871,PO0043829,VND00427,SKU5836,Spare Parts,11/19/2024,Damaged Packaging,202,2593.97,Manager_A,Pending,523981.94,1
RET0003184,PO0014786,VND00500,SKU2212,Machinery,09/18/2023,Expired Product,263,3796.47,Manager_B,Processed,998471.61,1
RET0004405,PO0006793,VND00228,SKU4924,Raw Material,03/06/2021,Wrong Item,335,1731.61,Manager_C,Processed,580089.35,1
RET0000311,PO0028050,VND00701,SKU2733,Textiles,09/02/2022,Over Shipment,497,2113.52,Manager_A,Pending,1050419.44,1
RET0003382,PO0033299,VND00327,SKU4248,IT Equipment,01/29/2022,Expired Product,197,3125.6,Manager_C,Processed,615743.2,1
RET0001077,PO0014607,VND00940,SKU4514,Packaging,08/14/2021,Wrong Item delivered,75,3497.28,Manager_B,Processed,262296,1
RET0002550,PO0031435,VND00133,SKU3816,Machinery,10/07/2022,Damaged Packaging,245,2590.99,Manager_A,Processed,634792.55,1
RET0004201,PO0005852,VND00501,SKU1596,Packaging,07/16/2021,Wrong Item Delivered,350,189.74,Manager_A,Processed,66409,1
RET0001811,PO0017920,VND00942,SKU1168,Raw Material,07/25/2024,Wrong Quantity,177,580.61,,Processed,102767.97,1
RET0002539,PO0020153,VND00686,SKU4233,IT Equipment,08/04/2024,Defective Item,385,560.32,,Pending,215723.2,1
RET0001985,PO0015336,VND00480,SKU2484,Raw Material,03/11/2024,Defective Item,220,3082.2,Manager_C,Pending,678084,1
RET0000324,PO0039068,VND00824,SKU2105,Chemicals,04/18/2021,Expired Product,255,4743.77,Manager_C,Processed,1209661.35,1
RET0002240,PO0035674,VND00122,SKU5031,Raw Material,05/17/2022,Quality Failure,199,4806.15,Manager_A,Rejected,956423.85,1
RET0002161,PO0009609,VND00622,SKU2033,Spare Parts,11/08/2024,Over Shipment,333,4120.43,Manager_C,Processed,1372103.19,1
RET0003942,PO0023930,VND00635,SKU1980,IT Equipment,01/17/2021,Damaged Packaging,157,4788.26,Manager_A,Rejected,751756.82,1
RET0003419,PO0043543,VND00542,SKU1272,Electronics,11/25/2021,Quality Failure,304,4426.46,Manager_B,Rejected,1345643.84,1
RET0002685,PO0024752,VND00858,SKU2926,Machinery,02/11/2024,Wrong Quantity,368,3046.31,Manager_A,Processed,1121042.08,1
RET0001024,PO0033798,VND00210,SKU1240,Spare Parts,02/09/2023,Over Shipment,153,2400.83,Manager_A,Pending,367326.99,1
RET0000339,PO0039689,VND00935,SKU1856,Chemicals,01/20/2021,Damaged Packaging,374,3736.11,Manager_A,Rejected,1397305.14,1
RET0001266,PO0043312,VND00450,SKU1494,IT Equipment,12/17/2024,Quality Failure,200,2802.78,Manager_C,Processed,560556,1
RET0004157,PO0002941,VND00346,SKU2415,Electronics,07/10/2024,Quality Failure,445,4535.89,Manager_B,Processed,2018471.05,1
RET0001655,PO0013167,VND00984,SKU5744,Packaging,07/27/2022,damaged packaging,144,2870.12,Manager_A,Processed,413297.28,1
RET0000081,PO0007755,VND00214,SKU3564,Packaging,07/27/2022,Damaged Packaging,455,2039.17,Manager_B,Pending,927822.35,1
RET0002410,PO0049920,VND00915,SKU4849,IT Equipment,02/28/2021,Over Shipment,439,886.08,Manager_A,Processed,388989.12,1
RET0001751,PO0029163,VND00954,SKU4227,Raw Material,05/06/2022,Quality Failure,391,4804.17,Manager_A,Processed,1878430.47,1
RET0001377,PO0035971,VND00412,SKU4384,Textiles,08/16/2022,Wrong Quantity,368,792.05,Manager_B,Processed,291474.4,1
RET0000636,PO0031145,VND00195,SKU5854,Chemicals,09/27/2023,Defective Item,470,4152.7,Manager_B,Processed,1951769,1
RET0003051,PO0006932,VND00950,SKU1298,Machinery,10/09/2021,Wrong Item Delivered,447,424.46,Manager_A,Rejected,189733.62,1
RET0001237,PO0020508,VND00832,SKU1743,IT Equipment,11/12/2021,Quality Failure,83,3412.71,Manager_C,Pending,283254.93,1
RET0003152,PO0039990,VND00729,SKU2363,Textiles,01/24/2022,Defective Item,234,746.77,Manager_B,Processed,174744.18,1
RET0003412,PO0041340,VND00592,SKU2738,Textiles,10/15/2024,Wrong Item Delivered,406,4823.39,,Rejected,1958296.34,1
RET0001368,PO0026199,VND00506,SKU5987,IT Equipment,11/13/2024,Over Shipment,228,799.24,,Rejected,182226.72,1
RET0004910,PO0018126,VND00965,SKU4752,Spare Parts,02/01/2023,Defective Item,327,3706.66,,Processed,1212077.82,1
RET0001161,PO0017154,VND00903,SKU2401,Raw Material,07/27/2023,Expired Product,93,258.5,,Processed,24040.5,1
RET0004376,PO0041311,VND00521,SKU4630,Chemicals,11/19/2022,Damaged Packaging,152,3857.59,Manager_A,Pending,586353.68,1
RET0001980,PO0033197,VND00459,SKU4864,Spare Parts,02/21/2024,Quality Failure,86,2632.06,Manager_C,Pending,226357.16,1
RET0003969,PO0025081,VND00938,SKU2944,Raw Material,01/02/2021,Expired Product,383,4712.73,,Processed,1804975.59,1
RET0003426,PO0021550,VND00327,SKU4952,Packaging,11/29/2022,Quality Failure,99,1250.06,Manager_A,Processed,123755.94,1
RET0003482,PO0023211,VND00536,SKU4763,Packaging,03/15/2021,Over Shipment,47,4980.51,,Pending,234083.97,1
RET0003605,PO0022521,VND00376,SKU3170,Textiles,08/22/2023,Quality Failure,237,90.74,,Pending,21505.38,1
RET0000708,PO0038592,VND00802,SKU1562,Spare Parts,10/23/2021,Wrong Quantity,381,1655.24,Manager_B,Pending,630646.44,1
RET0002328,PO0038155,VND00757,SKU1141,IT Equipment,08/03/2021,Wrong Item Delivered,227,2718.54,Manager_B,Processed,617108.58,1
RET0003153,PO0011416,VND00565,SKU3557,Textiles,02/12/2024,Quality Failure,70,3625.82,Manager_A,Processed,253807.4,1
RET0002510,PO0015414,VND00250,SKU5652,Spare Parts,03/30/2023,Wrong Quantity,383,642.86,Manager_C,Pending,246215.38,1
RET0000070,PO0046017,VND00684,SKU4509,Chemicals,02/24/2024,Damaged Packaging,171,2227.13,Manager_A,Processed,380839.23,1
RET0003328,PO0031473,VND00420,SKU3454,Chemicals,04/23/2022,Defective Item,207,3804.89,Manager_C,Pending,787612.23,1
RET0000182,PO0028003,VND00444,SKU1851,Electronics,08/02/2024,Quality Failure,309,2145.12,,,662842.08,1
RET0003033,PO0008827,VND00207,SKU1682,Electronics,11/28/2022,Wrong Item Delivered,200,500.64,Manager_A,Processed,100128,1
RET0004805,PO0009536,VND00349,SKU2096,Machinery,11/22/2023,Expired Product,81,238.57,Manager_C,Processed,19324.17,1
RET0001380,PO0026153,VND00718,SKU3568,Electronics,09/13/2023,Wrong Item Delivered,270,4766.42,Manager_B,Processed,1286933.4,1
RET0002948,PO0004175,VND00560,SKU5957,Textiles,06/04/2024,Wrong Quantity,313,2194.7,Manager_C,Rejected,686941.1,1
RET0004748,PO0024915,VND00572,SKU1065,Machinery,08/07/2021,Wrong Item Delivered,411,2384,Manager_A,Processed,979824,1
RET0001693,PO0022864,VND00854,SKU2365,Textiles,01/24/2023,Wrong Item Delivered,28,2038.57,Manager_C,Rejected,57079.96,1
RET0002348,PO0024866,VND00442,SKU3100,Raw Material,06/11/2023,,270,1237.63,,Processed,334160.1,1
RET0000756,PO0021920,VND00041,SKU1897,Raw Material,10/24/2024,Quality Failure,413,225.07,Manager_B,Pending,92953.91,1
RET0003164,PO0043655,VND00485,SKU3747,Packaging,02/10/2024,Quality Failure,445,3368.11,Manager_A,Processed,1498808.95,1
RET0004006,PO0018862,VND00109,SKU2747,Raw Material,08/19/2023,Over Shipment,238,1464.46,Manager_A,Pending,348541.48,1
RET0004554,PO0011201,VND00100,SKU2181,IT Equipment,06/08/2021,Defective Item,317,4261.27,,Rejected,1350822.59,1
RET0001172,PO0043521,VND00456,SKU3785,Raw Material,05/02/2021,Over Shipment,308,2864.64,Manager_B,Processed,882309.12,1
RET0003076,PO0022439,VND00627,SKU4930,Spare Parts,12/24/2021,Quality Failure,248,2727.84,Manager_C,Processed,676504.32,1
RET0002653,PO0017844,VND00187,SKU4670,IT Equipment,05/09/2021,Over Shipment,208,1956.73,,Processed,406999.84,1
RET0002865,PO0034215,VND00375,SKU2609,Machinery,07/13/2024,Quality Failure,182,726.35,Manager_B,Processed,132195.7,1
RET0001073,PO0005325,VND00165,SKU3265,Spare Parts,01/03/2021,Over Shipment,360,2589.35,Manager_B,,932166,1
RET0003622,PO0020030,VND00092,SKU2968,Raw Material,11/28/2021,Damaged Packaging,27,387.6,Manager_A,Pending,10465.2,1
RET0004723,PO0003627,VND00914,SKU3250,Spare Parts,05/04/2021,Wrong Quantity,480,1621.43,Manager_B,Processed,778286.4,1
RET0003511,PO0048222,VND00765,SKU3692,Packaging,11/19/2023,Over Shipment,52,2226.37,Manager_A,,115771.24,1
RET0000333,PO0009976,VND00831,SKU2351,IT Equipment,03/10/2021,Wrong Item Delivered,208,399.06,Manager_C,Pending,83004.48,1
RET0000092,PO0037838,VND00750,SKU1800,Machinery,06/30/2022,Damaged Packaging,495,3713.09,Manager_C,Processed,1837979.55,1
RET0004821,PO0028147,VND00623,SKU2785,Textiles,09/09/2024,Quality Failure,376,2819.35,Manager_C,Pending,1060075.6,1
RET0002722,PO0028780,VND00347,SKU5424,Packaging,03/04/2023,Over Shipment,77,493.41,,Processed,37992.57,1
RET0003220,PO0042817,VND00127,SKU2518,Textiles,04/09/2022,Defective Item,341,309.12,Manager_B,Pending,105409.92,1
RET0002676,PO0041846,VND00317,SKU2427,Chemicals,05/31/2022,Damaged Packaging,444,4630.98,,Pending,2056155.12,1
RET0001135,PO0047584,VND00929,SKU2586,Spare Parts,02/14/2021,Wrong Item,380,2500.58,,Rejected,950220.4,1
RET0001414,PO0007739,VND00658,SKU3685,Machinery,03/25/2023,Defective Item,354,911.84,Manager_C,Processed,322791.36,1
RET0001699,PO0007141,VND00862,SKU4928,Electronics,07/07/2022,Damaged Packaging,400,2219.33,Manager_B,Processed,887732,1
RET0000138,PO0026397,VND00949,SKU1113,Packaging,06/09/2021,Damaged Packaging,493,4473.57,,Pending,2205470.01,1
RET0000026,PO0041853,VND00911,SKU4333,Electronics,02/20/2022,Wrong Quantity,264,3582.81,,Processed,945861.84,1
RET0001459,PO0041146,VND00262,SKU5831,Chemicals,09/03/2024,Damaged Packaging,10,4702.2,Manager_B,Pending,47022,1
RET0002230,PO0037317,VND00893,SKU5473,Chemicals,06/30/2022,Damaged Packaging,109,4487.92,Manager_C,Rejected,489183.28,1
RET0000599,PO0016701,VND00547,SKU3871,Electronics,11/17/2021,Wrong Quantity,138,4168.4,Manager_C,Processed,575239.2,1
RET0003223,PO0030804,VND00395,SKU1032,Spare Parts,02/24/2021,Quality Failure,218,3722.73,Manager_A,Processed,811555.14,1
RET0004034,PO0002109,VND00702,SKU1017,Textiles,11/06/2022,wrong quantity,31,497.89,Manager_C,Pending,15434.59,1
RET0000575,PO0046628,VND00904,SKU4753,Chemicals,07/27/2021,Over Shipment,342,4884.44,,Processed,1670478.48,1
RET0004650,PO0029930,VND00853,SKU4521,IT Equipment,04/05/2022,Wrong Quantity,242,1975.45,Manager_C,Pending,478058.9,1
RET0004236,PO0026034,VND00351,SKU2296,Packaging,03/07/2022,Expired Product,490,2392.68,,Processed,1172413.2,1
RET0002901,PO0035224,VND00381,SKU5432,Raw Material,09/07/2021,Expired product,46,4481.59,Manager_A,Processed,206153.14,1
RET0001164,PO0022703,VND00020,SKU2429,Electronics,08/31/2022,Defective Item,10,1912,Manager_C,Processed,19120,1
RET0004776,PO0026346,VND00114,SKU4054,Spare Parts,12/07/2024,Wrong Item Delivered,72,3062.18,Manager_B,Processed,220476.96,1
RET0004962,PO0022891,VND00893,SKU5150,Textiles,05/18/2022,Defective Item,472,1539.3,Manager_C,Processed,726549.6,1
RET0002882,PO0000916,VND00943,SKU1198,Machinery,01/29/2023,Defective Item,274,4212.41,Manager_C,Rejected,1154200.34,1
RET0000379,PO0028132,VND00189,SKU4394,Textiles,01/18/2023,,498,1696.78,Manager_A,Processed,844996.44,1
RET0003295,PO0011046,VND00504,SKU1303,Machinery,03/01/2024,Expired Product,130,3138.48,Manager_C,Pending,408002.4,1
RET0002870,PO0037086,VND00785,SKU3918,Electronics,03/28/2023,Damaged Packaging,147,1680.56,Manager_C,Pending,247042.32,1
RET0002913,PO0030953,VND00028,SKU5623,Electronics,04/15/2021,Defective Item,2,103.57,Manager_A,Processed,207.14,0
RET0004170,PO0045509,VND00178,SKU3045,Chemicals,03/27/2021,Wrong Item Delivered,251,3896.35,Manager_B,Processed,977983.85,1
RET0000728,PO0012329,VND00435,SKU4910,Spare Parts,09/13/2021,Wrong Quantity,380,2490.87,Manager_A,Processed,946530.6,1
RET0000558,PO0034201,VND00874,SKU1293,Machinery,04/11/2021,Quality Failure,176,4738.8,Manager_C,Processed,834028.8,1
RET0002236,PO0018285,VND00757,SKU3568,IT Equipment,02/17/2022,Defective Item,231,1517.82,Manager_C,Processed,350616.42,1
RET0004598,PO0034096,VND00340,SKU5911,Textiles,11/13/2023,Wrong Quantity,238,4931.12,Manager_C,Rejected,1173606.56,1
RET0004084,PO0022051,VND00744,SKU1705,Spare Parts,05/11/2023,,407,4068.95,Manager_B,Processed,1656062.65,1
RET0001059,PO0009696,VND00029,SKU1229,Raw Material,04/24/2024,Wrong Quantity,255,616.96,,Processed,157324.8,1
RET0003376,PO0038213,VND00413,SKU2718,Raw Material,11/04/2023,Wrong Quantity,230,1166.72,Manager_B,Processed,268345.6,1
RET0004528,PO0046551,VND00308,SKU2812,Textiles,08/21/2024,Damaged Packaging,31,764.97,Manager_B,Pending,23714.07,1
RET0004770,PO0040271,VND00146,SKU4840,Packaging,08/05/2021,Over Shipment,424,312.53,,Processed,132512.72,1
RET0000530,PO0031628,VND00341,SKU4021,Spare Parts,09/10/2022,Wrong Item Delivered,481,2524.64,,Pending,1214351.84,1
RET0000511,PO0006579,VND00618,SKU2796,Textiles,08/19/2021,Wrong Quantity,185,3385.73,Manager_C,Processed,626360.05,1
RET0000051,PO0014609,VND00073,SKU5674,Raw Material,10/02/2022,Quality Failure,348,1521.29,,Processed,529408.92,1
RET0000210,PO0020509,VND00818,SKU5252,Electronics,08/08/2024,Damaged Packaging,306,2832.98,Manager_C,Processed,866891.88,1
RET0001348,PO0035909,VND00177,SKU4080,Textiles,06/03/2022,Damaged Packaging,384,2309.96,Manager_C,Processed,887024.64,1
RET0001868,PO0007038,VND00286,SKU1933,Textiles,08/27/2024,Over Shipment,111,883.28,,Pending,98044.08,1
RET0000755,PO0017899,VND00447,SKU2905,Raw Material,08/27/2021,damaged packaging,107,360.69,Manager_C,Processed,38593.83,1
RET0002881,PO0031333,VND00776,SKU2524,Chemicals,07/29/2023,Expired Product,470,4813.28,Manager_A,Processed,2262241.6,1
RET0003453,PO0010851,VND00417,SKU3816,Electronics,02/23/2022,Expired Product,421,1152.38,Manager_B,Pending,485151.98,1
RET0003637,PO0035148,VND00374,SKU1621,Spare Parts,02/09/2023,Quality Failure,256,2159.73,Manager_A,Processed,552890.88,1
RET0000243,PO0029449,VND00273,SKU3885,Raw Material,04/19/2022,Expired Product,86,1637.71,Manager_B,,140843.06,1
RET0004760,PO0021965,VND00124,SKU4592,Electronics,11/25/2024,Wrong Quantity,278,4634.99,Manager_A,Pending,1288527.22,1
RET0003842,PO0046597,VND00510,SKU1588,Textiles,03/17/2023,Damaged Packaging,201,4869.39,Manager_C,Pending,978747.39,1
RET0002389,PO0013086,VND00443,SKU3594,IT Equipment,09/17/2022,Defective Item,250,1468.55,Manager_C,Rejected,367137.5,1
RET0001786,PO0009267,VND00977,SKU5173,Machinery,12/13/2024,Wrong Item Delivered,100,3867.18,Manager_C,Pending,386718,1
RET0001197,PO0039120,VND00064,SKU4867,Machinery,04/14/2022,Wrong Item Delivered,252,1347.03,Manager_A,Pending,339451.56,1
RET0000280,PO0006093,VND00557,SKU4112,Textiles,03/03/2023,Over Shipment,286,1951.65,,,558171.9,1
RET0002220,PO0029642,VND00544,SKU4553,Packaging,07/28/2022,Quality Failure,458,3295.09,Manager_A,Pending,1509151.22,1
RET0001630,PO0013725,VND00256,SKU4652,IT Equipment,05/26/2023,Wrong Item Delivered,442,4286.78,Manager_A,Pending,1894756.76,1
RET0001191,PO0008210,VND00414,SKU2842,Chemicals,03/05/2024,Over Shipment,336,939.05,,Processed,315520.8,1
RET0001756,PO0006482,VND00704,SKU5914,Packaging,06/25/2022,Wrong Item Delivered,87,4926.08,Manager_C,Processed,428568.96,1
RET0002281,PO0010903,VND00315,SKU4419,Electronics,07/29/2024,Over Shipment,364,3167.12,Manager_C,Processed,1152831.68,1
RET0003967,PO0048792,VND00763,SKU4376,Spare Parts,09/22/2023,Expired Product,320,4121.33,Manager_C,Processed,1318825.6,1
RET0004288,PO0008286,VND00844,SKU1678,Electronics,10/20/2021,Wrong Item Delivered,465,4433.38,Manager_B,Processed,2061521.7,1
RET0002065,PO0002511,VND00257,SKU4285,Packaging,10/07/2021,Defective Item,340,4812.41,Manager_A,Processed,1636219.4,1
RET0004043,PO0049717,VND00765,SKU3961,Electronics,11/03/2024,Over Shipment,432,3389.88,Manager_A,Processed,1464428.16,1
RET0001914,PO0012976,VND00332,SKU2389,Spare Parts,04/15/2024,Expired Product,391,3854.3,,Processed,1507031.3,1
RET0002615,PO0042094,VND00682,SKU1430,Spare Parts,09/11/2024,Expired Product,32,3159.71,Manager_C,Processed,101110.72,1
RET0000654,PO0049117,VND00327,SKU1433,Electronics,02/11/2022,Damaged Packaging,387,817.57,Manager_C,Processed,316399.59,1
RET0001238,PO0026227,VND00096,SKU2172,IT Equipment,09/10/2023,Wrong Quantity,11,3788.28,Manager_C,Rejected,41671.08,1
RET0001700,PO0022899,VND00437,SKU3531,IT Equipment,05/29/2024,Wrong Item Delivered,102,1355.31,Manager_C,Processed,138241.62,1
RET0004250,PO0027079,VND00580,SKU4707,Raw Material,06/03/2021,,471,2157.81,Manager_C,Rejected,1016328.51,1
RET0003443,PO0023071,VND00486,SKU4225,Electronics,12/11/2022,Damaged Packaging,98,3839.98,Manager_A,Processed,376318.04,1
RET0000512,PO0027312,VND00790,SKU5027,Chemicals,06/07/2024,Wrong Quantity,254,3928.73,Manager_A,Pending,997897.42,1
RET0003280,PO0017041,VND00524,SKU5285,Chemicals,09/09/2021,Quality Failure,138,708.15,Manager_A,Processed,97724.7,1
RET0000161,PO0020821,VND00397,SKU3127,Raw Material,05/29/2022,Quality Failure,123,3583.94,Manager_B,Processed,440824.62,1
RET0001061,PO0007534,VND00563,SKU3901,Packaging,03/25/2023,Damaged Packaging,496,3440.06,,Pending,1706269.76,1
RET0004315,PO0040402,VND00642,SKU3321,Packaging,06/10/2023,Damaged Packaging,107,3822.81,Manager_A,Processed,409040.67,1
RET0004171,PO0038871,VND00160,SKU4650,Chemicals,11/05/2023,Wrong Quantity,397,4279.43,Manager_C,Processed,1698933.71,1
RET0003101,PO0031726,VND00483,SKU2702,Textiles,02/19/2024,Wrong Quantity,498,3937.49,,Processed,1960870.02,1
RET0002085,PO0021625,VND00624,SKU1086,Raw Material,03/26/2023,damaged packaging,120,2570.59,Manager_A,Rejected,308470.8,1
RET0004511,PO0009530,VND00306,SKU4181,Packaging,06/18/2024,Over Shipment,122,764.15,,Pending,93226.3,1
RET0000789,PO0018908,VND00034,SKU4185,Spare Parts,05/12/2024,Quality Failure,332,4232.63,Manager_C,Processed,1405233.16,1
RET0004608,PO0030080,VND00404,SKU3810,Machinery,01/09/2022,Wrong Item Delivered,207,243.03,Manager_B,Processed,50307.21,1
RET0001429,PO0012011,VND00633,SKU3983,Spare Parts,12/30/2022,Quality Failure,323,4634.22,Manager_B,Rejected,1496853.06,1
RET0004148,PO0001078,VND00831,SKU1377,Spare Parts,01/24/2023,Wrong Quantity,415,2465.09,,Rejected,1023012.35,1
RET0000834,PO0047037,VND00997,SKU5604,Packaging,07/14/2024,Defective Item,34,4479.7,Manager_B,Processed,152309.8,1
RET0004264,PO0016209,VND00847,SKU1023,Raw Material,04/02/2021,Quality Failure,388,2186.36,,Rejected,848307.68,1
RET0003793,PO0039649,VND00112,SKU5706,Spare Parts,10/06/2021,Quality Failure,312,2654.3,Manager_B,Pending,828141.6,1
RET0002571,PO0045313,VND00429,SKU5910,IT Equipment,11/24/2022,Over Shipment,124,1197.33,Manager_C,Pending,148468.92,1
RET0004580,PO0041354,VND00170,SKU5184,Machinery,02/12/2021,Over Shipment,415,2226.68,Manager_A,Processed,924072.2,1
RET0000893,PO0034578,VND00321,SKU4566,IT Equipment,08/23/2023,Damaged Packaging,40,4926.96,Manager_A,Processed,197078.4,1
RET0002488,PO0012256,VND00436,SKU3478,Chemicals,05/17/2023,Expired product,412,3640.47,Manager_C,Processed,1499873.64,1
RET0004301,PO0028269,VND00599,SKU1182,Machinery,10/15/2024,Wrong Item Delivered,425,384.73,Manager_A,Pending,163510.25,1
RET0003894,PO0006996,VND00622,SKU1022,Electronics,08/23/2024,Quality Failure,358,3689.69,,Processed,1320909.02,1
RET0003756,PO0028540,VND00802,SKU4377,Machinery,12/07/2024,Quality Failure,474,853.08,Manager_B,Pending,404359.92,1
RET0002876,PO0021772,VND00192,SKU2131,Textiles,03/03/2023,Quality Failure,471,4807.63,Manager_C,Pending,2264393.73,1
RET0003332,PO0018055,VND00740,SKU3839,Spare Parts,03/15/2021,Defective Item,197,1908.04,Manager_B,Processed,375883.88,1
RET0003798,PO0025895,VND00988,SKU3631,Electronics,04/14/2023,Wrong Item Delivered,239,726.89,,Processed,173726.71,1
RET0001213,PO0015669,VND00391,SKU3125,Spare Parts,03/27/2022,Expired Product,424,2511.91,Manager_B,Processed,1065049.84,1
RET0001749,PO0017542,VND00305,SKU1200,Electronics,10/09/2021,Quality Failure,7,237.02,Manager_B,Pending,1659.14,1
RET0003865,PO0030529,VND00285,SKU2599,Machinery,05/01/2022,Over Shipment,210,4816.73,Manager_B,Processed,1011513.3,1
RET0004424,PO0004623,VND00736,SKU3393,Electronics,10/30/2023,Damaged Packaging,194,334.87,Manager_A,Pending,64964.78,1
RET0003092,PO0002611,VND00677,SKU1419,Packaging,01/12/2023,Quality Failure,223,3489.95,,Processed,778258.85,1
RET0000174,PO0034722,VND00486,SKU2796,Chemicals,03/01/2022,Wrong Item Delivered,157,2162.15,Manager_C,Rejected,339457.55,1
RET0000957,PO0046388,VND00837,SKU1896,Spare Parts,09/28/2021,Wrong Quantity,14,922.36,,Rejected,12913.04,1
RET0002243,PO0030288,VND00367,SKU2633,Spare Parts,07/17/2024,Damaged Packaging,164,265.99,Manager_C,Processed,43622.36,1
RET0004924,PO0035783,VND00956,SKU3955,Machinery,09/21/2022,Defective Item,474,1757.09,Manager_C,Processed,832860.66,1
RET0003824,PO0031674,VND00036,SKU1116,Machinery,09/02/2022,Defective Item,390,2962.15,Manager_C,Pending,1155238.5,1
RET0004188,PO0045773,VND00741,SKU5147,Spare Parts,10/21/2023,Damaged Packaging,364,2654.58,Manager_C,Processed,966267.12,1
RET0001083,PO0038682,VND00398,SKU1825,Packaging,05/28/2024,Damaged Packaging,332,426.77,Manager_C,Processed,141687.64,1
RET0001316,PO0021539,VND00091,SKU1407,Packaging,07/14/2023,Expired Product,161,4243,Manager_B,Processed,683123,1
RET0004097,PO0021850,VND00897,SKU4764,IT Equipment,02/15/2022,Expired Product,161,2641.31,Manager_C,Processed,425250.91,1
RET0000738,PO0024191,VND00625,SKU4397,IT Equipment,12/01/2023,Quality Failure,331,267.27,Manager_B,Pending,88466.37,1
RET0004113,PO0039244,VND00159,SKU4591,Electronics,05/19/2024,Wrong Item Delivered,129,1895.32,Manager_A,Rejected,244496.28,1
RET0003687,PO0023129,VND00501,SKU3536,Spare Parts,05/31/2024,Defective Item,349,1716.08,Manager_A,Pending,598911.92,1
RET0004149,PO0030887,VND00989,SKU1268,Packaging,12/09/2024,,452,3523.1,Manager_A,Pending,1592441.2,1
RET0001329,PO0004122,VND00635,SKU3867,Spare Parts,11/26/2021,Defective Item,208,3117.4,Manager_B,Processed,648419.2,1
RET0002879,PO0012785,VND00037,SKU2031,Electronics,02/07/2022,Expired Product,327,675.8,Manager_C,Processed,220986.6,1
RET0004035,PO0025006,VND00376,SKU3359,Machinery,02/21/2022,Damaged Packaging,477,3334.31,Manager_C,Processed,1590465.87,1
RET0003913,PO0003715,VND00949,SKU3156,Machinery,03/14/2023,Quality Failure,124,1693.51,Manager_B,Processed,209995.24,1
RET0003480,PO0006955,VND00474,SKU2438,Textiles,02/06/2024,Wrong Item Delivered,31,1174.39,,Processed,36406.09,1
RET0003794,PO0048840,VND00131,SKU2029,Raw Material,10/02/2023,Defective Item,279,4441.87,Manager_C,Pending,1239281.73,1
RET0003986,PO0039253,VND00299,SKU4513,Packaging,12/01/2022,Wrong Quantity,499,1164.95,,Processed,581310.05,1
RET0001846,PO0034114,VND00139,SKU1473,Packaging,07/06/2024,Defective Item,257,3654.63,Manager_B,Processed,939239.91,1
RET0000083,PO0013491,VND00458,SKU5252,Spare Parts,05/22/2023,Wrong Item Delivered,176,4532.28,Manager_B,Pending,797681.28,1
RET0004209,PO0015386,VND00778,SKU5553,Spare Parts,05/27/2023,,238,2992.19,Manager_A,Processed,712141.22,1
RET0001808,PO0033923,VND00070,SKU4079,Machinery,05/21/2024,Over Shipment,96,4690.9,Manager_B,Processed,450326.4,1
RET0001456,PO0026786,VND00255,SKU5958,Packaging,05/19/2021,,444,2478.4,Manager_C,Processed,1100409.6,1
RET0000271,PO0010538,VND00838,SKU4927,Chemicals,11/22/2022,Wrong Item Delivered,387,2972.11,Manager_A,Processed,1150206.57,1
RET0002957,PO0002097,VND00811,SKU4277,Packaging,04/13/2024,Wrong Item Delivered,203,2135.26,Manager_A,Processed,433457.78,1
RET0004607,PO0012064,VND00718,SKU1825,IT Equipment,05/06/2023,Defective Item,324,1782.28,Manager_C,Rejected,577458.72,1
RET0004830,PO0021628,VND00169,SKU4165,Textiles,01/26/2022,Over Shipment,377,2618.44,Manager_B,Pending,987151.88,1
RET0001300,PO0019859,VND00405,SKU3469,IT Equipment,08/18/2023,Quality Failure,430,4661.59,Manager_A,Processed,2004483.7,1
RET0003504,PO0047751,VND00444,SKU3527,Raw Material,04/06/2023,Wrong Item Delivered,274,2721.52,,Pending,745696.48,1
RET0003381,PO0030828,VND00480,SKU5438,Spare Parts,08/17/2021,Wrong Quantity,389,1541.95,Manager_B,Rejected,599818.55,1
RET0000783,PO0030830,VND00773,SKU4011,Electronics,08/01/2024,Defective Item,308,3547.63,Manager_C,Pending,1092670.04,1
RET0004772,PO0048382,VND00284,SKU2070,Chemicals,02/10/2022,Expired Product,288,2149.68,Manager_B,Pending,619107.84,1
RET0001117,PO0016797,VND00657,SKU3183,Textiles,10/04/2021,Defective Item,333,2370,Manager_A,Pending,789210,1
RET0003292,PO0034251,VND00542,SKU1869,Machinery,03/08/2024,,108,2681.84,Manager_B,Processed,289638.72,1
RET0000990,PO0049373,VND00319,SKU3411,Chemicals,04/29/2024,Over Shipment,156,4279.89,Manager_C,Processed,667662.84,1
RET0004706,PO0029332,VND00152,SKU5767,Machinery,09/29/2021,Damaged Packaging,49,1794.48,Manager_C,Rejected,87929.52,1
RET0000865,PO0012383,VND00457,SKU1430,Chemicals,01/16/2023,Expired Product,112,2658.42,Manager_C,Processed,297743.04,1
RET0000771,PO0037187,VND00157,SKU4494,Chemicals,09/29/2022,Damaged Packaging,298,1360.38,Manager_C,Processed,405393.24,1
RET0000355,PO0032417,VND00098,SKU1311,Raw Material,11/22/2022,Damaged Packaging,49,3420.63,Manager_A,Processed,167610.87,1
RET0003177,PO0024188,VND00747,SKU3819,Spare Parts,03/29/2024,Wrong Item Delivered,150,1470.68,,Processed,220602,1
RET0001592,PO0005696,VND00787,SKU1781,Chemicals,02/02/2023,Over Shipment,336,481.85,Manager_B,Processed,161901.6,1
RET0001047,PO0040246,VND00941,SKU4124,Raw Material,06/24/2023,Damaged Packaging,196,341.95,Manager_A,Processed,67022.2,1
RET0004751,PO0007370,VND00759,SKU2555,Packaging,04/15/2022,Damaged Packaging,311,4126.47,Manager_B,Processed,1283332.17,1
RET0000128,PO0020549,VND00037,SKU3099,Machinery,10/03/2022,Expired Product,68,4699.56,Manager_C,Processed,319570.08,1
RET0001924,PO0048776,VND00047,SKU2972,Textiles,09/09/2021,Quality Failure,433,3470.92,Manager_C,Rejected,1502908.36,1
RET0004629,PO0049652,VND00596,SKU3569,Electronics,12/07/2021,Defective Item,411,1184.69,Manager_A,Processed,486907.59,1
RET0002859,PO0000614,VND00803,SKU2039,Machinery,12/18/2022,Defective Item,318,2612.84,,Pending,830883.12,1
RET0004775,PO0019349,VND00682,SKU2789,Spare Parts,08/22/2024,Expired Product,164,1413.58,Manager_C,Processed,231827.12,1
RET0004223,PO0036473,VND00607,SKU4039,Raw Material,01/29/2022,Wrong Item Delivered,16,3456.72,Manager_C,Processed,55307.52,1
RET0001100,PO0018125,VND00105,SKU2320,Chemicals,02/17/2024,Defective Item,345,4791.53,Manager_A,Pending,1653077.85,1
RET0002530,PO0033126,VND00116,SKU1255,Raw Material,05/04/2023,Damaged Packaging,273,2112.68,Manager_C,Processed,576761.64,1
RET0004472,PO0002814,VND00976,SKU1960,Machinery,07/20/2024,Quality Failure,295,4953.92,Manager_B,Pending,1461406.4,1
RET0001702,PO0045717,VND00010,SKU3777,Textiles,07/23/2022,Damaged Packaging,430,4000.9,Manager_B,Processed,1720387,1
RET0003135,PO0011794,VND00113,SKU3495,Machinery,08/22/2021,Defective Item,241,2868.29,Manager_B,Rejected,691257.89,1
RET0001282,PO0014079,VND00023,SKU5795,Packaging,10/29/2021,Expired Product,415,2768.49,,Pending,1148923.35,1
RET0000831,PO0010604,VND00162,SKU1177,Spare Parts,02/05/2022,Wrong Item,335,353.44,Manager_A,Processed,118402.4,1
RET0002637,PO0028922,VND00278,SKU3305,Spare Parts,05/31/2022,Quality Failure,410,885.43,Manager_C,Pending,363026.3,1
RET0002784,PO0002262,VND00766,SKU4281,Electronics,06/16/2022,Expired Product,499,2030.74,Manager_C,Pending,1013339.26,1
RET0001484,PO0037580,VND00591,SKU1144,Electronics,04/15/2023,Expired Product,407,3020.3,Manager_C,Processed,1229262.1,1
RET0004874,PO0001937,VND00759,SKU2593,Machinery,04/12/2024,Quality Failure,18,4330,,Processed,77940,1
RET0001581,PO0014491,VND00615,SKU3990,IT Equipment,01/16/2021,Wrong Quantity,125,3235.83,Manager_B,Processed,404478.75,1
RET0003557,PO0008787,VND00109,SKU3989,Electronics,04/12/2022,Over Shipment,88,4919.91,Manager_C,Processed,432952.08,1
RET0003925,PO0015781,VND00062,SKU4944,Raw Material,04/13/2021,,299,969.19,Manager_C,Pending,289787.81,1
RET0000251,PO0008253,VND00739,SKU3105,Spare Parts,12/20/2021,Damaged Packaging,62,4044.03,,Processed,250729.86,1
RET0000236,PO0014425,VND00944,SKU1263,Textiles,05/16/2024,Expired product,264,685.55,Manager_B,Processed,180985.2,1
RET0000672,PO0015427,VND00100,SKU5226,Textiles,03/05/2023,Expired Product,126,3278.21,Manager_B,Rejected,413054.46,1
RET0000992,PO0011987,VND01000,SKU2740,Electronics,03/15/2022,Over Shipment,207,3229.66,Manager_C,Pending,668539.62,1
RET0001984,PO0018410,VND00640,SKU1440,Machinery,08/10/2023,Quality Failure,226,3009.39,Manager_A,Processed,680122.14,1
RET0001096,PO0032822,VND00745,SKU5610,IT Equipment,01/24/2024,Wrong Quantity,332,563.83,Manager_A,Processed,187191.56,1
RET0000171,PO0005311,VND00290,SKU2945,Chemicals,07/10/2022,Wrong Item Delivered,59,4353.65,Manager_C,Processed,256865.35,1
RET0001600,PO0015863,VND00212,SKU1216,IT Equipment,11/21/2022,Defective Item,299,1200.86,Manager_C,Processed,359057.14,1
RET0000906,PO0039616,VND00998,SKU2423,Chemicals,12/09/2023,Damaged Packaging,117,4393.89,,Processed,514085.13,1
RET0002702,PO0042725,VND00342,SKU5710,Spare Parts,11/08/2021,Wrong Item Delivered,333,1837.28,Manager_A,Pending,611814.24,1
RET0000993,PO0021596,VND00650,SKU2874,Spare Parts,11/12/2023,Expired Product,340,3393.19,Manager_C,Processed,1153684.6,1
RET0000166,PO0045528,VND00896,SKU3225,Textiles,06/11/2024,Wrong Quantity,77,2378.81,Manager_A,Processed,183168.37,1
RET0002650,PO0006608,VND00801,SKU5063,Spare Parts,08/24/2023,Wrong Item Delivered,195,1476.66,Manager_C,Processed,287948.7,1
RET0004162,PO0023311,VND00804,SKU3000,Spare Parts,10/19/2022,,169,4278.08,Manager_C,Processed,722995.52,1
RET0004009,PO0002342,VND00775,SKU5671,Packaging,03/28/2022,Expired Product,449,2995.13,,Pending,1344813.37,1
RET0000997,PO0027768,VND00105,SKU1661,Spare Parts,03/18/2021,Over Shipment,199,1950.79,,Pending,388207.21,1
RET0002316,PO0022182,VND00586,SKU1142,Textiles,05/08/2021,Defective Item,260,671.33,Manager_C,Processed,174545.8,1
RET0001879,PO0022358,VND00685,SKU4518,Spare Parts,11/12/2023,Wrong Item,318,324.92,,Pending,103324.56,1
RET0000921,PO0028527,VND00517,SKU3535,Raw Material,10/10/2024,Defective Item,410,76.8,Manager_A,Rejected,31488,1
RET0004418,PO0002135,VND00744,SKU4214,IT Equipment,09/10/2021,Wrong Quantity,165,3479.91,Manager_A,Processed,574185.15,1
RET0000364,PO0021254,VND00237,SKU3327,IT Equipment,11/16/2021,Over Shipment,130,1650.8,Manager_A,Pending,214604,1
RET0004005,PO0035225,VND00654,SKU5537,Machinery,08/26/2022,Over Shipment,3,624.74,Manager_A,Processed,1874.22,1
RET0003121,PO0019938,VND00586,SKU3457,Spare Parts,09/07/2022,Quality Failure,182,2009.62,Manager_B,,365750.84,1
RET0002608,PO0020930,VND00956,SKU1224,Raw Material,06/28/2022,Wrong Quantity,288,3115.11,Manager_C,Processed,897151.68,1
RET0003132,PO0036388,VND00803,SKU2565,Machinery,12/14/2021,Over Shipment,122,396.43,Manager_C,Processed,48364.46,1
RET0002504,PO0013750,VND00204,SKU5824,Packaging,04/10/2021,Damaged Packaging,339,4285.22,Manager_B,Pending,1452689.58,1
RET0002231,PO0029436,VND01000,SKU5484,Packaging,01/26/2023,Quality Failure,491,2969.67,,Processed,1458107.97,1
RET0001056,PO0015261,VND00406,SKU4792,Electronics,10/21/2022,Quality Failure,102,135.16,Manager_C,Processed,13786.32,1
RET0001684,PO0042072,VND00167,SKU4878,Textiles,01/28/2024,Quality Failure,352,1004.87,Manager_C,Pending,353714.24,1
RET0001598,PO0016321,VND00477,SKU1631,Electronics,03/24/2024,Expired Product,251,2202.04,Manager_B,Pending,552712.04,1
RET0000190,PO0000553,VND00645,SKU4236,Textiles,09/04/2023,Over Shipment,482,4316.59,Manager_A,Processed,2080596.38,1
RET0002483,PO0028081,VND00276,SKU5444,Textiles,12/03/2022,Expired Product,89,4045.78,,Rejected,360074.42,1
RET0000876,PO0047160,VND00238,SKU4864,Packaging,04/22/2023,Wrong Quantity,235,3944.39,,Pending,926931.65,1
RET0000201,PO0007274,VND00716,SKU1456,Raw Material,03/25/2022,Over Shipment,253,828.44,Manager_C,Processed,209595.32,1
RET0003513,PO0020961,VND00650,SKU4160,Packaging,03/30/2021,Wrong Item Delivered,450,3662.74,Manager_B,Pending,1648233,1
RET0004663,PO0046437,VND00308,SKU2284,Textiles,08/24/2021,Damaged Packaging,97,4730.21,,Rejected,458830.37,1
RET0004952,PO0037711,VND00499,SKU5892,Machinery,11/20/2022,Wrong Quantity,79,956.65,Manager_A,Processed,75575.35,1
RET0002402,PO0018433,VND00372,SKU1390,Textiles,06/13/2024,Over Shipment,18,3173.8,Manager_A,Processed,57128.4,1
RET0004548,PO0035574,VND00574,SKU4236,Textiles,04/06/2022,Defective Item,26,2422.65,Manager_B,Processed,62988.9,1
RET0000707,PO0013638,VND00960,SKU1044,Spare Parts,07/27/2022,,474,1520.03,Manager_B,Pending,720494.22,1
RET0001195,PO0012022,VND00905,SKU3815,IT Equipment,02/21/2022,Expired Product,306,2889.7,Manager_C,Processed,884248.2,1
RET0001044,PO0048141,VND00249,SKU1157,Electronics,12/08/2023,Expired Product,210,3809.57,Manager_B,Rejected,800009.7,1
RET0003456,PO0031333,VND00067,SKU1715,Textiles,01/27/2022,Wrong Item Delivered,452,1331.51,Manager_B,Rejected,601842.52,1
RET0001698,PO0043724,VND00557,SKU5831,Machinery,11/19/2023,Defective Item,229,186.64,Manager_A,Processed,42740.56,1
RET0000144,PO0014100,VND00703,SKU4101,Spare Parts,10/24/2023,Wrong Quantity,478,2498.41,Manager_B,,1194239.98,1
RET0001817,PO0022350,VND00073,SKU4185,Textiles,08/24/2022,Over Shipment,470,256.4,Manager_C,Rejected,120508,1
RET0000647,PO0023666,VND00070,SKU2287,Raw Material,11/21/2022,Quality Failure,122,2184.52,Manager_A,Processed,266511.44,1
RET0002185,PO0002934,VND00677,SKU2440,Raw Material,10/21/2024,Wrong Quantity,378,4286.77,Manager_C,Rejected,1620399.06,1
RET0002916,PO0020179,VND00794,SKU4856,Chemicals,03/26/2023,Expired product,405,3382.96,Manager_B,Pending,1370098.8,1
RET0000674,PO0021741,VND00016,SKU5115,Raw Material,11/20/2021,Defective Item,454,4611.77,Manager_B,Processed,2093743.58,1
RET0002755,PO0024432,VND00160,SKU4203,Packaging,10/08/2022,Quality Failure,240,4178.13,,Rejected,1002751.2,1
RET0004738,PO0044169,VND00610,SKU1378,IT Equipment,09/17/2024,Wrong Quantity,169,1605.43,Manager_B,Processed,271317.67,1
RET0001188,PO0022300,VND00073,SKU5410,Electronics,09/27/2022,Expired Product,61,4561.79,,Processed,278269.19,1
RET0000356,PO0018089,VND00543,SKU4896,Chemicals,07/10/2022,Defective Item,452,584.78,Manager_C,Processed,264320.56,1
RET0003868,PO0042341,VND00162,SKU4047,Chemicals,05/13/2024,Damaged Packaging,402,1824.65,Manager_B,Processed,733509.3,1
RET0004794,PO0033313,VND00508,SKU2705,Electronics,03/03/2024,Wrong Quantity,166,2115.2,,Pending,351123.2,1
RET0003596,PO0036199,VND00777,SKU4789,Chemicals,07/10/2021,Damaged Packaging,486,4472.04,Manager_C,Processed,2173411.44,1
RET0003887,PO0021705,VND00572,SKU1017,Raw Material,07/08/2023,Quality Failure,268,505.95,Manager_A,Pending,135594.6,1
RET0001180,PO0033091,VND00516,SKU2167,Raw Material,04/12/2023,Wrong Quantity,498,2570.06,Manager_C,Processed,1279889.88,1
RET0002374,PO0039975,VND00721,SKU2503,Electronics,08/16/2022,Over Shipment,314,3691.2,Manager_A,Pending,1159036.8,1
RET0003619,PO0000197,VND00382,SKU3652,Electronics,04/16/2022,Quality Failure,238,2800.99,Manager_A,Processed,666635.62,1
RET0001654,PO0037152,VND00414,SKU1583,IT Equipment,08/17/2024,,455,506.23,,Processed,230334.65,1
RET0004651,PO0048546,VND00656,SKU1337,Electronics,07/31/2021,Over Shipment,120,964.1,Manager_C,Processed,115692,1
RET0004596,PO0017205,VND00873,SKU3731,Raw Material,04/03/2024,Over Shipment,172,4172.13,Manager_B,Processed,717606.36,1
RET0001106,PO0004502,VND00050,SKU1477,Packaging,10/10/2023,Expired,199,898.08,Manager_C,,178717.92,1
RET0000917,PO0003066,VND00769,SKU1932,Machinery,05/30/2023,Wrong Item Delivered,430,1518.02,Manager_C,Processed,652748.6,1
RET0004386,PO0049659,VND00043,SKU5173,Spare Parts,08/20/2022,,226,4881.61,,Processed,1103243.86,1
RET0000531,PO0033819,VND00611,SKU4129,Packaging,01/25/2023,Defective Item,373,2801.83,Manager_B,Processed,1045082.59,1
RET0002223,PO0047555,VND00436,SKU3049,Chemicals,10/12/2023,Wrong Item delivered,175,3250.87,Manager_B,Processed,568902.25,1
RET0000395,PO0038435,VND00321,SKU3601,Chemicals,07/14/2023,Wrong Item,10,3888.1,,Processed,38881,1
RET0004485,PO0036239,VND00788,SKU4763,Packaging,11/19/2022,Damaged Packaging,455,808.82,Manager_B,Processed,368013.1,1
RET0003389,PO0038449,VND00753,SKU4428,Raw Material,06/18/2024,Defective Item,143,1391.85,Manager_A,Processed,199034.55,1
RET0001510,PO0007801,VND00072,SKU5025,Raw Material,03/27/2023,Wrong Quantity,341,1246.58,Manager_C,Pending,425083.78,1
RET0002944,PO0008689,VND00872,SKU2962,Electronics,10/22/2023,Wrong Item Delivered,450,953.08,,Pending,428886,1
RET0001545,PO0022832,VND00148,SKU2570,Spare Parts,12/13/2024,Over Shipment,144,2956.61,Manager_C,Processed,425751.84,1
RET0001975,PO0029261,VND00427,SKU5564,Raw Material,12/27/2022,Wrong Item Delivered,217,3942.59,Manager_A,Processed,855542.03,1
RET0001834,PO0004234,VND00970,SKU1172,Packaging,11/02/2023,Damaged Packaging,11,744.7,Manager_B,Pending,8191.7,1
RET0003618,PO0001294,VND00685,SKU4583,Packaging,12/24/2022,Wrong Quantity,235,1897.58,,Processed,445931.3,1
RET0004755,PO0048239,VND00890,SKU4488,Textiles,11/30/2021,Wrong Item Delivered,485,2885.21,Manager_B,Pending,1399326.85,1
RET0001752,PO0003258,VND00106,SKU2525,Textiles,01/02/2024,Wrong Quantity,431,4257.79,,Processed,1835107.49,1
RET0004739,PO0041690,VND00301,SKU4488,Machinery,11/12/2021,Quality Failure,439,3011.77,Manager_B,Rejected,1322167.03,1
RET0002915,PO0005599,VND00699,SKU4279,Packaging,01/07/2021,Wrong Item Delivered,314,3427.73,Manager_A,Processed,1076307.22,1
RET0004819,PO0034061,VND00898,SKU4295,Machinery,09/24/2022,Damaged Packaging,224,190.86,Manager_C,Rejected,42752.64,1
RET0000259,PO0040479,VND00701,SKU4913,Raw Material,10/27/2023,Over Shipment,485,2600.16,Manager_A,Pending,1261077.6,1
RET0003841,PO0042001,VND00755,SKU3647,Packaging,03/24/2022,Expired Product,81,4417.9,,Processed,357849.9,1
RET0004682,PO0021364,VND00391,SKU1645,Chemicals,05/22/2024,Over Shipment,340,17.37,Manager_C,Pending,5905.8,1
RET0003475,PO0017953,VND00595,SKU5401,Spare Parts,11/08/2024,Damaged Packaging,207,3316.17,Manager_C,Rejected,686447.19,1
RET0002326,PO0042688,VND00202,SKU2181,Raw Material,03/19/2021,Over Shipment,28,1089.15,Manager_C,Pending,30496.2,1
RET0003355,PO0014630,VND00198,SKU1749,Textiles,09/19/2022,Expired Product,136,2026.32,Manager_B,Processed,275579.52,1
RET0002704,PO0002446,VND00742,SKU2550,Spare Parts,08/22/2021,Expired Product,315,2488.31,,Pending,783817.65,1
RET0003036,PO0016865,VND00045,SKU2677,Packaging,02/02/2021,Wrong Item Delivered,133,1170.62,Manager_C,Pending,155692.46,1
RET0002644,PO0040209,VND00999,SKU4469,Chemicals,12/19/2024,Wrong Quantity,276,3149.48,Manager_A,Processed,869256.48,1
RET0004270,PO0030039,VND00165,SKU3333,Machinery,04/03/2024,Expired Product,246,4704.45,Manager_B,Pending,1157294.7,1
RET0002462,PO0019993,VND00132,SKU4402,Spare Parts,05/02/2022,Defective Item,158,195.36,Manager_B,Pending,30866.88,1
RET0001715,PO0047779,VND00581,SKU1790,IT Equipment,09/08/2023,Defective Item,271,4949.03,,Pending,1341187.13,1
RET0003629,PO0035055,VND00308,SKU1842,Textiles,08/10/2021,Defective Item,27,4203.25,Manager_A,Processed,113487.75,1
RET0000731,PO0045758,VND00017,SKU1203,Machinery,09/24/2021,Defective Item,255,3133.11,,Pending,798943.05,1
RET0003950,PO0016585,VND00006,SKU1619,IT Equipment,01/03/2021,Wrong Item,244,183.88,Manager_A,Processed,44866.72,1
RET0004233,PO0033726,VND00695,SKU3155,IT Equipment,07/19/2021,Quality Failure,297,2708.97,Manager_C,Processed,804564.09,1
RET0000975,PO0015262,VND00168,SKU2427,Spare Parts,06/22/2022,Damaged Packaging,282,4330.45,Manager_C,Pending,1221186.9,1
RET0003387,PO0042068,VND00009,SKU3754,Packaging,09/16/2023,Quality Failure,301,251.84,,Processed,75803.84,1
RET0004410,PO0009666,VND00070,SKU5606,Spare Parts,04/14/2024,Expired product,119,579.64,,Pending,68977.16,1
RET0000435,PO0028578,VND00849,SKU4148,Spare Parts,09/07/2024,Over Shipment,451,3475.5,Manager_B,Processed,1567450.5,1
RET0003711,PO0040606,VND00344,SKU3391,Spare Parts,01/25/2023,Quality Failure,175,3153.96,Manager_B,Processed,551943,1
RET0002771,PO0022599,VND00537,SKU4126,Spare Parts,12/18/2021,Damaged Packaging,12,2742.01,,Processed,32904.12,1
RET0000967,PO0026483,VND00323,SKU4372,Electronics,05/06/2023,Wrong Item,3,4588.18,Manager_A,Rejected,13764.54,1
RET0004427,PO0038275,VND00759,SKU5544,Packaging,09/05/2022,Wrong Item Delivered,481,293.13,Manager_C,Processed,140995.53,1
RET0002878,PO0016572,VND00574,SKU1795,IT Equipment,12/11/2023,Over Shipment,120,726.7,Manager_A,Processed,87204,1
RET0003649,PO0017592,VND00171,SKU3812,Packaging,07/16/2023,Wrong Quantity,254,3737.22,,Pending,949253.88,1
RET0004553,PO0046762,VND00278,SKU2665,IT Equipment,03/05/2022,Over Shipment,340,3506.82,Manager_B,Pending,1192318.8,1
RET0000867,PO0006356,VND00799,SKU4972,Packaging,11/28/2021,Expired Product,51,2501.71,Manager_C,Processed,127587.21,1
RET0001415,PO0033340,VND00955,SKU3727,Machinery,02/04/2023,Defective Item,374,2315.02,,Processed,865817.48,1
RET0002313,PO0029145,VND00667,SKU5470,Packaging,12/24/2024,,256,4100.13,Manager_A,Rejected,1049633.28,1
RET0003506,PO0036124,VND00918,SKU2318,Spare Parts,02/12/2022,Defective Item,100,1036.27,Manager_B,Processed,103627,1
RET0001271,PO0021137,VND00920,SKU2376,Machinery,10/28/2022,Defective Item,261,4625.97,Manager_B,Processed,1207378.17,1
RET0003946,PO0031126,VND00795,SKU1786,Machinery,12/07/2021,Damaged Packaging,394,1275.61,Manager_A,Processed,502590.34,1
RET0003995,PO0021200,VND00397,SKU1552,Electronics,12/25/2023,Wrong Quantity,159,4153.95,,Processed,660478.05,1
RET0004869,PO0021898,VND00395,SKU4255,Chemicals,11/09/2024,Expired Product,387,2505.85,Manager_B,Processed,969763.95,1
RET0002628,PO0033278,VND00992,SKU2113,Machinery,03/03/2023,Quality Failure,172,1697.99,,Processed,292054.28,1
RET0002225,PO0022874,VND00988,SKU2981,IT Equipment,05/15/2022,Defective Item,175,4005.13,Manager_B,Processed,700897.75,1
RET0000003,PO0017743,VND00723,SKU3764,Spare Parts,04/08/2021,Expired Product,23,4297.75,Manager_C,Processed,98848.25,1
RET0004163,PO0043675,VND00086,SKU3535,Textiles,03/16/2023,Over Shipment,421,4484.27,,Pending,1887877.67,1
RET0003670,PO0038897,VND00218,SKU3254,Spare Parts,08/08/2024,Quality Failure,248,101.61,Manager_A,Rejected,25199.28,1
RET0003159,PO0029762,VND00348,SKU1791,Machinery,03/31/2022,Expired product,104,1876.28,Manager_C,Pending,195133.12,1
RET0000909,PO0024504,VND00133,SKU1864,Spare Parts,10/18/2021,Over Shipment,474,1221.7,Manager_C,Processed,579085.8,1
RET0002583,PO0036694,VND00865,SKU2984,Spare Parts,02/11/2024,Wrong Quantity,32,3587.3,Manager_B,Processed,114793.6,1
RET0003880,PO0049406,VND00469,SKU5082,Chemicals,08/05/2021,Wrong Item Delivered,181,364.48,Manager_B,Rejected,65970.88,1
RET0004593,PO0042554,VND00186,SKU2165,IT Equipment,06/05/2022,Wrong Item Delivered,188,4956.91,Manager_C,Processed,931899.08,1
RET0000968,PO0014988,VND00928,SKU4850,Chemicals,06/14/2022,Defective Item,130,2210.92,Manager_A,Pending,287419.6,1
RET0003318,PO0015729,VND00458,SKU3198,IT Equipment,05/02/2024,Damaged Packaging,394,3100.48,Manager_A,Processed,1221589.12,1
RET0003830,PO0015581,VND00655,SKU4773,Textiles,08/15/2021,Defective Item,398,994.81,,Rejected,395934.38,1
RET0004853,PO0049012,VND00933,SKU4961,Electronics,11/07/2024,Expired Product,140,2519.43,Manager_C,Processed,352720.2,1
RET0003279,PO0048302,VND00190,SKU2326,Electronics,10/17/2024,Wrong Quantity,478,1847.47,Manager_B,Processed,883090.66,1
RET0004604,PO0026044,VND00818,SKU3112,Spare Parts,02/18/2023,Quality Failure,438,3652.38,Manager_B,Pending,1599742.44,1
RET0003002,PO0002657,VND00922,SKU3906,IT Equipment,11/11/2023,Damaged Packaging,48,3052.8,Manager_A,Pending,146534.4,1
RET0001441,PO0044482,VND00911,SKU4970,Raw Material,09/20/2024,Wrong Quantity,105,4692.2,,Processed,492681,1
RET0004981,PO0040735,VND00037,SKU1923,Raw Material,03/02/2023,Expired Product,396,2523.76,,Processed,999408.96,1
RET0000420,PO0036212,VND00835,SKU1039,Raw Material,02/11/2022,Defective Item,88,1776.89,Manager_B,Pending,156366.32,1
RET0000452,PO0004812,VND00126,SKU4291,Packaging,08/02/2022,Over Shipment,129,824.96,Manager_C,Processed,106419.84,1
RET0000812,PO0006280,VND00199,SKU2245,Packaging,06/01/2023,Wrong Quantity,85,3746.56,,Processed,318457.6,1
RET0003849,PO0028398,VND00259,SKU5340,Textiles,09/24/2021,Wrong Quantity,245,3446.76,Manager_A,Processed,844456.2,1
RET0004179,PO0037814,VND00993,SKU3743,Machinery,10/15/2023,Defective Item,135,1576.23,Manager_B,Pending,212791.05,1
RET0002696,PO0017639,VND00733,SKU2498,Raw Material,04/24/2023,Over Shipment,200,456.01,Manager_C,Processed,91202,1
RET0004540,PO0019207,VND00361,SKU2157,IT Equipment,07/10/2023,Damaged Packaging,209,3827.24,,Pending,799893.16,1
RET0002027,PO0036358,VND00649,SKU4343,Raw Material,02/11/2023,Quality Failure,398,4989.12,Manager_A,Processed,1985669.76,1
RET0001930,PO0007318,VND00274,SKU4366,Machinery,09/10/2023,Quality Failure,444,4144.17,Manager_A,Pending,1840011.48,1
RET0000635,PO0038586,VND00799,SKU4110,Spare Parts,10/27/2023,Wrong Quantity,249,3180.12,,Processed,791849.88,1
RET0004462,PO0022768,VND00509,SKU3310,Electronics,08/24/2021,Quality Failure,176,751.97,Manager_C,Pending,132346.72,1
RET0001509,PO0004919,VND00844,SKU1611,Chemicals,10/28/2021,Over Shipment,347,4318.03,Manager_A,Processed,1498356.41,1
RET0003735,PO0019126,VND00219,SKU5992,Electronics,03/06/2021,Over Shipment,31,3373.83,Manager_B,Processed,104588.73,1
RET0002400,PO0049317,VND00685,SKU3428,Electronics,02/10/2024,Wrong Item,114,1740.27,Manager_B,Processed,198390.78,1
RET0002523,PO0010431,VND00416,SKU5437,IT Equipment,01/06/2022,over shipment,151,3572.03,Manager_B,Processed,539376.53,1
RET0000545,PO0012306,VND00568,SKU3573,Raw Material,04/03/2022,Wrong Item delivered,198,1725.47,Manager_A,Rejected,341643.06,1
RET0000533,PO0041814,VND00334,SKU1836,Machinery,05/03/2022,Defective Item,333,1959.81,Manager_C,Processed,652616.73,1
RET0004232,PO0024216,VND00078,SKU3635,Textiles,07/24/2021,Quality Failure,463,2742.59,Manager_C,Processed,1269819.17,1
RET0000934,PO0013099,VND00877,SKU3741,IT Equipment,02/03/2021,Wrong Quantity,41,4623.22,Manager_C,Processed,189552.02,1
RET0004384,PO0022654,VND00733,SKU4097,IT Equipment,05/31/2021,Damaged Packaging,476,4142.05,Manager_A,Pending,1971615.8,1
RET0000446,PO0001144,VND00066,SKU5059,Textiles,06/20/2022,Over Shipment,474,4487.52,Manager_C,Processed,2127084.48,1
RET0001882,PO0013803,VND00800,SKU2614,Chemicals,01/25/2022,Over Shipment,372,246.91,Manager_C,Processed,91850.52,1
RET0000923,PO0003195,VND00731,SKU4371,Raw Material,06/13/2023,Over Shipment,28,413.12,Manager_A,Processed,11567.36,1
RET0001733,PO0043978,VND00722,SKU5824,Raw Material,05/11/2022,Damaged Packaging,225,3352.45,,Processed,754301.25,1
RET0001757,PO0032341,VND00612,SKU1969,Packaging,11/21/2024,Damaged Packaging,211,1831.77,Manager_B,Processed,386503.47,1
RET0004402,PO0017437,VND00824,SKU5687,IT Equipment,07/13/2024,Damaged Packaging,246,2842.37,Manager_C,Pending,699223.02,1
RET0004291,PO0000301,VND00121,SKU5380,Electronics,02/18/2022,Expired,275,2598.95,Manager_B,Processed,714711.25,1
RET0004104,PO0018621,VND00209,SKU5589,Packaging,08/19/2024,Damaged Packaging,324,998.02,Manager_B,Processed,323358.48,1
RET0004632,PO0043938,VND00193,SKU2435,Raw Material,01/11/2021,,130,1056.68,Manager_C,Processed,137368.4,1
RET0003940,PO0046458,VND00900,SKU1772,Spare Parts,05/15/2021,Damaged Packaging,472,2375.45,Manager_B,Processed,1121212.4,1
RET0002648,PO0004949,VND00794,SKU1234,IT Equipment,04/12/2021,Defective Item,47,3362.5,Manager_C,Pending,158037.5,1
RET0001929,PO0007198,VND00331,SKU4339,Spare Parts,12/08/2024,Wrong Item Delivered,385,1160.87,,Processed,446934.95,1
RET0002659,PO0008936,VND00822,SKU5259,IT Equipment,04/30/2022,Wrong Item Delivered,214,2357.38,,Pending,504479.32,1
RET0003740,PO0009625,VND00211,SKU5920,Chemicals,12/22/2023,Quality Failure,153,3781.25,Manager_A,Processed,578531.25,1
RET0004276,PO0010952,VND00275,SKU4593,Packaging,03/15/2024,Wrong Item Delivered,208,742,,Processed,154336,1
RET0003547,PO0021591,VND00569,SKU3077,Textiles,10/01/2022,Defective Item,86,62.63,Manager_A,Processed,5386.18,1
RET0000005,PO0034191,VND00275,SKU3352,Spare Parts,09/30/2021,over shipment,300,3623.4,Manager_A,Pending,1087020,1
RET0003056,PO0006751,VND00042,SKU2922,Machinery,07/25/2021,Over Shipment,430,4597.34,Manager_A,,1976856.2,1
RET0002198,PO0007907,VND00712,SKU1514,Machinery,03/15/2024,Defective Item,401,4580.67,Manager_A,Processed,1836848.67,1
RET0001284,PO0044797,VND00996,SKU4681,Spare Parts,10/13/2024,Damaged Packaging,66,4042.1,Manager_C,Processed,266778.6,1
RET0003799,PO0014102,VND00425,SKU1089,Electronics,02/06/2022,Damaged Packaging,98,2131.3,Manager_C,Processed,208867.4,1
RET0003476,PO0035929,VND00536,SKU1034,Packaging,10/11/2024,Wrong Item Delivered,249,577.25,Manager_B,Rejected,143735.25,1
RET0001488,PO0010041,VND00077,SKU4276,Spare Parts,01/23/2021,Wrong Quantity,273,3931.39,Manager_C,Processed,1073269.47,1
RET0000205,PO0048537,VND00703,SKU2468,Packaging,05/03/2022,Over Shipment,251,2210.41,Manager_B,Pending,554812.91,1
RET0001762,PO0046712,VND00561,SKU5945,Chemicals,02/16/2024,,356,1828.75,Manager_A,Processed,651035,1
RET0000134,PO0042747,VND00063,SKU2587,Electronics,10/12/2021,Defective Item,205,3311.64,,Pending,678886.2,1
RET0002445,PO0011444,VND00467,SKU3132,IT Equipment,01/09/2024,Expired Product,160,835.15,Manager_B,Processed,133624,1
RET0004850,PO0023384,VND00815,SKU1638,Spare Parts,02/06/2023,Wrong Quantity,159,1966.89,Manager_A,Processed,312735.51,1
RET0002358,PO0038800,VND00857,SKU3036,Machinery,08/09/2022,Wrong Item,403,2645.87,,Pending,1066285.61,1
RET0000153,PO0045364,VND00101,SKU1589,Textiles,04/22/2022,Wrong Item Delivered,222,953,Manager_B,Pending,211566,1
RET0003526,PO0017791,VND00592,SKU4834,Spare Parts,12/02/2022,Quality Failure,49,3900.75,Manager_A,Processed,191136.75,1
RET0001292,PO0015681,VND00387,SKU1974,Raw Material,02/26/2023,Wrong Quantity,482,2349.72,Manager_A,Pending,1132565.04,1
RET0004465,PO0007367,VND00895,SKU3709,Spare Parts,06/24/2021,Defective Item,437,1658.29,Manager_B,Pending,724672.73,1
RET0003879,PO0026579,VND00120,SKU3939,Electronics,11/09/2024,Wrong Item delivered,32,3434.42,Manager_C,Processed,109901.44,1
RET0002155,PO0003449,VND00518,SKU2469,Machinery,01/24/2023,Wrong Item Delivered,419,3048.13,Manager_C,Processed,1277166.47,1
RET0001294,PO0003145,VND00530,SKU5189,Spare Parts,07/18/2023,Defective Item,1,4027.27,Manager_C,Pending,4027.27,1
RET0001130,PO0026640,VND00224,SKU1570,IT Equipment,06/04/2022,Defective Item,307,4048.97,Manager_A,Processed,1243033.79,1
RET0001002,PO0026610,VND00317,SKU4021,Spare Parts,06/16/2023,Wrong Quantity,361,4272.25,,Processed,1542282.25,1
RET0003566,PO0022539,VND00037,SKU2933,IT Equipment,11/13/2023,Over Shipment,368,2087.15,Manager_B,Processed,768071.2,1
RET0001827,PO0019291,VND00354,SKU4258,Machinery,12/23/2022,,48,2101.37,Manager_A,Processed,100865.76,1
RET0004020,PO0005452,VND00352,SKU1881,Textiles,04/19/2022,Defective Item,391,3448.74,Manager_C,Processed,1348457.34,1
RET0002177,PO0029145,VND00084,SKU4838,Textiles,01/06/2024,Defective Item,6,2562.53,,Processed,15375.18,1
RET0000367,PO0011330,VND00366,SKU4784,Machinery,08/11/2024,Wrong Item Delivered,93,4284.21,Manager_B,Rejected,398431.53,1
RET0003983,PO0012512,VND00750,SKU4316,Electronics,01/23/2021,Wrong Quantity,385,1569.64,Manager_A,Pending,604311.4,1
RET0004921,PO0043559,VND00595,SKU3675,Raw Material,02/07/2021,Quality Failure,214,3509.16,Manager_C,Processed,750960.24,1
RET0003857,PO0014944,VND00275,SKU2705,Spare Parts,04/01/2022,Over Shipment,421,1245.01,Manager_A,Processed,524149.21,1
RET0004256,PO0008048,VND00702,SKU1496,Spare Parts,05/06/2023,Expired Product,413,1089.9,Manager_B,Pending,450128.7,1
RET0002164,PO0012838,VND00188,SKU4721,Spare Parts,06/17/2024,Damaged Packaging,394,3536.72,,Processed,1393467.68,1
RET0002896,PO0046844,VND00951,SKU1480,IT Equipment,04/06/2024,Expired Product,486,1222.4,,Processed,594086.4,1
RET0004822,PO0048343,VND00061,SKU4298,Spare Parts,11/29/2022,Quality Failure,359,3947.54,,Processed,1417166.86,1
RET0001861,PO0039486,VND00412,SKU4582,Electronics,06/26/2021,Wrong Quantity,164,2574.58,Manager_B,Pending,422231.12,1
RET0000177,PO0030712,VND00891,SKU5367,Textiles,04/11/2024,Damaged Packaging,384,2471.89,Manager_A,Processed,949205.76,1
RET0003043,PO0033820,VND00545,SKU5618,Machinery,05/10/2022,Expired Product,431,3453.37,Manager_B,Pending,1488402.47,1
RET0002275,PO0021388,VND00357,SKU3884,Electronics,07/23/2022,Defective Item,109,3371.74,Manager_B,Pending,367519.66,1
RET0003000,PO0018686,VND00598,SKU2515,Spare Parts,08/08/2023,Damaged Packaging,195,2706.01,Manager_C,Pending,527671.95,1
RET0002849,PO0038927,VND00033,SKU5827,IT Equipment,04/25/2021,,137,2388.36,,Processed,327205.32,1
RET0003520,PO0016473,VND00554,SKU1975,Raw Material,01/29/2021,Wrong Quantity,50,1477.76,,Processed,73888,1
RET0004610,PO0030108,VND00882,SKU5442,IT Equipment,02/17/2022,Quality Failure,206,1898.65,Manager_A,Processed,391121.9,1
RET0000034,PO0039698,VND00997,SKU1706,Electronics,10/18/2022,Wrong Quantity,117,3343.72,Manager_C,Processed,391215.24,1
RET0002486,PO0025509,VND00718,SKU2098,Spare Parts,08/20/2022,Wrong Item Delivered,338,1597.32,Manager_A,,539894.16,1
RET0002332,PO0037987,VND00902,SKU5708,Spare Parts,02/19/2021,Quality Failure,266,841.54,Manager_B,Processed,223849.64,1
RET0000002,PO0019528,VND00160,SKU2645,Electronics,05/29/2023,Wrong Quantity,338,2620.65,Manager_B,Processed,885779.7,1
RET0002405,PO0002389,VND00601,SKU2277,Electronics,04/03/2024,Over Shipment,382,922.99,,Pending,352582.18,1
RET0001370,PO0005229,VND00764,SKU1576,Spare Parts,06/30/2022,Expired Product,385,3102.05,,Pending,1194289.25,1
RET0000093,PO0047933,VND00779,SKU1802,Chemicals,10/05/2022,Defective Item,305,565.24,Manager_C,Rejected,172398.2,1
RET0001744,PO0034612,VND00036,SKU4055,Chemicals,05/06/2022,Wrong Quantity,237,1847.23,Manager_B,Processed,437793.51,1
RET0001317,PO0037992,VND00428,SKU3087,Raw Material,09/29/2023,Defective Item,46,4584.83,Manager_A,Processed,210902.18,1
RET0004646,PO0034452,VND00682,SKU4934,Textiles,11/10/2022,,259,1609.59,Manager_C,Pending,416883.81,1
RET0004371,PO0012251,VND00727,SKU4861,Machinery,03/11/2023,Expired Product,474,4570.72,,Pending,2166521.28,1
RET0004001,PO0023683,VND00452,SKU1520,Packaging,03/21/2023,Defective Item,439,2886.88,,Processed,1267340.32,1
RET0003200,PO0026010,VND00383,SKU3924,IT Equipment,03/09/2024,Damaged Packaging,195,3078.46,Manager_C,Processed,600299.7,1
RET0004087,PO0028003,VND00882,SKU1611,Electronics,03/04/2024,Defective Item,427,3529.86,Manager_A,Pending,1507250.22,1
RET0003850,PO0014990,VND00827,SKU2205,Machinery,03/21/2024,Over Shipment,385,4927.19,Manager_C,Processed,1896968.15,1
RET0002259,PO0000552,VND00059,SKU1029,Packaging,07/03/2022,Over Shipment,439,2494.59,,Pending,1095125.01,1
RET0003721,PO0008742,VND00877,SKU4218,IT Equipment,01/28/2022,damaged packaging,433,4370.37,Manager_C,Processed,1892370.21,1
RET0002234,PO0019693,VND00798,SKU4865,IT Equipment,01/18/2024,Wrong Item Delivered,166,3872.8,Manager_A,Processed,642884.8,1
RET0002004,PO0005954,VND00865,SKU4306,IT Equipment,09/30/2022,Quality Failure,483,2320.54,,Processed,1120820.82,1
RET0000560,PO0043040,VND00342,SKU5239,Packaging,03/29/2022,Quality Failure,36,3321.94,Manager_A,Processed,119589.84,1
RET0004014,PO0019719,VND00060,SKU1797,Raw Material,03/03/2024,Over Shipment,455,990.96,Manager_C,Processed,450886.8,1
RET0002584,PO0012617,VND00867,SKU4142,Machinery,11/27/2023,,384,1019.1,,Processed,391334.4,1
RET0001800,PO0042428,VND00238,SKU1026,Spare Parts,04/24/2023,Quality Failure,172,3327.29,,Pending,572293.88,1
RET0001527,PO0007124,VND00294,SKU2050,IT Equipment,01/03/2021,Over Shipment,15,3929.01,Manager_A,Processed,58935.15,1
RET0004185,PO0038879,VND00041,SKU2643,Electronics,02/11/2024,Over Shipment,384,4766.93,Manager_B,Processed,1830501.12,1
RET0003120,PO0003217,VND00291,SKU1213,Spare Parts,12/03/2021,Wrong Quantity,151,4292.34,Manager_A,Pending,648143.34,1
RET0001220,PO0031725,VND00452,SKU3053,Spare Parts,05/23/2021,Wrong Item Delivered,329,3113.31,Manager_C,Processed,1024278.99,1
RET0003672,PO0023584,VND00151,SKU5832,Textiles,10/30/2022,Defective Item,387,1911.66,,Processed,739812.42,1
RET0002159,PO0008270,VND00323,SKU2192,Machinery,05/24/2021,Defective Item,156,111.78,Manager_A,Processed,17437.68,1
RET0003439,PO0023826,VND00917,SKU2598,IT Equipment,05/09/2023,Wrong Item Delivered,22,2409.56,Manager_C,Processed,53010.32,1
RET0002921,PO0017012,VND00109,SKU1500,Textiles,02/27/2021,,114,4450.8,Manager_B,Processed,507391.2,1
RET0001395,PO0008821,VND00255,SKU1196,Textiles,05/27/2024,,346,4793.15,Manager_A,Processed,1658429.9,1
RET0001200,PO0034928,VND00707,SKU3185,Raw Material,05/26/2021,Damaged Packaging,1,812.54,Manager_C,Pending,812.54,1
RET0001221,PO0046304,VND00892,SKU5964,Textiles,12/03/2022,Expired Product,14,4686.34,Manager_A,Pending,65608.76,1
RET0001127,PO0048065,VND00221,SKU4277,Electronics,07/27/2022,Wrong Quantity,18,4396.04,Manager_B,Pending,79128.72,1
RET0004150,PO0026749,VND00403,SKU1840,IT Equipment,04/19/2022,Expired Product,187,143.29,Manager_B,Processed,26795.23,1
RET0004627,PO0010442,VND00406,SKU3334,Machinery,07/31/2021,Quality Failure,210,1169.34,Manager_B,Processed,245561.4,1
RET0002204,PO0021145,VND00690,SKU1507,Textiles,07/08/2021,Damaged Packaging,466,3833.21,Manager_B,Pending,1786275.86,1
RET0003198,PO0016997,VND00637,SKU2804,Machinery,06/27/2021,Wrong Item Delivered,9,3148.03,,Processed,28332.27,1
RET0002840,PO0023463,VND00602,SKU1391,Textiles,08/27/2024,Wrong Quantity,450,2271.28,Manager_A,Rejected,1022076,1
RET0002347,PO0010182,VND00266,SKU2088,Chemicals,06/14/2022,over shipment,281,4700.88,Manager_B,Processed,1320947.28,1
RET0001473,PO0042561,VND00803,SKU2438,Textiles,02/25/2021,Defective Item,163,4348.56,,Processed,708815.28,1
RET0004200,PO0046935,VND00375,SKU3879,Electronics,08/05/2024,Expired Product,217,440.65,,Processed,95621.05,1
RET0004579,PO0039249,VND00874,SKU4309,IT Equipment,09/27/2021,Expired Product,460,4754.32,Manager_B,Processed,2186987.2,1
RET0001961,PO0012365,VND00652,SKU2414,Packaging,03/04/2021,Wrong Item Delivered,116,324.29,Manager_C,Pending,37617.64,1
RET0004027,PO0019920,VND00150,SKU4054,Textiles,08/17/2022,Wrong Item Delivered,55,323.45,Manager_A,Processed,17789.75,1
RET0002597,PO0047412,VND00255,SKU4895,Chemicals,11/12/2023,Wrong Item Delivered,436,2149.87,Manager_C,Processed,937343.32,1
RET0000864,PO0047537,VND00287,SKU4123,Packaging,12/03/2024,Defective Item,417,2237.92,,Processed,933212.64,1
RET0001940,PO0015123,VND00241,SKU1340,Machinery,09/15/2022,Defective Item,436,4602.38,Manager_A,Processed,2006637.68,1
RET0000233,PO0028745,VND00234,SKU1026,Raw Material,03/05/2021,Defective Item,272,3233.27,Manager_B,,879449.44,1
RET0002537,PO0044490,VND00861,SKU1411,Chemicals,07/27/2022,Wrong Quantity,230,3562.56,,Processed,819388.8,1
RET0002303,PO0042146,VND00542,SKU1412,Packaging,03/11/2021,Expired Product,1,1697.2,Manager_B,Processed,1697.2,1
RET0003784,PO0020999,VND00288,SKU3236,Electronics,01/05/2022,Quality Failure,29,1237.44,Manager_B,Rejected,35885.76,1
RET0002413,PO0009445,VND00681,SKU2276,Machinery,11/20/2023,Damaged Packaging,451,1990.54,,Pending,897733.54,1
RET0002474,PO0002835,VND00282,SKU2998,Raw Material,12/31/2023,Defective Item,278,1018.63,Manager_B,Processed,283179.14,1
RET0002360,PO0013635,VND00172,SKU1784,Chemicals,05/29/2021,Wrong Quantity,167,2909.04,Manager_C,Processed,485809.68,1
RET0003666,PO0049811,VND00848,SKU3992,Spare Parts,11/14/2022,Damaged Packaging,83,4412.01,,Processed,366196.83,1
RET0004164,PO0000960,VND00297,SKU2224,Machinery,11/04/2022,Wrong Quantity,247,21.43,Manager_C,Processed,5293.21,1
RET0000625,PO0023106,VND00041,SKU4981,Packaging,04/28/2024,Over Shipment,346,665.98,Manager_A,Pending,230429.08,1
RET0004730,PO0031166,VND00190,SKU3787,Machinery,03/09/2023,Wrong Quantity,328,2288.77,Manager_B,Processed,750716.56,1
RET0001259,PO0037359,VND00685,SKU3406,Raw Material,11/07/2022,Wrong Item,156,402.66,Manager_A,Pending,62814.96,1
RET0002242,PO0005427,VND00119,SKU3787,Textiles,08/30/2022,Wrong Quantity,232,4984.77,Manager_C,Pending,1156466.64,1
RET0001448,PO0010147,VND00062,SKU1675,Textiles,12/21/2023,Quality Failure,380,3639.55,Manager_C,Pending,1383029,1
RET0002476,PO0045240,VND00600,SKU1172,Packaging,01/19/2022,Wrong Item Delivered,2,2463.49,,Pending,4926.98,1
RET0001518,PO0047785,VND00470,SKU1794,IT Equipment,10/20/2023,Damaged Packaging,51,2056.8,Manager_B,Processed,104896.8,1
RET0004818,PO0005832,VND00083,SKU5064,Raw Material,11/26/2023,Over Shipment,493,3264.07,Manager_C,Rejected,1609186.51,1
RET0001108,PO0036340,VND00183,SKU2214,Raw Material,01/16/2021,Expired Product,281,864.8,,Rejected,243008.8,1
RET0004396,PO0014279,VND00107,SKU4810,Packaging,11/08/2022,Wrong Quantity,206,462.02,Manager_B,Processed,95176.12,1
RET0001491,PO0026273,VND00536,SKU1508,Spare Parts,10/26/2021,Damaged Packaging,452,3009.85,Manager_C,Processed,1360452.2,1
RET0004872,PO0011997,VND00819,SKU2498,Machinery,12/26/2021,Defective Item,20,4770.89,,Processed,95417.8,1
RET0003149,PO0033722,VND00950,SKU1282,Machinery,03/26/2021,Wrong Quantity,375,3916.94,Manager_B,Processed,1468852.5,1
RET0002700,PO0043050,VND00809,SKU3402,Raw Material,08/12/2022,Wrong Quantity,56,589.42,Manager_B,Pending,33007.52,1
RET0003816,PO0044680,VND00207,SKU2990,Chemicals,12/07/2021,Defective Item,392,1931.28,Manager_A,Processed,757061.76,1
RET0001423,PO0039761,VND00209,SKU2182,Chemicals,06/17/2023,Wrong Quantity,436,23.08,Manager_C,Processed,10062.88,1
RET0004119,PO0048863,VND00980,SKU5509,Packaging,03/01/2024,Defective Item,303,4717.04,Manager_A,Pending,1429263.12,1
RET0004391,PO0025797,VND00902,SKU1415,Spare Parts,02/20/2023,Over Shipment,137,1307.61,Manager_C,Processed,179142.57,1
RET0004220,PO0041834,VND00706,SKU5856,Packaging,01/11/2021,Defective Item,450,187.36,Manager_B,Processed,84312,1
RET0001551,PO0041333,VND00379,SKU1313,IT Equipment,05/26/2024,Expired,364,2492.44,Manager_C,Processed,907248.16,1
RET0002019,PO0028800,VND00561,SKU3393,Textiles,10/03/2021,Quality Failure,55,3191.08,,Processed,175509.4,1
RET0001460,PO0020361,VND00192,SKU2840,Raw Material,10/30/2022,Over Shipment,472,2146.13,,Pending,1012973.36,1
RET0004973,PO0027538,VND00759,SKU5513,Textiles,10/09/2023,Expired Product,204,2930.16,Manager_A,Processed,597752.64,1
RET0002317,PO0043127,VND00883,SKU1668,Chemicals,05/06/2021,Wrong Quantity,331,2585.91,Manager_C,Processed,855936.21,1
RET0004993,PO0007749,VND00132,SKU4934,Spare Parts,10/23/2021,Over Shipment,27,2904.96,Manager_B,Pending,78433.92,1
RET0003354,PO0037281,VND00230,SKU1730,IT Equipment,12/15/2022,Defective Item,465,813.95,Manager_A,Processed,378486.75,1
RET0004702,PO0011515,VND00448,SKU4551,Packaging,07/16/2021,Defective Item,258,3743.84,Manager_A,Processed,965910.72,1
RET0001084,PO0023881,VND00870,SKU4851,Packaging,03/11/2021,Over Shipment,478,1977.27,Manager_B,Pending,945135.06,1
RET0002716,PO0011928,VND00554,SKU2594,Spare Parts,12/17/2022,Damaged Packaging,387,3291.96,Manager_C,Rejected,1273988.52,1
RET0004241,PO0040006,VND00299,SKU2118,Spare Parts,03/23/2023,Defective Item,193,1117.33,Manager_A,Pending,215644.69,1
RET0002056,PO0040331,VND00428,SKU3605,Textiles,02/05/2023,Wrong Quantity,43,4872.95,Manager_A,Processed,209536.85,1
RET0001840,PO0029517,VND00203,SKU3925,Raw Material,10/12/2021,Quality Failure,246,1785.64,Manager_B,Rejected,439267.44,1
RET0003646,PO0037853,VND00076,SKU3076,Spare Parts,06/29/2024,Wrong Quantity,280,2819.95,Manager_C,Pending,789586,1
RET0002721,PO0038431,VND00046,SKU3078,Chemicals,05/30/2021,Over Shipment,398,1858.11,Manager_B,Processed,739527.78,1
RET0003980,PO0034073,VND00762,SKU1757,Packaging,11/16/2022,Expired Product,4,1547.55,Manager_C,Processed,6190.2,1
RET0004713,PO0007642,VND00399,SKU5387,Electronics,09/30/2021,,395,2968.04,,Processed,1172375.8,1
RET0002285,PO0049162,VND00389,SKU1342,Packaging,12/07/2021,Wrong Quantity,58,499.41,Manager_C,Processed,28965.78,1
RET0001090,PO0044156,VND00880,SKU5057,Electronics,09/13/2023,Wrong Quantity,486,3698.93,Manager_B,Pending,1797679.98,1
RET0000391,PO0048334,VND00427,SKU5949,Textiles,08/29/2022,Defective Item,104,2610.55,Manager_B,Pending,271497.2,1
RET0001401,PO0004287,VND00511,SKU4301,Electronics,02/24/2023,,295,915.42,Manager_C,Pending,270048.9,1
RET0000011,PO0047536,VND00906,SKU1375,IT Equipment,12/19/2021,Defective Item,223,3735.44,Manager_A,Rejected,833003.12,1
RET0001107,PO0024874,VND00786,SKU2541,Electronics,12/30/2024,Wrong Item Delivered,254,4007.73,Manager_A,Pending,1017963.42,1
RET0004587,PO0030163,VND00534,SKU5360,Chemicals,12/17/2021,Quality Failure,448,137.18,Manager_A,Processed,61456.64,1
RET0004061,PO0001968,VND00290,SKU1782,Chemicals,10/23/2023,Over Shipment,214,3849.53,,Pending,823799.42,1
RET0001953,PO0016283,VND00634,SKU2026,Packaging,09/23/2022,Expired Product,247,3723.73,Manager_A,Processed,919761.31,1
RET0000794,PO0004234,VND00101,SKU1211,IT Equipment,12/03/2023,Wrong Quantity,184,1120.32,,Processed,206138.88,1
RET0000761,PO0024241,VND00776,SKU4073,Electronics,07/30/2021,Defective Item,192,3585.87,Manager_A,Pending,688487.04,1
RET0004782,PO0036485,VND00307,SKU2764,Machinery,05/08/2022,Wrong Item Delivered,364,3516.93,Manager_A,Pending,1280162.52,1
RET0000218,PO0014136,VND00777,SKU1184,Raw Material,08/09/2022,Wrong Item Delivered,467,2381.59,Manager_C,Processed,1112202.53,1
RET0002264,PO0047273,VND00586,SKU4420,Spare Parts,02/21/2024,Wrong Quantity,325,4508.91,Manager_C,Processed,1465395.75,1
RET0001228,PO0024606,VND00698,SKU1529,Electronics,01/18/2023,Over Shipment,284,2062.25,Manager_A,Processed,585679,1
RET0002481,PO0003471,VND00327,SKU5800,IT Equipment,08/09/2021,Over Shipment,267,4773.69,,Processed,1274575.23,1
RET0003459,PO0041129,VND00653,SKU1289,Textiles,01/09/2021,Wrong Quantity,359,4401.12,Manager_A,Pending,1580002.08,1
RET0002122,PO0025946,VND00059,SKU5910,Chemicals,03/20/2022,Damaged Packaging,469,4847.26,Manager_C,Processed,2273364.94,1
RET0001866,PO0046316,VND00373,SKU2141,IT Equipment,05/28/2021,,436,2827.46,,Pending,1232772.56,1
RET0001936,PO0012876,VND00421,SKU3827,Electronics,08/16/2021,Defective Item,11,4505.36,Manager_C,Processed,49558.96,1
RET0004411,PO0024560,VND00191,SKU2361,Chemicals,01/10/2024,Wrong Item Delivered,66,2675.71,Manager_B,Processed,176596.86,1
RET0003902,PO0010844,VND00359,SKU2259,Raw Material,01/07/2023,Defective Item,42,4558.03,Manager_C,Pending,191437.26,1
RET0000472,PO0016284,VND00801,SKU3226,Machinery,07/06/2022,Over Shipment,45,293.29,Manager_C,Pending,13198.05,1
RET0000626,PO0028588,VND00511,SKU1948,Packaging,10/10/2024,Over Shipment,67,957.42,Manager_A,Processed,64147.14,1
RET0004131,PO0015197,VND00722,SKU2295,Chemicals,02/20/2023,Damaged Packaging,430,1181.45,Manager_B,Processed,508023.5,1
RET0004621,PO0001770,VND00467,SKU5660,Textiles,01/07/2021,Defective Item,428,3355.59,Manager_C,Processed,1436192.52,1
RET0002877,PO0049822,VND00868,SKU4817,Textiles,05/17/2024,Expired Product,303,4529.51,,Pending,1372441.53,1
RET0004353,PO0043863,VND00883,SKU4975,IT Equipment,12/25/2022,Damaged Packaging,243,712.41,Manager_B,Processed,173115.63,1
RET0002366,PO0020106,VND00361,SKU2916,Textiles,04/03/2024,Quality Failure,237,361.77,Manager_A,Pending,85739.49,1
RET0000581,PO0048797,VND00285,SKU3429,Spare Parts,05/17/2022,Defective Item,110,1734.65,,Processed,190811.5,1
RET0004496,PO0013281,VND00983,SKU5602,Textiles,12/06/2023,Quality Failure,56,4716.15,,Processed,264104.4,1
RET0004489,PO0048008,VND00216,SKU1956,Chemicals,07/02/2024,Defective Item,456,3125.75,,Processed,1425342,1
RET0001617,PO0030739,VND00460,SKU2330,Spare Parts,11/03/2022,Expired Product,286,4303.5,Manager_C,Pending,1230801,1
RET0002205,PO0017562,VND00045,SKU5242,Electronics,01/23/2024,Damaged Packaging,105,4698.22,,Processed,493313.1,1
RET0003374,PO0004857,VND00177,SKU1345,Spare Parts,01/10/2021,Quality Failure,122,3474.93,Manager_A,Pending,423941.46,1
RET0003636,PO0043519,VND00139,SKU3065,Raw Material,12/21/2024,Expired Product,377,4363.87,Manager_B,Pending,1645178.99,1
RET0002645,PO0038641,VND00343,SKU4745,Spare Parts,04/11/2022,Expired Product,129,4505.63,Manager_C,Processed,581226.27,1
RET0000850,PO0000340,VND00602,SKU3762,Machinery,01/26/2023,Damaged Packaging,220,3219.03,,Processed,708186.6,1
RET0000371,PO0021601,VND00686,SKU5443,Packaging,04/08/2024,Wrong Item Delivered,31,858.19,Manager_A,Processed,26603.89,1
RET0004669,PO0035984,VND00346,SKU1596,Electronics,08/06/2024,Wrong Item Delivered,8,468.84,,Processed,3750.72,1
RET0001057,PO0008500,VND00394,SKU4728,Chemicals,01/14/2021,Damaged Packaging,24,1071.98,Manager_B,Processed,25727.52,1
RET0002206,PO0031809,VND00147,SKU4309,Raw Material,12/10/2022,Wrong Quantity,306,1998.31,Manager_B,Processed,611482.86,1
RET0002872,PO0046982,VND00155,SKU1090,Machinery,03/29/2021,Quality Failure,187,3451.22,Manager_A,Processed,645378.14,1
RET0004848,PO0043772,VND00413,SKU2735,Textiles,09/12/2021,Wrong Quantity,441,2015.2,Manager_C,Processed,888703.2,1
RET0004714,PO0002284,VND00254,SKU5020,Machinery,05/31/2024,Over Shipment,423,255.97,Manager_C,Pending,108275.31,1
RET0003463,PO0046964,VND00934,SKU5287,IT Equipment,02/11/2023,Defective Item,175,2816.99,Manager_C,Processed,492973.25,1
RET0000879,PO0041675,VND00254,SKU1239,Electronics,02/18/2024,Wrong Item Delivered,227,1472.66,Manager_C,Pending,334293.82,1
RET0003064,PO0001136,VND00900,SKU5883,Raw Material,08/16/2023,Damaged Packaging,190,1053.93,Manager_B,,200246.7,1
RET0000030,PO0006737,VND00409,SKU5223,Chemicals,08/28/2024,Wrong Quantity,174,3136.03,Manager_B,Processed,545669.22,1
RET0000031,PO0044627,VND00786,SKU4524,IT Equipment,12/09/2022,Expired Product,110,1744.36,Manager_A,Processed,191879.6,1
RET0003444,PO0032702,VND00530,SKU3402,Chemicals,06/22/2024,Defective Item,395,2330.69,Manager_B,Pending,920622.55,1
RET0001325,PO0024857,VND00236,SKU4606,Textiles,09/14/2022,,358,698.51,Manager_A,Pending,250066.58,1
RET0004926,PO0023196,VND00538,SKU4010,Spare Parts,11/24/2022,Quality Failure,429,852.18,Manager_A,Rejected,365585.22,1
RET0002378,PO0043713,VND00448,SKU2094,Raw Material,10/05/2024,Defective Item,267,4763.91,Manager_A,Pending,1271963.97,1
RET0002482,PO0017548,VND00047,SKU4057,Chemicals,03/29/2021,Over Shipment,57,591.11,Manager_B,Processed,33693.27,1
RET0001609,PO0014049,VND00296,SKU2841,IT Equipment,12/27/2022,Expired Product,476,1950.45,,Pending,928414.2,1
RET0004564,PO0030156,VND00187,SKU1603,Textiles,06/08/2024,Wrong Item Delivered,21,3473.61,Manager_C,Pending,72945.81,1
RET0002566,PO0048424,VND00027,SKU2873,Machinery,09/09/2024,Expired Product,255,320.64,Manager_A,Processed,81763.2,1
RET0002833,PO0025170,VND00696,SKU5231,Chemicals,02/03/2022,Wrong Item Delivered,383,3771.57,Manager_C,Processed,1444511.31,1
RET0002720,PO0026532,VND00773,SKU2890,Spare Parts,06/12/2022,Expired,200,1468.84,Manager_C,Processed,293768,1
RET0001246,PO0016554,VND00357,SKU5749,Spare Parts,12/16/2022,Defective Item,434,1587.25,Manager_A,Processed,688866.5,1
RET0004807,PO0039317,VND00600,SKU5181,Spare Parts,09/12/2024,Quality Failure,466,2521.77,Manager_B,Processed,1175144.82,1
RET0003769,PO0048285,VND00634,SKU3776,Electronics,07/22/2024,Wrong Item Delivered,183,4620.83,,Pending,845611.89,1
RET0003216,PO0036108,VND00490,SKU3822,Machinery,04/18/2024,Expired Product,91,1625.61,Manager_B,Processed,147930.51,1
RET0004320,PO0035999,VND00264,SKU3066,Machinery,10/22/2021,Damaged Packaging,9,1319.85,Manager_A,Processed,11878.65,1
RET0003437,PO0048023,VND00018,SKU5166,Textiles,06/11/2023,Over Shipment,249,4699.19,Manager_A,Pending,1170098.31,1
RET0000610,PO0034985,VND00120,SKU4115,Textiles,06/25/2024,Wrong Quantity,287,468.05,Manager_A,Processed,134330.35,1
RET0001347,PO0007075,VND00399,SKU3176,Spare Parts,09/20/2024,Wrong Item Delivered,163,358.21,Manager_C,Processed,58388.23,1
RET0001398,PO0030498,VND00314,SKU2140,Chemicals,11/06/2021,Wrong Item Delivered,281,404.69,Manager_C,Processed,113717.89,1
RET0004569,PO0024710,VND00743,SKU2856,Packaging,07/15/2022,Expired Product,413,669.97,Manager_A,Processed,276697.61,1
RET0001222,PO0007509,VND00135,SKU4803,Packaging,10/21/2024,Wrong Quantity,412,3540.06,,,1458504.72,1
RET0004673,PO0018829,VND00619,SKU4327,Machinery,02/11/2021,Wrong Item Delivered,8,4535.78,,Pending,36286.24,1
RET0003356,PO0015808,VND00303,SKU2153,Electronics,07/17/2024,Defective Item,462,1237.28,Manager_C,Processed,571623.36,1
RET0001658,PO0041222,VND00516,SKU2264,Machinery,11/17/2022,Quality Failure,333,2491.31,,Pending,829606.23,1
RET0003891,PO0032605,VND00453,SKU2307,Electronics,11/30/2022,Wrong Item Delivered,304,3536.12,,Processed,1074980.48,1
RET0003392,PO0001369,VND00551,SKU5426,Spare Parts,06/30/2024,Defective Item,102,4602.56,,Processed,469461.12,1
RET0000042,PO0044926,VND00806,SKU2882,IT Equipment,10/16/2021,Damaged Packaging,400,4700.82,Manager_B,Rejected,1880328,1
RET0000273,PO0048389,VND00318,SKU3566,Raw Material,09/01/2021,Defective Item,166,3197.11,Manager_B,Pending,530720.26,1
RET0002188,PO0029429,VND00701,SKU1108,Raw Material,08/29/2022,Wrong Quantity,372,3465.57,Manager_C,Pending,1289192.04,1
RET0000118,PO0041377,VND00294,SKU5245,Chemicals,08/30/2024,Quality Failure,13,3821.2,,Processed,49675.6,1
RET0004888,PO0035421,VND00194,SKU1467,Textiles,03/23/2023,Wrong Quantity,54,2511.47,Manager_C,Pending,135619.38,1
RET0000618,PO0008966,VND00622,SKU4837,Textiles,01/16/2023,Quality Failure,85,2225.47,Manager_A,Processed,189164.95,1
RET0001049,PO0043931,VND00612,SKU3742,Packaging,12/23/2023,Quality Failure,50,469.66,Manager_B,Processed,23483,1
RET0004946,PO0026856,VND00671,SKU5627,Textiles,08/16/2021,Over Shipment,88,4913.72,,Processed,432407.36,1
RET0002423,PO0026891,VND00834,SKU4401,IT Equipment,09/12/2023,Damaged Packaging,266,4796.07,Manager_A,Processed,1275754.62,1
RET0004059,PO0044336,VND00130,SKU1418,Machinery,06/09/2024,Wrong Item Delivered,345,3163.18,Manager_A,Rejected,1091297.1,1
RET0001413,PO0018698,VND00067,SKU2774,Packaging,06/29/2021,,379,1036.67,,Processed,392897.93,1
RET0000162,PO0019793,VND00612,SKU2563,Raw Material,10/25/2024,Wrong Item Delivered,380,2445.75,,Processed,929385,1
RET0002622,PO0019528,VND00299,SKU5811,Textiles,03/26/2024,,481,3422.09,Manager_C,,1646025.29,1
RET0000394,PO0015681,VND00746,SKU1791,Raw Material,04/01/2021,Expired Product,143,3038.68,Manager_B,Rejected,434531.24,1
RET0002651,PO0044424,VND00661,SKU1738,Machinery,03/19/2024,Expired Product,181,33.66,Manager_A,Processed,6092.46,1
RET0001760,PO0033336,VND00981,SKU3143,Packaging,10/19/2023,Expired Product,315,1479.79,Manager_B,Processed,466133.85,1
RET0004062,PO0003644,VND00050,SKU2255,Chemicals,03/28/2022,Expired Product,100,3401.67,Manager_C,Pending,340167,1
RET0001434,PO0046296,VND00161,SKU1305,Machinery,07/18/2023,Damaged Packaging,378,2052.95,Manager_C,Pending,776015.1,1
RET0003174,PO0032417,VND00810,SKU5029,IT Equipment,12/29/2021,Damaged Packaging,38,1617.44,Manager_A,Processed,61462.72,1
RET0004509,PO0019047,VND00472,SKU1599,Packaging,02/08/2024,Quality Failure,469,3218.31,Manager_C,Processed,1509387.39,1
RET0000933,PO0023818,VND00901,SKU2845,Textiles,01/08/2024,Quality Failure,317,3708.77,Manager_B,,1175680.09,1
RET0001496,PO0030857,VND00139,SKU4316,Textiles,03/19/2022,Quality Failure,278,4870.49,,Pending,1353996.22,1
RET0003364,PO0046918,VND00464,SKU3407,Electronics,12/17/2023,Over Shipment,181,2707.37,,Processed,490033.97,1
RET0003479,PO0022021,VND00108,SKU2849,Chemicals,01/06/2021,Wrong Item,347,1545.82,Manager_A,Pending,536399.54,1
RET0001147,PO0029060,VND00586,SKU4016,Textiles,07/02/2021,Over Shipment,12,1074.07,Manager_A,Processed,12888.84,1
RET0002830,PO0040915,VND00913,SKU5385,Textiles,12/06/2021,Expired Product,177,2430.87,Manager_B,Pending,430263.99,1
RET0001647,PO0018951,VND00399,SKU4750,Electronics,04/03/2022,Quality Failure,345,1848.37,,Pending,637687.65,1
RET0004721,PO0022249,VND00919,SKU1743,Textiles,04/29/2023,Over Shipment,222,221.72,Manager_B,Processed,49221.84,1
RET0000372,PO0017988,VND00732,SKU4594,Machinery,11/22/2023,Quality Failure,85,2675.94,,Processed,227454.9,1
RET0003630,PO0026051,VND00833,SKU2710,Spare Parts,03/17/2024,Over Shipment,388,4073.31,Manager_B,Pending,1580444.28,1
RET0002624,PO0030334,VND00129,SKU1675,Electronics,07/01/2023,Quality Failure,104,4112.04,Manager_B,Processed,427652.16,1
RET0000410,PO0043638,VND00262,SKU4382,Machinery,04/08/2022,Damaged Packaging,376,2663.7,,Pending,1001551.2,1
RET0002136,PO0028398,VND00792,SKU1135,Spare Parts,08/13/2021,,405,3279.71,,Processed,1328282.55,1
RET0003586,PO0035648,VND00665,SKU1781,Raw Material,05/17/2023,Defective Item,465,3408.54,Manager_A,Pending,1584971.1,1
RET0004136,PO0009148,VND00878,SKU5356,Electronics,02/25/2022,Damaged Packaging,138,4278.77,Manager_C,Pending,590470.26,1
RET0003690,PO0032047,VND00685,SKU1315,Electronics,10/03/2021,Expired Product,98,3758.31,Manager_C,Processed,368314.38,1
RET0000619,PO0017945,VND00592,SKU5971,Machinery,02/29/2024,Wrong Quantity,154,653.02,Manager_B,Pending,100565.08,1
RET0001519,PO0039623,VND00159,SKU2314,Electronics,09/17/2022,Wrong Item Delivered,107,3402.05,,Pending,364019.35,1
RET0002511,PO0049177,VND00011,SKU4578,Electronics,03/29/2023,Defective Item,140,4021.48,Manager_A,Rejected,563007.2,1
RET0001983,PO0037272,VND00940,SKU5348,Packaging,11/19/2021,Wrong Item Delivered,395,2652.34,Manager_B,Processed,1047674.3,1
RET0002094,PO0009310,VND00154,SKU4311,Spare Parts,02/09/2023,Wrong Item Delivered,124,3429.09,Manager_B,Pending,425207.16,1
RET0000283,PO0015730,VND00501,SKU4551,Machinery,04/19/2022,Wrong Quantity,331,3782.13,Manager_A,Processed,1251885.03,1
RET0002947,PO0015779,VND00204,SKU2706,Spare Parts,04/13/2022,Quality Failure,30,3794.27,,Pending,113828.1,1
RET0001492,PO0041261,VND00396,SKU2438,Machinery,07/11/2021,Wrong Quantity,340,4042.16,Manager_B,Processed,1374334.4,1
RET0001780,PO0009210,VND00127,SKU4406,Packaging,01/31/2022,Wrong Quantity,408,3247.19,Manager_C,Rejected,1324853.52,1
RET0004763,PO0033731,VND00841,SKU2681,Electronics,09/12/2021,,167,3133.71,Manager_A,Processed,523329.57,1
RET0002968,PO0019922,VND00455,SKU3223,Packaging,04/05/2024,Quality Failure,138,2148.29,Manager_B,,296464.02,1
RET0000075,PO0042656,VND00760,SKU2506,Machinery,08/14/2021,Quality Failure,315,1886.27,Manager_B,Processed,594175.05,1
RET0000281,PO0011202,VND00529,SKU5877,Raw Material,11/13/2021,Defective Item,492,4978.02,Manager_A,Processed,2449185.84,1
RET0001072,PO0009211,VND00990,SKU2797,Textiles,08/03/2022,Wrong Item Delivered,28,4109.34,,Processed,115061.52,1
RET0000900,PO0012245,VND00375,SKU5659,Machinery,08/14/2021,Wrong Quantity,230,1438.58,Manager_B,Pending,330873.4,1
RET0000165,PO0044239,VND00677,SKU4398,Spare Parts,06/05/2023,Damaged Packaging,239,1657.21,Manager_B,Pending,396073.19,1
RET0000381,PO0021111,VND00796,SKU2277,Electronics,09/18/2023,Expired,80,407.72,Manager_C,Rejected,32617.6,1
RET0004886,PO0011003,VND00654,SKU3144,Raw Material,06/23/2022,Defective Item,179,324.49,,Processed,58083.71,1
RET0000217,PO0027876,VND00496,SKU1477,IT Equipment,06/17/2022,Damaged Packaging,143,4894.42,Manager_C,Processed,699902.06,1
RET0003639,PO0009602,VND00379,SKU3185,Electronics,10/19/2024,Wrong Quantity,123,1533.27,Manager_A,Processed,188592.21,1
RET0004664,PO0046947,VND00369,SKU5315,Spare Parts,11/17/2023,Wrong Item Delivered,162,3501.55,Manager_B,Processed,567251.1,1
RET0001470,PO0017043,VND00880,SKU4668,Spare Parts,09/03/2021,Wrong Item Delivered,26,1528.53,,Processed,39741.78,1
RET0004521,PO0022933,VND00767,SKU1100,IT Equipment,08/30/2023,Over Shipment,87,2892.14,Manager_C,Pending,251616.18,1
RET0003754,PO0040229,VND00545,SKU4207,Spare Parts,06/17/2023,Damaged Packaging,473,1148.02,Manager_C,Processed,543013.46,1
RET0000777,PO0034387,VND00262,SKU1889,Machinery,03/10/2022,Wrong Quantity,297,1019.42,,Processed,302767.74,1
RET0004021,PO0011875,VND00534,SKU4372,Chemicals,07/27/2021,Over Shipment,399,2446.46,,Processed,976137.54,1
RET0000199,PO0033719,VND00027,SKU5299,Chemicals,08/31/2021,Wrong Item Delivered,239,4064.95,Manager_C,Pending,971523.05,1
RET0000776,PO0025635,VND00871,SKU3746,Chemicals,07/13/2022,Wrong Quantity,223,71.93,,Processed,16040.39,1
RET0000244,PO0034996,VND00100,SKU3656,Spare Parts,11/30/2024,Expired,54,4469.12,Manager_B,Processed,241332.48,1
RET0000214,PO0016895,VND00784,SKU4269,Chemicals,02/27/2022,Defective Item,190,262.08,Manager_C,Pending,49795.2,1
RET0004000,PO0038969,VND00944,SKU2892,IT Equipment,02/09/2022,Quality Failure,122,4613.29,Manager_C,Processed,562821.38,1
RET0001590,PO0003436,VND00366,SKU3324,Machinery,12/06/2023,Quality Failure,64,4079.72,,Pending,261102.08,1
RET0003603,PO0049171,VND00417,SKU1472,Packaging,07/19/2021,Wrong Item Delivered,364,3833.78,,Pending,1395495.92,1
RET0000330,PO0043033,VND00279,SKU4517,IT Equipment,02/04/2022,Wrong Item Delivered,23,1827,Manager_C,Processed,42021,1
RET0004139,PO0010771,VND00743,SKU3963,Raw Material,12/01/2021,Damaged Packaging,368,931.88,Manager_C,Pending,342931.84,1
RET0001074,PO0031734,VND00342,SKU5470,Spare Parts,08/25/2024,Over Shipment,348,2067.34,Manager_B,Processed,719434.32,1
RET0003592,PO0039923,VND00158,SKU4315,Electronics,08/22/2022,Quality Failure,27,2081.56,,Processed,56202.12,1
RET0004013,PO0049369,VND00843,SKU3520,Textiles,03/21/2024,,288,1168.95,Manager_A,Pending,336657.6,1
RET0004397,PO0000819,VND00836,SKU3809,Spare Parts,08/03/2024,Damaged Packaging,1,1180.58,Manager_A,Rejected,1180.58,1
RET0003775,PO0031028,VND00539,SKU3743,Electronics,04/02/2022,Wrong Quantity,10,2094.5,Manager_A,Pending,20945,1
RET0004426,PO0020709,VND00025,SKU3188,Textiles,11/17/2021,Wrong Quantity,409,345.97,,Pending,141501.73,1
RET0001119,PO0010897,VND00897,SKU4658,Machinery,01/17/2023,Wrong Quantity,31,4064.98,Manager_A,Processed,126014.38,1
RET0004309,PO0018279,VND00444,SKU2520,IT Equipment,11/07/2024,Damaged Packaging,446,778.1,Manager_B,Processed,347032.6,1
RET0002528,PO0016330,VND00303,SKU2469,Machinery,12/30/2021,Quality Failure,433,1328.19,,Processed,575106.27,1
RET0003070,PO0025618,VND00983,SKU1959,Spare Parts,06/22/2022,Wrong Quantity,403,2598.69,Manager_C,Pending,1047272.07,1
RET0004619,PO0012006,VND00786,SKU1993,IT Equipment,06/09/2022,Expired Product,415,2222.68,,Pending,922412.2,1
RET0001323,PO0040835,VND00393,SKU2440,IT Equipment,08/20/2023,Quality Failure,453,191.53,Manager_C,Processed,86763.09,1
RET0000494,PO0007782,VND00460,SKU1098,Raw Material,05/28/2023,Quality Failure,313,887.02,Manager_B,Pending,277637.26,1
RET0003951,PO0005520,VND00668,SKU2523,Electronics,06/13/2022,Quality Failure,183,1883.19,,Pending,344623.77,1
RET0000308,PO0016575,VND00200,SKU2536,Electronics,09/05/2021,Defective Item,339,3201.25,Manager_A,Processed,1085223.75,1
RET0002293,PO0029354,VND00987,SKU5591,Textiles,10/17/2022,Over Shipment,194,3296.9,Manager_A,Processed,639598.6,1
RET0003846,PO0033290,VND00957,SKU2218,Textiles,12/15/2024,Expired Product,11,2472.77,,Processed,27200.47,1
RET0000718,PO0031230,VND00519,SKU4750,Spare Parts,11/17/2022,Wrong Quantity,136,4988.24,Manager_C,Pending,678400.64,1
RET0004143,PO0043837,VND00297,SKU5723,Spare Parts,01/24/2021,Quality Failure,2,2870.8,Manager_C,Processed,5741.6,1
RET0002602,PO0008327,VND00781,SKU3581,IT Equipment,01/01/2024,Defective Item,77,1118.01,Manager_A,Processed,86086.77,1
RET0001201,PO0046445,VND00932,SKU3663,Electronics,04/07/2021,Wrong Item Delivered,159,1822.02,Manager_B,Processed,289701.18,1
RET0003202,PO0047349,VND00417,SKU1428,Textiles,03/18/2022,Wrong Item Delivered,433,1077.38,Manager_B,Processed,466505.54,1
RET0001883,PO0044851,VND00249,SKU5285,Textiles,01/10/2024,Over Shipment,278,2735.61,Manager_A,Processed,760499.58,1
RET0001170,PO0049952,VND00775,SKU5442,IT Equipment,10/10/2021,Wrong Item Delivered,322,4126.18,,Pending,1328629.96,1
RET0000870,PO0027278,VND00315,SKU4478,Raw Material,07/18/2023,Wrong Quantity,103,1878.77,,Processed,193513.31,1
RET0004286,PO0040045,VND00992,SKU2348,Machinery,08/18/2024,Expired product,299,2152.56,,Pending,643615.44,1
RET0002829,PO0017039,VND00809,SKU1026,Spare Parts,05/23/2023,Defective Item,348,3718.79,,Processed,1294138.92,1
RET0001268,PO0005299,VND00810,SKU2741,Textiles,06/06/2022,Wrong Quantity,424,1576.04,Manager_C,Pending,668240.96,1
RET0000084,PO0024538,VND00492,SKU1717,Textiles,07/26/2024,Quality Failure,214,3976.57,,Processed,850985.98,1
RET0004268,PO0034683,VND00018,SKU3077,Spare Parts,03/02/2024,Defective Item,406,2630.29,,Rejected,1067897.74,1
RET0003873,PO0022516,VND00049,SKU3457,IT Equipment,09/05/2021,Damaged Packaging,85,645.36,,Processed,54855.6,1
RET0001349,PO0049319,VND00696,SKU5752,Machinery,12/15/2024,Wrong Quantity,295,3878.92,Manager_C,Processed,1144281.4,1
RET0000887,PO0009698,VND00177,SKU5958,Machinery,10/29/2023,Over Shipment,356,663.26,Manager_C,Pending,236120.56,1
RET0004747,PO0033588,VND00711,SKU2544,Packaging,10/27/2021,Damaged Packaging,180,1211.55,Manager_C,Pending,218079,1
RET0004719,PO0001590,VND00510,SKU4238,Electronics,02/11/2022,Wrong Item Delivered,36,4983.67,Manager_C,Pending,179412.12,1
RET0004393,PO0014169,VND00919,SKU1054,Electronics,06/15/2022,Damaged Packaging,419,4273.93,Manager_A,Processed,1790776.67,1
RET0004989,PO0047329,VND00418,SKU5026,Packaging,09/02/2024,Defective Item,49,1716.58,Manager_C,Processed,84112.42,1
RET0002750,PO0038413,VND00429,SKU2584,Electronics,11/11/2024,Expired Product,54,3651.03,,Pending,197155.62,1
RET0003848,PO0039262,VND00253,SKU2954,Chemicals,04/16/2024,Expired Product,236,3471.45,Manager_B,Processed,819262.2,1
RET0004328,PO0020086,VND00360,SKU3066,Packaging,05/24/2024,Defective Item,405,2705.21,Manager_A,Processed,1095610.05,1
RET0001318,PO0030620,VND00958,SKU4580,Machinery,04/21/2024,Wrong Quantity,8,2535.99,Manager_A,Rejected,20287.92,1
RET0003943,PO0001732,VND00053,SKU3571,IT Equipment,10/03/2024,Expired Product,9,2117.02,,Processed,19053.18,1
RET0002569,PO0049015,VND00464,SKU5961,IT Equipment,01/24/2021,Damaged Packaging,276,1797.77,Manager_B,Pending,496184.52,1
RET0000977,PO0018173,VND00462,SKU2733,Spare Parts,03/20/2023,Expired Product,464,4034.39,,Pending,1871956.96,1
RET0003751,PO0023379,VND00341,SKU3782,Chemicals,07/22/2022,Defective Item,89,2065.97,Manager_C,Rejected,183871.33,1
RET0003755,PO0041437,VND00327,SKU5128,IT Equipment,12/07/2024,Over Shipment,279,4965.67,,Pending,1385421.93,1
RET0004018,PO0009965,VND00624,SKU2572,Electronics,06/25/2022,Over Shipment,68,2871.12,Manager_A,Processed,195236.16,1
RET0004467,PO0005349,VND00714,SKU1980,IT Equipment,06/05/2022,Quality Failure,459,2841.6,Manager_B,Pending,1304294.4,1
RET0002790,PO0049735,VND00561,SKU3632,Machinery,01/02/2023,Damaged Packaging,90,1469.35,Manager_C,Processed,132241.5,1
RET0001075,PO0007794,VND00208,SKU3387,Textiles,01/02/2023,Wrong Quantity,91,1010.74,Manager_C,Pending,91977.34,1
RET0001939,PO0048880,VND00449,SKU4293,Textiles,03/15/2021,Quality Failure,315,688.28,,Pending,216808.2,1
RET0001506,PO0047609,VND00536,SKU1144,Raw Material,07/19/2024,Wrong Item Delivered,113,1920.46,Manager_C,Processed,217011.98,1
RET0000546,PO0004317,VND00427,SKU2936,Spare Parts,12/18/2021,Defective Item,144,3695.64,,Pending,532172.16,1
RET0004033,PO0036065,VND00234,SKU3594,Spare Parts,09/30/2023,Damaged Packaging,310,221.17,Manager_A,Processed,68562.7,1
RET0002501,PO0036011,VND00723,SKU4438,Textiles,06/27/2023,Defective Item,426,3014.4,Manager_B,Processed,1284134.4,1
RET0004678,PO0044923,VND00846,SKU5144,Electronics,12/24/2023,Quality Failure,144,3501.62,Manager_A,Rejected,504233.28,1
RET0003404,PO0029048,VND00519,SKU2124,Machinery,06/18/2022,Damaged Packaging,165,3923.29,,Processed,647342.85,1
RET0002149,PO0013977,VND00558,SKU5997,Machinery,12/01/2021,Expired Product,305,4314.29,Manager_C,,1315858.45,1
RET0003403,PO0049632,VND00155,SKU3765,Packaging,07/14/2023,Expired Product,325,690.68,Manager_A,Pending,224471,1
RET0001729,PO0018753,VND00862,SKU1394,Textiles,04/23/2021,Damaged Packaging,156,1243.21,,Pending,193940.76,1
RET0003288,PO0021417,VND00794,SKU5931,Machinery,07/26/2023,Over Shipment,71,4602.63,,Processed,326786.73,1
RET0004724,PO0042593,VND00715,SKU1148,Chemicals,12/05/2023,Defective Item,39,566.18,Manager_C,Processed,22081.02,1
RET0001431,PO0047673,VND00675,SKU3388,Raw Material,06/20/2023,Quality Failure,94,1127.86,,Pending,106018.84,1
RET0004790,PO0035271,VND00237,SKU1699,IT Equipment,02/09/2024,Over Shipment,481,410.73,Manager_A,Pending,197561.13,1
RET0001435,PO0032807,VND00589,SKU1638,Chemicals,10/27/2024,Expired Product,172,87.97,Manager_C,Pending,15130.84,1
RET0004229,PO0006355,VND00596,SKU4148,Machinery,10/06/2021,Over Shipment,492,1716.87,Manager_A,Processed,844700.04,1
RET0000950,PO0008497,VND00886,SKU5940,IT Equipment,08/30/2023,Wrong Item Delivered,111,2522.93,Manager_A,,280045.23,1
RET0002444,PO0010366,VND00016,SKU5967,Raw Material,05/29/2022,Over Shipment,364,1788.74,,Rejected,651101.36,1
RET0002906,PO0036492,VND00771,SKU1611,Packaging,08/08/2023,Wrong Quantity,296,1166.31,Manager_C,Pending,345227.76,1
RET0001806,PO0023080,VND00788,SKU5614,Raw Material,11/03/2021,,85,930.28,Manager_B,Processed,79073.8,1
RET0000300,PO0035158,VND00313,SKU3006,Textiles,07/08/2022,Damaged Packaging,119,772.47,Manager_B,Processed,91923.93,1
RET0003090,PO0037121,VND00655,SKU5222,Machinery,01/08/2023,Wrong Quantity,460,3375.66,Manager_A,Processed,1552803.6,1
RET0000942,PO0041812,VND00657,SKU5048,Raw Material,10/09/2023,Over Shipment,276,1086.34,Manager_C,Processed,299829.84,1
RET0004648,PO0046116,VND00851,SKU1396,Packaging,08/11/2023,Wrong Item Delivered,380,447.09,Manager_A,Processed,169894.2,1
RET0003772,PO0005554,VND00904,SKU4446,Chemicals,09/07/2021,Over Shipment,252,4547.11,Manager_C,Pending,1145871.72,1
RET0003537,PO0005087,VND00574,SKU4422,Electronics,08/08/2022,Defective Item,364,4896.71,Manager_A,Processed,1782402.44,1
RET0002333,PO0016533,VND00793,SKU1257,IT Equipment,11/23/2024,Quality Failure,102,4145.27,Manager_B,Pending,422817.54,1
RET0003408,PO0049410,VND00471,SKU5194,Raw Material,02/24/2024,Over Shipment,49,1103.11,,Pending,54052.39,1
RET0004729,PO0008313,VND00687,SKU1398,IT Equipment,03/05/2023,Quality Failure,48,2990.95,,Processed,143565.6,1
RET0002992,PO0039322,VND00347,SKU2056,Machinery,01/06/2024,,220,4067.68,Manager_A,Pending,894889.6,1
RET0002658,PO0007522,VND00333,SKU5514,Machinery,04/27/2021,Over Shipment,267,4933.65,Manager_C,Pending,1317284.55,1
RET0000024,PO0033513,VND00128,SKU2318,Raw Material,06/17/2024,Defective Item,147,2419.6,Manager_C,Processed,355681.2,1
RET0002235,PO0046328,VND00657,SKU1789,Machinery,12/04/2021,Defective Item,84,4106.05,Manager_B,Pending,344908.2,1
RET0001778,PO0044013,VND00641,SKU3276,Machinery,05/09/2021,Over Shipment,382,2618.91,,Processed,1000423.62,1
RET0001436,PO0023166,VND00176,SKU3322,IT Equipment,04/21/2021,Expired Product,397,2952.05,Manager_B,Processed,1171963.85,1
RET0000815,PO0003061,VND00697,SKU2776,Chemicals,08/02/2021,Quality Failure,140,1366.67,Manager_C,Processed,191333.8,1
RET0003647,PO0010520,VND00166,SKU1049,Packaging,11/07/2024,Quality Failure,194,1078.66,Manager_A,Processed,209260.04,1
RET0000885,PO0045966,VND00265,SKU1045,Electronics,01/14/2021,Damaged Packaging,185,2726.17,Manager_B,Processed,504341.45,1
RET0004736,PO0001862,VND00109,SKU1371,Machinery,09/28/2021,Expired Product,447,4240.17,Manager_C,,1895355.99,1
RET0004514,PO0034055,VND00478,SKU1998,Electronics,12/23/2024,Wrong Item Delivered,66,1944.66,Manager_C,Processed,128347.56,1
RET0004833,PO0011361,VND00355,SKU2934,Packaging,04/09/2022,Wrong Item Delivered,250,185.3,,Processed,46325,1
RET0001801,PO0023291,VND00081,SKU4815,Chemicals,11/11/2024,Wrong Quantity,433,66.69,Manager_C,Processed,28876.77,1
RET0004342,PO0033458,VND00209,SKU1361,Spare Parts,08/06/2024,Expired Product,121,2560.84,Manager_B,Processed,309861.64,1
RET0003914,PO0029250,VND00037,SKU5913,Spare Parts,07/14/2022,Damaged Packaging,121,2118.96,Manager_A,Pending,256394.16,1
RET0002927,PO0011658,VND00723,SKU1760,IT Equipment,05/13/2021,Quality Failure,334,1861.61,Manager_B,Processed,621777.74,1
RET0002934,PO0019333,VND00553,SKU5294,Electronics,10/09/2022,Wrong Quantity,120,3117.83,Manager_A,Pending,374139.6,1
RET0002387,PO0004395,VND00362,SKU5529,Packaging,10/01/2021,Wrong Quantity,306,499.36,Manager_C,Pending,152804.16,1
RET0000380,PO0026970,VND00951,SKU3166,IT Equipment,09/13/2023,Expired Product,40,4206.47,,Processed,168258.8,1
RET0000919,PO0007060,VND00987,SKU3926,Spare Parts,02/13/2022,Quality Failure,112,2388.95,Manager_B,Processed,267562.4,1
RET0000097,PO0048296,VND00828,SKU5323,Machinery,04/22/2023,Defective Item,13,3485.99,Manager_A,Rejected,45317.87,1
RET0004707,PO0042707,VND00458,SKU1320,Packaging,12/19/2023,Defective Item,282,819.15,,Processed,231000.3,1
RET0003497,PO0019862,VND00205,SKU4617,Raw Material,07/01/2023,Damaged Packaging,435,3957.72,Manager_B,,1721608.2,1
RET0001018,PO0047861,VND00220,SKU2609,Raw Material,04/24/2024,Expired Product,439,2217.51,Manager_C,Processed,973486.89,1
RET0001428,PO0039489,VND00954,SKU2278,Chemicals,07/02/2021,Expired Product,99,1344.64,,Processed,133119.36,1
RET0001927,PO0013130,VND00334,SKU1962,Machinery,08/17/2024,Over Shipment,170,3020.82,Manager_B,Processed,513539.4,1
RET0002785,PO0004289,VND00918,SKU3107,Spare Parts,09/12/2024,Over Shipment,143,4968.76,Manager_A,Processed,710532.68,1
RET0004048,PO0001595,VND00604,SKU5243,IT Equipment,02/18/2022,Damaged Packaging,392,2335.68,Manager_B,Pending,915586.56,1
RET0001881,PO0035731,VND00189,SKU3869,Spare Parts,01/22/2023,,254,3311.96,,Pending,841237.84,1
RET0001095,PO0022973,VND00861,SKU1744,Electronics,05/08/2022,Expired Product,421,4296.32,Manager_A,Processed,1808750.72,1
RET0001403,PO0001738,VND00155,SKU5666,Spare Parts,03/07/2021,Quality Failure,235,1523.09,,Processed,357926.15,1
RET0004190,PO0005581,VND00968,SKU3371,Textiles,03/28/2024,Damaged Packaging,479,1062.04,Manager_A,Processed,508717.16,1
RET0002459,PO0000081,VND00882,SKU4501,Raw Material,02/14/2024,Wrong Quantity,311,1683.23,Manager_C,Pending,523484.53,1
RET0004956,PO0000137,VND00105,SKU3537,Spare Parts,07/22/2021,Wrong Item Delivered,53,271.7,Manager_C,Pending,14400.1,1
RET0002327,PO0027378,VND00070,SKU2889,Packaging,01/31/2021,Wrong Quantity,73,3598.74,Manager_C,Rejected,262708.02,1
RET0000803,PO0030764,VND00839,SKU3825,Packaging,09/17/2021,Expired Product,400,1604.65,Manager_A,Processed,641860,1
RET0002310,PO0039398,VND00668,SKU2884,IT Equipment,11/15/2021,Expired Product,51,793.25,Manager_A,Processed,40455.75,1
RET0004015,PO0004843,VND00758,SKU5976,Machinery,01/11/2023,Expired Product,481,2084.21,Manager_C,Pending,1002505.01,1
RET0001525,PO0012903,VND00596,SKU3182,Packaging,05/22/2023,Quality Failure,376,1306.92,,Processed,491401.92,1
RET0000473,PO0040061,VND00259,SKU5070,Machinery,04/01/2022,Defective Item,444,4297.35,Manager_C,Processed,1908023.4,1
RET0004216,PO0013939,VND00795,SKU5701,Machinery,05/19/2021,Wrong Quantity,18,1649.34,Manager_A,Pending,29688.12,1
RET0003151,PO0029920,VND00182,SKU3246,Spare Parts,03/23/2023,Wrong Quantity,252,1035.19,Manager_C,Pending,260867.88,1
RET0000962,PO0009458,VND00037,SKU3329,IT Equipment,01/01/2023,Wrong Quantity,232,3644.1,Manager_C,Processed,845431.2,1
RET0004823,PO0038688,VND00954,SKU5079,Textiles,09/12/2022,Wrong Quantity,68,472.33,,Processed,32118.44,1
RET0004218,PO0012128,VND00679,SKU2870,Packaging,12/30/2022,Quality Failure,203,822.87,Manager_A,Processed,167042.61,1
RET0000956,PO0008180,VND00446,SKU3491,Electronics,04/28/2022,Damaged Packaging,177,94.76,Manager_C,Pending,16772.52,1
RET0002559,PO0014648,VND00195,SKU1241,Electronics,06/09/2022,Defective Item,76,372.36,Manager_A,Processed,28299.36,1
RET0000662,PO0028101,VND00829,SKU1853,IT Equipment,07/03/2022,Over Shipment,402,2462.97,Manager_C,Pending,990113.94,1
RET0003234,PO0045836,VND00604,SKU5101,Spare Parts,05/10/2022,Wrong Item Delivered,169,3716.71,Manager_C,Processed,628123.99,1
RET0003259,PO0011296,VND00102,SKU1045,Textiles,10/06/2022,Wrong Quantity,405,2200.27,Manager_B,Rejected,891109.35,1
RET0002355,PO0033394,VND00943,SKU5013,Spare Parts,03/28/2023,Wrong Quantity,353,4265.11,Manager_A,Pending,1505583.83,1
RET0001165,PO0048302,VND00009,SKU1605,Electronics,07/11/2024,Defective Item,348,4557.22,Manager_C,Processed,1585912.56,1
RET0002620,PO0007133,VND00501,SKU5268,Spare Parts,05/06/2021,Expired,121,196.76,Manager_B,Processed,23807.96,1
RET0004697,PO0039326,VND00304,SKU1761,Textiles,01/08/2024,Damaged Packaging,14,4012.57,,Processed,56175.98,1
RET0004996,PO0032846,VND00678,SKU4053,Raw Material,01/31/2024,Damaged Packaging,442,1528.26,Manager_C,Processed,675490.92,1
RET0001030,PO0035244,VND00924,SKU1312,Chemicals,07/02/2021,Damaged Packaging,134,3580.76,Manager_A,Pending,479821.84,1
RET0002398,PO0011821,VND00766,SKU3525,Raw Material,12/20/2021,Over Shipment,317,4982.39,,Processed,1579417.63,1
RET0001490,PO0026347,VND00477,SKU3368,Packaging,11/17/2022,Wrong Item Delivered,74,2502.57,Manager_A,Processed,185190.18,1
RET0000539,PO0029844,VND00877,SKU2310,Chemicals,11/03/2024,Wrong Quantity,390,4927.8,,Processed,1921842,1
RET0000256,PO0009293,VND00030,SKU3381,Raw Material,12/25/2021,Wrong Quantity,28,2709.89,,Processed,75876.92,1
RET0000462,PO0000442,VND00388,SKU1174,Textiles,11/08/2022,Defective Item,304,1778.4,Manager_B,Processed,540633.6,1
RET0000125,PO0026112,VND00091,SKU2913,Raw Material,08/07/2024,Quality Failure,69,2390.11,Manager_A,Pending,164917.59,1
RET0001933,PO0034750,VND00290,SKU1340,Textiles,09/19/2023,Over Shipment,242,25.3,Manager_A,Processed,6122.6,1
RET0002956,PO0034037,VND00340,SKU3625,Spare Parts,10/27/2022,Damaged Packaging,389,1947.65,Manager_C,Rejected,757635.85,1
RET0004346,PO0039765,VND00071,SKU2206,Textiles,06/14/2024,Wrong Item Delivered,144,2587.11,Manager_C,Pending,372543.84,1
RET0004557,PO0032123,VND00589,SKU2232,IT Equipment,10/23/2022,Damaged Packaging,150,2701.25,Manager_A,Pending,405187.5,1
RET0002988,PO0048230,VND00935,SKU5612,Textiles,07/31/2022,Quality Failure,277,3727.94,Manager_C,Processed,1032639.38,1
RET0003945,PO0004966,VND00513,SKU3571,Raw Material,04/27/2021,Wrong Item Delivered,238,1781.9,Manager_A,Processed,424092.2,1
RET0002935,PO0015920,VND00114,SKU2505,Spare Parts,06/27/2022,Defective Item,170,401.52,Manager_C,Processed,68258.4,1
RET0002485,PO0025375,VND00189,SKU2417,Electronics,10/25/2021,Damaged Packaging,208,1206.37,Manager_C,Pending,250924.96,1
RET0001275,PO0018927,VND00806,SKU1122,Textiles,04/11/2022,Expired Product,318,3560.63,Manager_A,Pending,1132280.34,1
RET0002836,PO0005363,VND00165,SKU4782,Electronics,05/13/2023,Damaged Packaging,333,2907.26,Manager_A,Processed,968117.58,1
RET0002337,PO0004393,VND00975,SKU5876,Spare Parts,08/21/2022,Over Shipment,239,3928.14,,Processed,938825.46,1
RET0004314,PO0032555,VND00827,SKU1225,IT Equipment,12/08/2022,Wrong Item Delivered,391,1996.84,Manager_C,Processed,780764.44,1
RET0000076,PO0021645,VND00057,SKU2989,Packaging,05/21/2024,Wrong Quantity,192,4702,,Processed,902784,1
RET0003019,PO0004044,VND00058,SKU1870,Electronics,01/11/2021,Wrong Quantity,249,4858.68,,Processed,1209811.32,1
RET0004642,PO0001320,VND00651,SKU2646,Electronics,02/24/2021,Wrong Item Delivered,104,3687.21,Manager_A,Pending,383469.84,1
RET0001445,PO0017866,VND00360,SKU1255,Electronics,01/31/2023,Defective Item,197,2075.75,Manager_A,Pending,408922.75,1
RET0001211,PO0048409,VND00230,SKU1222,Packaging,04/12/2022,Over Shipment,432,2315.23,,Pending,1000179.36,1
RET0004158,PO0045420,VND00192,SKU4426,Machinery,01/10/2024,Defective Item,103,1601.89,,Processed,164994.67,1
RET0004183,PO0018179,VND00287,SKU3044,Textiles,08/13/2023,Defective Item,218,2303.87,Manager_B,Rejected,502243.66,1
RET0000733,PO0035282,VND00605,SKU5387,Spare Parts,09/14/2021,Over Shipment,292,3408.7,Manager_B,Processed,995340.4,1
RET0001583,PO0029162,VND00515,SKU2873,IT Equipment,09/13/2021,Quality Failure,391,3521.15,,Processed,1376769.65,1
RET0002563,PO0016910,VND00317,SKU5386,Machinery,05/16/2021,Expired Product,390,3167.9,Manager_C,Processed,1235481,1
RET0002851,PO0047826,VND00009,SKU4680,Chemicals,01/24/2023,Quality Failure,134,2695.76,Manager_B,Processed,361231.84,1
RET0002661,PO0014094,VND00784,SKU3422,Machinery,07/18/2024,Wrong Item Delivered,7,627.63,Manager_C,Processed,4393.41,1
RET0003053,PO0025761,VND00103,SKU1990,Chemicals,07/01/2023,Defective Item,381,4611.17,Manager_B,Processed,1756855.77,1
RET0001076,PO0028526,VND00501,SKU5638,IT Equipment,11/21/2021,Damaged Packaging,199,2417.43,Manager_C,Processed,481068.57,1
RET0001843,PO0018894,VND00905,SKU3250,Electronics,08/29/2023,Wrong Quantity,356,1348.2,,Processed,479959.2,1
RET0000682,PO0030782,VND00073,SKU1094,Electronics,04/05/2024,Wrong Quantity,231,585.06,,Processed,135148.86,1
RET0004768,PO0004303,VND00057,SKU4818,IT Equipment,12/29/2023,Wrong Quantity,53,2904.65,Manager_B,Rejected,153946.45,1
RET0004394,PO0045532,VND00329,SKU5581,Packaging,07/31/2022,Expired Product,425,3052.95,Manager_B,Processed,1297503.75,1
RET0000652,PO0018995,VND00411,SKU5759,IT Equipment,04/19/2023,Expired Product,271,3232.18,,Processed,875920.78,1
RET0003117,PO0030388,VND00389,SKU3929,Spare Parts,03/10/2024,Over Shipment,88,1850.36,Manager_C,Rejected,162831.68,1
RET0003473,PO0001114,VND00002,SKU1582,Packaging,06/10/2023,Defective Item,405,520.81,Manager_A,Processed,210928.05,1
RET0001008,PO0012811,VND00710,SKU5071,Electronics,01/08/2021,Expired Product,207,2110.28,Manager_A,Processed,436827.96,1
RET0000790,PO0045119,VND00039,SKU3891,Electronics,08/18/2023,Damaged Packaging,94,4892.44,Manager_A,Processed,459889.36,1
RET0000124,PO0021454,VND00558,SKU4678,Spare Parts,06/14/2022,Damaged Packaging,99,478.88,Manager_A,Processed,47409.12,1
RET0004925,PO0012354,VND00300,SKU4309,Electronics,04/15/2023,,158,4900.95,Manager_C,Processed,774350.1,1
RET0000237,PO0029124,VND00642,SKU3054,Packaging,05/24/2023,Over Shipment,377,4970.91,Manager_A,Pending,1874033.07,1
RET0000087,PO0024683,VND00291,SKU2686,Electronics,08/13/2023,Damaged Packaging,244,3288.35,Manager_A,Processed,802357.4,1
RET0000631,PO0012629,VND00590,SKU2577,Chemicals,11/25/2023,Damaged Packaging,209,3371.71,Manager_A,Processed,704687.39,1
RET0000059,PO0011290,VND00198,SKU3074,Electronics,06/24/2022,Defective Item,460,3115.29,Manager_A,Pending,1433033.4,1
RET0001906,PO0038874,VND00034,SKU3998,Raw Material,12/31/2022,Defective Item,200,1224.92,Manager_B,Processed,244984,1
RET0003837,PO0004735,VND00717,SKU3211,IT Equipment,08/11/2021,Damaged Packaging,255,4451.94,Manager_B,Processed,1135244.7,1
RET0002623,PO0005673,VND00742,SKU4625,Packaging,04/29/2024,Quality Failure,263,3162.12,,Processed,831637.56,1
RET0000378,PO0013326,VND00727,SKU5503,Chemicals,06/14/2024,Over Shipment,169,2793.6,,Processed,472118.4,1
RET0001392,PO0020898,VND00661,SKU2387,Machinery,01/30/2024,Defective Item,200,4421.66,Manager_B,Pending,884332,1
RET0004078,PO0045854,VND00695,SKU2170,Spare Parts,12/11/2024,Expired Product,452,3502.93,Manager_A,Pending,1583324.36,1
RET0001350,PO0035162,VND00380,SKU3281,Electronics,07/03/2024,Wrong Quantity,370,26.53,Manager_C,Processed,9816.1,1
RET0003348,PO0005650,VND00477,SKU1678,Machinery,12/19/2024,Expired Product,459,714.76,Manager_B,Processed,328074.84,1
RET0003484,PO0007924,VND00313,SKU1317,Electronics,11/08/2021,Damaged Packaging,400,3146.64,Manager_A,Processed,1258656,1
RET0003409,PO0000350,VND00326,SKU3204,Spare Parts,08/31/2022,Wrong Item Delivered,282,3348.41,Manager_B,Rejected,944251.62,1
RET0004116,PO0018586,VND00803,SKU1642,Raw Material,04/04/2021,Wrong Quantity,489,4928.26,Manager_A,Processed,2409919.14,1
RET0002166,PO0040277,VND00699,SKU1673,Textiles,10/26/2023,Wrong Quantity,257,255.89,Manager_C,Processed,65763.73,1
RET0003930,PO0020270,VND00983,SKU1046,Raw Material,05/18/2024,Defective Item,147,75.3,Manager_C,Pending,11069.1,1
RET0001894,PO0035578,VND00002,SKU3048,Machinery,09/02/2022,Defective Item,309,2152.01,Manager_C,Processed,664971.09,1
RET0003966,PO0002363,VND00437,SKU2440,Raw Material,07/27/2023,Wrong Quantity,195,1753.86,Manager_B,Pending,342002.7,1
RET0003451,PO0014270,VND00738,SKU4183,Packaging,05/02/2021,Defective Item,193,3404.5,Manager_C,Pending,657068.5,1
RET0001704,PO0019632,VND00730,SKU4116,Spare Parts,02/10/2021,Wrong Quantity,404,3056.49,Manager_C,Pending,1234821.96,1
RET0003910,PO0014995,VND00752,SKU1753,Spare Parts,03/22/2024,expiry,332,2938.54,Manager_B,Pending,975595.28,1
RET0002131,PO0003763,VND00817,SKU2110,Packaging,09/30/2021,Wrong Item,477,2999.73,Manager_A,Processed,1430871.21,1
RET0001386,PO0020015,VND00702,SKU2857,Packaging,03/01/2022,Expired Product,377,414.83,Manager_A,Processed,156390.91,1
RET0000390,PO0015504,VND00259,SKU5347,Packaging,05/07/2024,Wrong Item Delivered,374,3250.42,,Processed,1215657.08,1
RET0003770,PO0044190,VND00556,SKU3928,Textiles,07/04/2023,Defective Item,167,4243.31,Manager_B,Processed,708632.77,1
RET0002789,PO0010005,VND00495,SKU4521,Spare Parts,11/08/2024,Quality Failure,81,2808.36,,Processed,227477.16,1
RET0001820,PO0013613,VND00222,SKU5663,Textiles,03/18/2022,Defective Item,119,3560.75,Manager_B,Pending,423729.25,1
RET0003384,PO0001883,VND00523,SKU4139,Machinery,08/21/2022,Wrong Item Delivered,490,1880.55,Manager_B,Processed,921469.5,1
RET0001734,PO0010826,VND00909,SKU4567,Raw Material,06/15/2023,Defective Item,280,935.34,Manager_A,Processed,261895.2,1
RET0002861,PO0027579,VND00544,SKU2730,Packaging,10/27/2024,Quality Failure,65,2737.77,Manager_A,Pending,177955.05,1
RET0003869,PO0008829,VND00658,SKU3213,Machinery,06/04/2023,Over Shipment,364,4515.96,Manager_C,Pending,1643809.44,1
RET0000426,PO0029232,VND00104,SKU1110,Textiles,03/21/2022,Damaged Packaging,156,4070.39,Manager_A,Pending,634980.84,1
RET0002202,PO0049582,VND00817,SKU2743,Packaging,05/09/2021,Wrong Item Delivered,206,965.62,Manager_A,Pending,198917.72,1
RET0004031,PO0022747,VND00276,SKU1866,Raw Material,03/05/2022,Damaged Packaging,20,3226.68,Manager_A,Processed,64533.6,1
RET0000614,PO0003180,VND00284,SKU1861,Electronics,05/14/2023,Defective Item,280,3514.24,Manager_C,Processed,983987.2,1
RET0003856,PO0021886,VND00753,SKU4082,Spare Parts,11/06/2021,Quality Failure,99,4857.57,Manager_A,Processed,480899.43,1
RET0004573,PO0017386,VND00535,SKU5775,Raw Material,12/05/2024,Over Shipment,12,4516.28,Manager_B,Rejected,54195.36,1
RET0004011,PO0021142,VND00322,SKU1248,Electronics,08/16/2023,,369,549.84,,Processed,202890.96,1
RET0002080,PO0020631,VND00754,SKU4053,Chemicals,03/27/2024,Damaged Packaging,18,3912.35,,Rejected,70422.3,1
RET0004927,PO0022433,VND00816,SKU4913,Packaging,08/25/2021,Expired Product,454,2691.39,,Pending,1221891.06,1
RET0002454,PO0008210,VND00986,SKU2141,Packaging,01/12/2023,Wrong Item Delivered,279,640.28,Manager_B,Processed,178638.12,1
RET0000309,PO0008208,VND00335,SKU4223,Spare Parts,12/21/2021,Wrong Quantity,192,126.67,,Processed,24320.64,1
RET0000232,PO0017535,VND00054,SKU4856,Spare Parts,10/09/2023,Wrong Item Delivered,214,2606.47,,Processed,557784.58,1
RET0000401,PO0019321,VND00407,SKU2829,Raw Material,12/22/2022,Wrong Item Delivered,480,3740.49,Manager_A,Rejected,1795435.2,1
RET0002710,PO0017705,VND00187,SKU4810,Packaging,04/06/2022,Expired Product,220,987.11,,Pending,217164.2,1
RET0002815,PO0013306,VND00571,SKU4114,Machinery,10/28/2023,Damaged Packaging,305,3744.14,Manager_C,Processed,1141962.7,1
RET0002058,PO0032638,VND00287,SKU4376,Textiles,02/19/2024,Quality Failure,119,1963.38,Manager_C,Processed,233642.22,1
RET0004584,PO0032792,VND00848,SKU4992,IT Equipment,03/16/2024,Over Shipment,22,2391.28,,Processed,52608.16,1
RET0001203,PO0018536,VND00260,SKU1945,Machinery,02/17/2023,,333,1526.94,Manager_C,Pending,508471.02,1
RET0003815,PO0027417,VND00328,SKU3589,Electronics,12/10/2021,Expired Product,406,2933.86,,Processed,1191147.16,1
RET0000416,PO0047309,VND00804,SKU3934,IT Equipment,07/11/2022,Wrong Quantity,460,3026.72,Manager_B,Processed,1392291.2,1
RET0000986,PO0048752,VND00518,SKU1808,Textiles,10/07/2023,,227,3785.06,Manager_B,Processed,859208.62,1
RET0001114,PO0032243,VND00128,SKU3042,IT Equipment,03/16/2023,Wrong Item Delivered,217,2205.85,,Rejected,478669.45,1
RET0001060,PO0019895,VND00487,SKU4007,Textiles,01/24/2024,Defective Item,117,3181.34,,Processed,372216.78,1
RET0001976,PO0042157,VND00908,SKU2274,Packaging,04/03/2022,,329,861.03,Manager_C,Processed,283278.87,1
RET0003699,PO0020501,VND00478,SKU5133,Textiles,03/26/2022,Damaged Packaging,314,364.33,Manager_C,Rejected,114399.62,1
RET0003209,PO0010782,VND00564,SKU4224,Spare Parts,06/05/2024,Defective Item,130,744.62,,Processed,96800.6,1
RET0000804,PO0002529,VND00307,SKU3981,Machinery,05/12/2022,Quality Failure,95,1236.2,Manager_B,Processed,117439,1
RET0004568,PO0032478,VND00170,SKU3674,Spare Parts,08/08/2022,Over Shipment,431,3107.87,,Processed,1339491.97,1
RET0004700,PO0004921,VND00896,SKU2920,Machinery,08/21/2024,Expired Product,274,2008.39,,Processed,550298.86,1
RET0000556,PO0036818,VND00040,SKU5541,Electronics,03/22/2021,Damaged Packaging,389,4787.09,Manager_B,Processed,1862178.01,1
RET0002448,PO0001788,VND00681,SKU5306,Electronics,04/14/2021,Quality Failure,289,1923.57,,Processed,555911.73,1
RET0003839,PO0045250,VND00737,SKU4262,Electronics,12/28/2023,Defective Item,180,4501.91,Manager_B,Pending,810343.8,1
RET0001341,PO0048645,VND00683,SKU4896,Chemicals,03/18/2023,Over Shipment,101,952.56,Manager_A,Processed,96208.56,1
RET0003183,PO0041924,VND00195,SKU5862,Chemicals,08/14/2022,Wrong Quantity,206,2871.71,,Rejected,591572.26,1
RET0001896,PO0001766,VND00185,SKU2482,IT Equipment,08/29/2022,Damaged Packaging,49,2954.19,,Processed,144755.31,1
RET0004379,PO0009440,VND00562,SKU2585,Electronics,06/29/2022,Quality Failure,418,1971.71,Manager_A,Pending,824174.78,1
RET0003707,PO0024312,VND00686,SKU2805,Electronics,03/28/2023,Damaged Packaging,270,3816.85,,Pending,1030549.5,1
RET0004202,PO0025055,VND00763,SKU3922,IT Equipment,09/09/2021,Wrong Item Delivered,167,823.42,Manager_A,Processed,137511.14,1
RET0000478,PO0045483,VND00522,SKU5434,Machinery,03/29/2021,Expired Product,136,4804.35,Manager_C,Processed,653391.6,1
RET0000429,PO0042677,VND00112,SKU4715,Raw Material,07/11/2022,Damaged Packaging,108,4619.81,Manager_C,Processed,498939.48,1
RET0004960,PO0009751,VND00461,SKU1612,Raw Material,12/14/2021,Expired Product,333,4903.83,Manager_A,Pending,1632975.39,1
RET0002869,PO0041798,VND00414,SKU3209,Textiles,07/24/2023,Wrong Quantity,109,4569.63,Manager_C,Pending,498089.67,1
RET0004436,PO0041478,VND00241,SKU4660,Raw Material,05/23/2022,Wrong Item,408,560.28,,Pending,228594.24,1
RET0002655,PO0028826,VND00989,SKU1364,Spare Parts,03/22/2023,Expired Product,309,1314.46,Manager_B,Processed,406168.14,1
RET0003080,PO0037893,VND00730,SKU1883,Electronics,11/27/2022,Wrong Item Delivered,475,636.31,Manager_C,Rejected,302247.25,1
RET0002586,PO0040124,VND00867,SKU1723,IT Equipment,07/14/2024,Quality Failure,192,693.66,Manager_B,Processed,133182.72,1
RET0004941,PO0025326,VND00680,SKU2842,Packaging,04/22/2023,,197,2288.42,Manager_B,Processed,450818.74,1
RET0000713,PO0037464,VND00500,SKU5721,Packaging,10/11/2023,Wrong Item Delivered,93,414.3,Manager_A,Processed,38529.9,1
RET0001154,PO0000485,VND00943,SKU3176,IT Equipment,05/13/2021,Wrong Quantity,402,4711.54,Manager_C,Rejected,1894039.08,1
RET0001382,PO0039977,VND00197,SKU3314,IT Equipment,09/08/2021,Damaged Packaging,5,4186.72,,Processed,20933.6,1
RET0001586,PO0003061,VND00180,SKU4309,Textiles,01/07/2024,Defective Item,470,4956.05,Manager_A,Pending,2329343.5,1
RET0004159,PO0023510,VND00904,SKU2505,Electronics,10/26/2021,Expired Product,290,327.12,Manager_B,Processed,94864.8,1
RET0004016,PO0045929,VND00173,SKU5071,Packaging,12/27/2023,Wrong Item Delivered,30,3989.65,Manager_A,Rejected,119689.5,1
RET0000796,PO0012026,VND00547,SKU2994,Textiles,05/14/2024,Over Shipment,253,145.59,Manager_B,Processed,36834.27,1
RET0003502,PO0016133,VND00392,SKU3558,Textiles,07/16/2024,Expired Product,460,1537.43,,Processed,707217.8,1
RET0001425,PO0014986,VND00153,SKU1422,Raw Material,02/09/2021,Expired Product,288,1787.9,,Processed,514915.2,1
RET0002180,PO0022732,VND00648,SKU4914,Machinery,03/19/2022,Wrong Item Delivered,233,965.69,Manager_C,Processed,225005.77,1
RET0004502,PO0008789,VND00668,SKU4058,Machinery,09/06/2024,Wrong Item Delivered,178,411.39,Manager_B,,73227.42,1
RET0001042,PO0024051,VND00230,SKU5744,Chemicals,09/27/2024,Quality Failure,363,3521.09,Manager_A,Processed,1278155.67,1
RET0003553,PO0004764,VND00554,SKU3665,Packaging,07/10/2022,Damaged Packaging,460,31.83,Manager_C,Pending,14641.8,1
RET0001269,PO0001767,VND00335,SKU4285,Electronics,09/23/2023,Wrong Quantity,465,4335.09,Manager_A,Rejected,2015816.85,1
RET0000291,PO0040750,VND00078,SKU3733,Machinery,08/14/2023,Over Shipment,135,1860.96,,Processed,251229.6,1
RET0002268,PO0017703,VND00158,SKU3197,Textiles,08/28/2021,Quality Failure,133,854.5,Manager_C,Processed,113648.5,1
RET0004828,PO0017083,VND00488,SKU1064,Packaging,10/01/2024,Over Shipment,444,4648.04,Manager_A,Pending,2063729.76,1
RET0004812,PO0011973,VND00673,SKU4292,Packaging,03/29/2022,Quality Failure,464,1303.71,,Rejected,604921.44,1
RET0001372,PO0011635,VND00398,SKU2226,Machinery,01/26/2022,Damaged Packaging,117,657.36,Manager_A,Rejected,76911.12,1
RET0002936,PO0016230,VND00157,SKU5034,Chemicals,01/13/2023,,169,4353.3,Manager_B,Processed,735707.7,1
RET0000502,PO0020397,VND00192,SKU4800,Textiles,02/03/2023,Damaged Packaging,262,1842.54,Manager_C,Rejected,482745.48,1
RET0000137,PO0022344,VND00927,SKU3875,Chemicals,10/21/2024,Wrong Quantity,3,4441.37,Manager_B,Processed,13324.11,1
RET0002998,PO0019208,VND00385,SKU5643,Chemicals,02/07/2023,Wrong Item Delivered,424,579.24,Manager_A,Pending,245597.76,1
RET0001863,PO0020948,VND00913,SKU5652,Electronics,03/11/2021,Defective Item,376,979.75,,Pending,368386,1
RET0003726,PO0042510,VND00283,SKU1176,Raw Material,03/25/2024,Damaged Packaging,3,1646.37,Manager_A,Rejected,4939.11,1
RET0001788,PO0045608,VND00814,SKU2910,Raw Material,04/03/2022,Quality Failure,431,343.58,Manager_B,Processed,148082.98,1
RET0002752,PO0028343,VND00782,SKU2273,Machinery,02/19/2021,Expired Product,497,2424.23,Manager_A,Processed,1204842.31,1
RET0003627,PO0018583,VND00558,SKU1069,Machinery,04/21/2022,over shipment,351,2623.82,Manager_B,Processed,920960.82,1
RET0001356,PO0005382,VND00657,SKU4751,Textiles,07/11/2022,Damaged Packaging,155,2382.39,Manager_B,Pending,369270.45,1
RET0004350,PO0017925,VND00392,SKU5156,Electronics,07/10/2023,Over Shipment,186,3979.97,,Rejected,740274.42,1
RET0001035,PO0045237,VND00616,SKU5822,Chemicals,02/11/2024,Wrong Item Delivered,364,2831.85,Manager_A,Processed,1030793.4,1
RET0000194,PO0025670,VND00932,SKU3452,Raw Material,12/31/2023,Wrong Item Delivered,359,1815.15,Manager_B,Processed,651638.85,1
RET0003349,PO0016147,VND00350,SKU1044,Chemicals,07/29/2021,expiry,177,2171.67,Manager_B,Rejected,384385.59,1
RET0004445,PO0004604,VND00101,SKU3680,Machinery,01/26/2024,Wrong Item Delivered,129,3627.7,Manager_B,Processed,467973.3,1
RET0004099,PO0006991,VND00390,SKU2078,IT Equipment,02/14/2022,Defective Item,405,3425.4,Manager_A,Processed,1387287,1
RET0001409,PO0011445,VND00422,SKU4958,Machinery,11/28/2021,Over Shipment,470,3604.65,Manager_C,Processed,1694185.5,1
RET0004500,PO0022997,VND00327,SKU2504,Machinery,06/17/2023,Expired,412,3762.39,Manager_A,Pending,1550104.68,1
RET0000444,PO0045645,VND00526,SKU3096,Machinery,12/09/2023,Over Shipment,462,472.98,Manager_C,Pending,218516.76,1
RET0002151,PO0043252,VND00818,SKU3750,Spare Parts,04/28/2022,Wrong Item Delivered,226,1631.34,,Pending,368682.84,1
RET0000759,PO0037234,VND00698,SKU1628,Packaging,11/21/2024,Damaged Packaging,142,3418.48,Manager_A,Processed,485424.16,1
RET0001080,PO0017849,VND00829,SKU4299,Machinery,05/06/2021,,370,142.71,Manager_A,Pending,52802.7,1
RET0004156,PO0005703,VND00613,SKU1846,Packaging,03/11/2023,Expired Product,389,4247.9,Manager_A,Pending,1652433.1,1
RET0000063,PO0029441,VND00855,SKU1828,IT Equipment,06/20/2023,Damaged Packaging,375,4344.25,Manager_B,Processed,1629093.75,1
RET0000572,PO0020048,VND00899,SKU2690,Machinery,01/28/2023,Quality Failure,470,2145.12,Manager_C,Pending,1008206.4,1
RET0001227,PO0031965,VND00215,SKU2565,Packaging,04/24/2021,Expired Product,232,920.75,Manager_B,Pending,213614,1
RET0002748,PO0007702,VND00443,SKU4697,Chemicals,11/25/2024,Over Shipment,425,1109.8,Manager_C,Processed,471665,1
RET0001542,PO0037248,VND00702,SKU4067,Textiles,02/19/2024,Quality Failure,62,2901.48,Manager_B,Pending,179891.76,1
RET0001007,PO0002259,VND00380,SKU5208,Spare Parts,10/11/2023,Wrong Item Delivered,425,893.2,Manager_B,Processed,379610,1
RET0003388,PO0042983,VND00404,SKU2747,Electronics,08/25/2023,Wrong Quantity,255,1667.24,Manager_A,Rejected,425146.2,1
RET0003027,PO0020545,VND00249,SKU5622,IT Equipment,12/12/2024,Expired Product,198,4591.69,Manager_A,Pending,909154.62,1
RET0000349,PO0031184,VND00257,SKU1140,Packaging,06/13/2023,,159,1897.51,,Processed,301704.09,1
RET0002565,PO0041187,VND00550,SKU4475,Spare Parts,08/01/2021,Wrong Item Delivered,130,3096.49,Manager_A,Processed,402543.7,1
RET0004570,PO0004301,VND00290,SKU3551,IT Equipment,09/02/2024,Over Shipment,431,1725.53,Manager_B,Pending,743703.43,1
RET0000196,PO0049557,VND00894,SKU2876,Spare Parts,03/06/2023,Wrong Quantity,390,2913.69,Manager_C,Pending,1136339.1,1
RET0004520,PO0025728,VND00859,SKU4477,Electronics,07/16/2022,Damaged Packaging,309,3253.34,,Processed,1005282.06,1
RET0003813,PO0006332,VND00591,SKU2181,Textiles,11/09/2022,Wrong Item Delivered,168,4138.5,Manager_A,Pending,695268,1
RET0001384,PO0040980,VND00032,SKU3564,Chemicals,11/28/2021,,78,1478.84,Manager_C,Pending,115349.52,1
RET0001004,PO0041215,VND00752,SKU1589,Spare Parts,12/21/2021,Damaged Packaging,388,2068.66,,Pending,802640.08,1
RET0001331,PO0040719,VND00573,SKU2055,Electronics,05/30/2024,Wrong Item Delivered,316,4361.82,Manager_A,Processed,1378335.12,1
RET0000103,PO0026756,VND01000,SKU4438,Textiles,09/16/2023,Over Shipment,24,4591.88,Manager_C,Processed,110205.12,1
RET0003181,PO0030951,VND00261,SKU3012,Raw Material,03/14/2024,,469,2684.54,Manager_C,Processed,1259049.26,1
RET0000475,PO0044960,VND00498,SKU1930,Raw Material,07/15/2021,Wrong Quantity,131,3249.63,Manager_C,Processed,425701.53,1
RET0001360,PO0017747,VND00697,SKU2041,IT Equipment,05/22/2021,Damaged Packaging,242,209.75,Manager_B,Pending,50759.5,1
RET0002365,PO0012795,VND00382,SKU3978,Raw Material,01/23/2021,Defective Item,425,4790.4,Manager_A,Processed,2035920,1
RET0002390,PO0047313,VND00694,SKU3276,Textiles,08/04/2022,Expired,462,3416.28,Manager_C,Processed,1578321.36,1
RET0000846,PO0031494,VND00156,SKU1305,Raw Material,06/27/2023,Quality Failure,412,2356.19,,Pending,970750.28,1
RET0001804,PO0046518,VND00552,SKU3617,IT Equipment,07/07/2023,Expired Product,285,286.43,Manager_B,Processed,81632.55,1
RET0000187,PO0002738,VND00314,SKU5969,Packaging,09/15/2023,Wrong Quantity,254,3079.41,,Processed,782170.14,1
RET0000704,PO0038908,VND00099,SKU1752,Packaging,06/05/2024,Wrong Item Delivered,390,3694.24,Manager_A,Rejected,1440753.6,1
RET0003322,PO0006666,VND00302,SKU1966,IT Equipment,06/14/2024,Defective Item,394,4412.01,Manager_B,Rejected,1738331.94,1
RET0003881,PO0033374,VND00404,SKU2190,Textiles,12/17/2022,Defective Item,13,2876.48,,Rejected,37394.24,1
RET0002133,PO0006746,VND00284,SKU5049,Electronics,10/20/2021,Wrong Quantity,152,1339.56,Manager_A,Pending,203613.12,1
RET0004134,PO0009232,VND00783,SKU4218,Machinery,04/25/2024,Over Shipment,349,1568.06,Manager_B,Pending,547252.94,1
RET0003628,PO0030555,VND00503,SKU2087,IT Equipment,08/10/2024,Expired Product,206,2873.28,Manager_B,Processed,591895.68,1
RET0000645,PO0000299,VND00152,SKU2948,IT Equipment,11/27/2023,Wrong Item Delivered,313,3992.61,Manager_C,Pending,1249686.93,1
RET0003901,PO0020555,VND00947,SKU1293,Raw Material,08/28/2022,Wrong Quantity,14,550.86,Manager_A,Processed,7712.04,1
RET0003264,PO0001686,VND00403,SKU4518,Textiles,09/25/2022,Damaged Packaging,71,4506.32,,Processed,319948.72,1
RET0004680,PO0002782,VND00647,SKU2694,Textiles,12/31/2022,Wrong Quantity,447,2320,Manager_A,Rejected,1037040,1
RET0001280,PO0031199,VND00600,SKU2530,Chemicals,03/18/2024,expiry,355,13.2,Manager_B,Rejected,4686,1
RET0004450,PO0007449,VND00226,SKU4695,Textiles,01/17/2022,Expired Product,292,226.01,,Processed,65994.92,1
RET0001097,PO0017606,VND00497,SKU2493,Raw Material,04/10/2021,Over Shipment,297,74.82,Manager_A,Processed,22221.54,1
RET0000443,PO0034328,VND00132,SKU2454,Chemicals,05/15/2022,Quality Failure,211,2114.73,,Pending,446208.03,1
RET0004901,PO0007359,VND00633,SKU5995,IT Equipment,12/06/2023,Quality Failure,53,3820.67,,Rejected,202495.51,1
RET0001512,PO0005685,VND00649,SKU2281,Spare Parts,08/02/2023,Over Shipment,207,4619.35,Manager_B,Pending,956205.45,1
RET0003118,PO0046192,VND00974,SKU5269,Machinery,12/19/2023,Defective Item,379,153.9,Manager_A,Rejected,58328.1,1
RET0001453,PO0047223,VND00784,SKU4544,Raw Material,02/27/2022,Expired Product,42,2611.63,Manager_A,Rejected,109688.46,1
RET0004344,PO0025746,VND00805,SKU5704,Textiles,10/21/2023,Over Shipment,308,2478.41,Manager_C,Pending,763350.28,1
RET0004786,PO0007472,VND00372,SKU2689,IT Equipment,09/29/2022,Wrong Quantity,260,4419.22,Manager_B,Pending,1148997.2,1
RET0004091,PO0029577,VND00729,SKU2879,Chemicals,07/20/2021,Wrong Quantity,174,3955.95,Manager_B,Processed,688335.3,1
RET0000110,PO0043083,VND00322,SKU3394,Raw Material,03/19/2022,Defective Item,489,4441.58,Manager_A,Processed,2171932.62,1
RET0002227,PO0048063,VND00860,SKU1195,Raw Material,06/18/2023,Expired product,488,2173.46,Manager_A,Processed,1060648.48,1
RET0003104,PO0046588,VND00850,SKU2049,Spare Parts,02/20/2023,Wrong Quantity,492,343.91,Manager_B,Pending,169203.72,1
RET0002075,PO0015313,VND00668,SKU3530,Electronics,05/12/2021,Damaged Packaging,203,262.67,Manager_B,Pending,53322.01,1
RET0000646,PO0035664,VND00685,SKU3747,Packaging,08/24/2022,Damaged Packaging,498,4235.09,Manager_B,Processed,2109074.82,1
RET0000984,PO0045157,VND00651,SKU4855,Chemicals,01/19/2022,Damaged Packaging,290,3398.82,Manager_B,Processed,985657.8,1
RET0004681,PO0019160,VND00002,SKU5961,Raw Material,08/19/2022,Over Shipment,277,3967.72,Manager_A,Pending,1099058.44,1
RET0000725,PO0046641,VND00050,SKU1586,Spare Parts,10/25/2021,Expired Product,269,2186.52,,Processed,588173.88,1
RET0004161,PO0030530,VND00491,SKU4897,Electronics,11/18/2024,Damaged Packaging,496,2478.06,,Processed,1229117.76,1
RET0000762,PO0028585,VND00656,SKU1132,Packaging,12/02/2024,Wrong Quantity,301,4204.38,Manager_B,Processed,1265518.38,1
RET0001828,PO0040571,VND00024,SKU2626,IT Equipment,03/29/2024,Damaged Packaging,431,2653.28,Manager_C,Pending,1143563.68,1
RET0003831,PO0035935,VND00726,SKU5132,Spare Parts,02/15/2024,Defective Item,173,1174.7,Manager_C,Pending,203223.1,1
RET0002475,PO0029347,VND00686,SKU3956,Spare Parts,01/22/2023,,212,1102.38,Manager_A,Processed,233704.56,1
RET0000455,PO0047734,VND00409,SKU3285,Electronics,08/31/2021,Quality Failure,229,238.43,Manager_A,Processed,54600.47,1
RET0002541,PO0028227,VND00964,SKU5289,Packaging,10/17/2023,Damaged Packaging,176,1488.43,Manager_C,Processed,261963.68,1
RET0002022,PO0011316,VND00939,SKU5221,Packaging,05/23/2023,Expired Product,308,3499,Manager_A,Pending,1077692,1
RET0004922,PO0036535,VND00310,SKU1003,IT Equipment,08/06/2021,Damaged Packaging,475,3841.12,,Pending,1824532,1
RET0003297,PO0011440,VND00544,SKU2185,Raw Material,07/14/2024,Quality Failure,417,11.75,,Rejected,4899.75,1
RET0002192,PO0045566,VND00011,SKU5705,Machinery,05/29/2022,Defective Item,245,4538.8,,Processed,1112006,1
RET0000133,PO0019323,VND00734,SKU5935,Machinery,07/22/2023,Defective Item,212,3698.48,Manager_B,Processed,784077.76,1
RET0000053,PO0020800,VND00322,SKU4103,IT Equipment,03/16/2024,Quality Failure,361,4359.67,Manager_C,Rejected,1573840.87,1
RET0000767,PO0008503,VND00809,SKU4045,Electronics,06/15/2022,Wrong Item delivered,44,3219.83,Manager_C,Pending,141672.52,1
RET0003188,PO0033416,VND00614,SKU2165,Electronics,02/16/2021,Wrong Quantity,280,886.21,Manager_C,Pending,248138.8,1
RET0002082,PO0028440,VND00824,SKU5281,IT Equipment,11/11/2022,Quality Failure,253,4351.25,,Pending,1100866.25,1
RET0004455,PO0021832,VND00494,SKU2983,Raw Material,07/02/2024,Wrong Item,451,52.8,,Rejected,23812.8,1
RET0004774,PO0022703,VND00189,SKU3583,Electronics,03/08/2022,Defective Item,381,3078.2,,Rejected,1172794.2,1
RET0001644,PO0002904,VND00756,SKU1383,Spare Parts,12/07/2023,Wrong Quantity,58,4507.22,Manager_B,Pending,261418.76,1
RET0003015,PO0020175,VND00831,SKU2579,Spare Parts,04/19/2024,Defective Item,299,4549.61,Manager_A,Processed,1360333.39,1
RET0004957,PO0042729,VND00883,SKU4233,Chemicals,07/05/2022,Over Shipment,458,4882.79,Manager_C,Pending,2236317.82,1
RET0000487,PO0010190,VND00626,SKU3926,Spare Parts,12/10/2024,Damaged Packaging,147,476.34,Manager_C,Processed,70021.98,1
RET0002733,PO0037316,VND00284,SKU5061,Chemicals,06/29/2023,Damaged Packaging,169,3938.61,Manager_B,Pending,665625.09,1
RET0000938,PO0012582,VND00021,SKU5465,Spare Parts,12/07/2022,Expired Product,481,1207.49,,Processed,580802.69,1
RET0003899,PO0039500,VND00178,SKU5356,IT Equipment,02/01/2024,Wrong Quantity,383,4600.77,Manager_C,Pending,1762094.91,1
RET0001695,PO0037705,VND00233,SKU5533,Machinery,03/11/2022,Quality Failure,347,4740.36,Manager_A,Rejected,1644904.92,1
RET0000438,PO0017157,VND00900,SKU3436,Electronics,10/21/2024,Damaged Packaging,96,983.25,Manager_C,Processed,94392,1
RET0001865,PO0028443,VND00549,SKU5847,Raw Material,01/18/2022,Over Shipment,473,1466.14,Manager_C,Processed,693484.22,1
RET0001719,PO0025968,VND00732,SKU1039,Packaging,04/12/2023,Quality Failure,73,3354.58,Manager_C,Processed,244884.34,1
RET0001263,PO0008149,VND00318,SKU1475,Packaging,04/01/2021,Defective Item,342,639.04,Manager_C,Pending,218551.68,1
RET0003998,PO0044972,VND00349,SKU2607,Spare Parts,08/30/2021,,98,2617.07,Manager_C,Processed,256472.86,1
RET0003003,PO0030203,VND00725,SKU2965,IT Equipment,05/16/2021,Expired Product,309,1187.36,Manager_C,Pending,366894.24,1
RET0002690,PO0016024,VND00359,SKU5889,Raw Material,03/03/2022,Defective Item,319,4907.8,,Rejected,1565588.2,1
RET0003345,PO0032659,VND00010,SKU5213,Electronics,05/16/2024,Wrong Item Delivered,35,4619.19,Manager_A,Pending,161671.65,1
RET0001660,PO0022754,VND00361,SKU5984,Machinery,02/21/2022,Wrong Item Delivered,6,1838.63,,Pending,11031.78,1
RET0004070,PO0038187,VND00406,SKU3105,Electronics,05/10/2022,,420,3724.03,Manager_C,Processed,1564092.6,1
RET0003199,PO0026108,VND00074,SKU1175,Textiles,05/20/2021,Defective Item,51,3550.82,Manager_C,Pending,181091.82,1
RET0002057,PO0017757,VND00990,SKU2059,Textiles,03/22/2023,Wrong Quantity,173,514.01,,Processed,88923.73,1
RET0001102,PO0039851,VND00311,SKU4352,Electronics,06/28/2022,Wrong Item Delivered,327,3673.8,Manager_B,Processed,1201332.6,1
RET0003949,PO0031385,VND00674,SKU4240,Chemicals,01/08/2021,Wrong Quantity,111,4896.34,,Processed,543493.74,1
RET0002711,PO0032133,VND00680,SKU1032,Textiles,09/26/2024,Over Shipment,208,4178.02,,Processed,869028.16,1
RET0003692,PO0033881,VND00218,SKU3637,Raw Material,04/01/2023,Defective Item,110,4532.31,,Processed,498554.1,1
RET0001226,PO0012696,VND00112,SKU1978,Raw Material,05/23/2021,Quality Failure,122,1733.44,Manager_C,Processed,211479.68,1
RET0004182,PO0016413,VND00182,SKU1650,Raw Material,09/10/2022,Quality Failure,353,1583.12,Manager_A,Pending,558841.36,1
RET0002430,PO0004355,VND00151,SKU5265,Chemicals,05/25/2021,Wrong Quantity,138,4722.08,Manager_B,Processed,651647.04,1
RET0000875,PO0024023,VND00057,SKU1483,Machinery,11/04/2022,Wrong Item,449,1420.84,Manager_C,Pending,637957.16,1
RET0002383,PO0035964,VND00774,SKU2127,Raw Material,10/24/2023,Damaged Packaging,254,3692.24,,Processed,937828.96,1
RET0001250,PO0042386,VND00375,SKU5196,IT Equipment,02/09/2022,damaged packaging,386,4309.25,Manager_A,Rejected,1663370.5,1
RET0001289,PO0013352,VND00722,SKU2749,Packaging,08/06/2024,Over Shipment,413,2542.42,Manager_A,Processed,1050019.46,1
RET0003071,PO0002038,VND00614,SKU4938,Chemicals,09/18/2021,Quality Failure,475,4564.92,,Processed,2168337,1
RET0002077,PO0000498,VND00936,SKU5978,Electronics,08/20/2022,Over Shipment,113,1110.24,Manager_C,Rejected,125457.12,1
RET0002546,PO0022902,VND00754,SKU4730,Raw Material,11/17/2021,Expired Product,345,4891.58,Manager_A,Pending,1687595.1,1
RET0002884,PO0029949,VND00005,SKU1736,Electronics,02/06/2023,Wrong Item Delivered,244,1828.93,Manager_C,Processed,446258.92,1
RET0001129,PO0041502,VND00667,SKU5626,Raw Material,03/20/2023,Expired,465,1237.84,,Rejected,575595.6,1
RET0004144,PO0035527,VND00870,SKU2035,Raw Material,10/25/2023,Wrong Item,459,1039.11,Manager_B,,476951.49,1
RET0001411,PO0004627,VND00157,SKU3282,IT Equipment,11/26/2021,Wrong Quantity,304,4685.91,,Pending,1424516.64,1
RET0004704,PO0038366,VND00919,SKU3912,Textiles,06/04/2021,Damaged Packaging,174,1069.43,Manager_B,Pending,186080.82,1
RET0002197,PO0010460,VND00524,SKU4156,Machinery,06/02/2021,Wrong Quantity,145,336.24,Manager_A,Processed,48754.8,1
RET0002343,PO0007734,VND00047,SKU2957,IT Equipment,07/27/2021,Defective Item,334,2917.98,Manager_B,Pending,974605.32,1
RET0003103,PO0022435,VND00671,SKU3340,IT Equipment,12/26/2023,Wrong Quantity,104,2984.94,Manager_A,Pending,310433.76,1
RET0001784,PO0006293,VND00464,SKU5274,Spare Parts,12/28/2023,,297,4219.61,Manager_C,Processed,1253224.17,1
RET0002665,PO0003591,VND00208,SKU4400,Machinery,07/30/2022,Defective Item,185,2350.55,Manager_B,Processed,434851.75,1
RET0002373,PO0035708,VND00190,SKU4195,Machinery,11/28/2021,,354,452.31,Manager_A,Processed,160117.74,1
RET0002364,PO0005705,VND00101,SKU4832,Machinery,01/17/2021,Wrong Item Delivered,348,996.84,Manager_B,Pending,346900.32,1
RET0002529,PO0036760,VND00064,SKU2049,Packaging,04/29/2023,Quality Failure,484,4393.29,Manager_A,Processed,2126352.36,1
RET0003210,PO0032325,VND00328,SKU5092,Packaging,07/10/2022,Wrong Item Delivered,260,4696.07,Manager_C,Pending,1220978.2,1
RET0003804,PO0030183,VND00895,SKU4077,Packaging,06/10/2023,Expired Product,387,267.98,Manager_A,Processed,103708.26,1
RET0002798,PO0001556,VND00435,SKU4518,Electronics,03/03/2021,Quality Failure,101,4503.41,Manager_C,Pending,454844.41,1
RET0002871,PO0005028,VND00529,SKU2059,Packaging,07/13/2021,Wrong Item Delivered,211,1483.12,Manager_A,Pending,312938.32,1
RET0001159,PO0038907,VND00173,SKU1444,Machinery,11/25/2023,Wrong Item Delivered,344,909.89,,Processed,313002.16,1
RET0003373,PO0032248,VND00271,SKU1314,Packaging,06/24/2021,Damaged Packaging,418,2494.86,Manager_C,Pending,1042851.48,1
RET0001912,PO0031614,VND00619,SKU3965,Chemicals,12/14/2021,Over Shipment,387,1179.21,Manager_C,Processed,456354.27,1
RET0003099,PO0010414,VND00024,SKU1674,Chemicals,02/15/2024,Wrong Quantity,356,3793.26,,Rejected,1350400.56,1
RET0002943,PO0029150,VND00077,SKU1360,Electronics,02/23/2022,Expired Product,462,2063.71,Manager_A,Processed,953434.02,1
RET0001109,PO0014348,VND00099,SKU2699,IT Equipment,11/07/2021,Wrong Quantity,94,2041.04,Manager_A,Processed,191857.76,1
RET0001979,PO0002659,VND00313,SKU5505,Chemicals,07/08/2022,Wrong Item Delivered,449,296.36,Manager_B,Processed,133065.64,1
RET0004246,PO0026580,VND00959,SKU3673,Spare Parts,10/06/2021,Wrong Quantity,48,374.01,Manager_A,Processed,17952.48,1
RET0001122,PO0003042,VND00198,SKU4622,Textiles,02/11/2023,Over Shipment,130,2556.73,Manager_B,Pending,332374.9,1
RET0000388,PO0035669,VND00881,SKU4023,IT Equipment,04/13/2024,Quality Failure,77,2117.35,,Processed,163035.95,1
RET0003302,PO0039012,VND00138,SKU4807,Spare Parts,07/25/2024,Defective Item,31,3417.89,Manager_C,Rejected,105954.59,1
RET0001709,PO0002580,VND00537,SKU5973,IT Equipment,01/08/2024,Over Shipment,237,4189.32,Manager_B,Pending,992868.84,1
RET0004740,PO0022634,VND00830,SKU5295,Electronics,04/26/2021,Wrong Quantity,407,4868.14,Manager_C,Processed,1981332.98,1
RET0003488,PO0036237,VND00957,SKU4820,Packaging,10/10/2024,Defective Item,207,3071.54,Manager_B,Pending,635808.78,1
RET0004325,PO0013781,VND00539,SKU2613,Textiles,01/26/2024,Wrong Item Delivered,379,2162.5,Manager_C,Processed,819587.5,1
RET0003175,PO0012256,VND00149,SKU4552,Electronics,07/15/2023,Damaged Packaging,431,1749.54,,Processed,754051.74,1
RET0004380,PO0014615,VND00940,SKU3576,Textiles,04/18/2024,Wrong Item Delivered,194,699.92,Manager_C,Pending,135784.48,1
RET0000813,PO0019945,VND00621,SKU3947,Packaging,05/01/2021,Quality Failure,113,1445.17,,Processed,163304.21,1
RET0000495,PO0034510,VND00240,SKU5287,Chemicals,08/04/2023,Defective Item,465,1202.66,Manager_C,Processed,559236.9,1
RET0002524,PO0045811,VND00023,SKU1563,Chemicals,02/06/2022,Defective Item,188,4672.82,,Pending,878490.16,1
RET0003976,PO0040609,VND00845,SKU2108,Packaging,03/11/2023,Quality Failure,127,880.37,,Processed,111806.99,1
RET0001478,PO0027912,VND00315,SKU5094,IT Equipment,10/04/2022,Quality Failure,251,3270.14,Manager_C,Processed,820805.14,1
RET0001270,PO0017013,VND00510,SKU3082,Electronics,10/14/2022,Damaged Packaging,271,808.61,Manager_A,Processed,219133.31,1
RET0001663,PO0034793,VND00793,SKU2720,Chemicals,08/31/2021,Quality Failure,74,2485.15,,Processed,183901.1,1
RET0002301,PO0048946,VND00645,SKU3001,Packaging,03/11/2022,Over Shipment,123,4925.63,Manager_C,Processed,605852.49,1
RET0000639,PO0039380,VND00352,SKU2319,Chemicals,11/04/2024,Expired Product,47,2724.81,,Processed,128066.07,1
RET0001613,PO0044232,VND00632,SKU4610,Electronics,03/24/2021,Defective Item,458,2593.95,Manager_B,Rejected,1188029.1,1
RET0002860,PO0029021,VND00838,SKU1717,Chemicals,04/16/2021,Wrong Item,464,3894.38,,Processed,1806992.32,1
RET0001773,PO0010830,VND00415,SKU2307,Chemicals,09/09/2023,Defective Item,492,2283.56,Manager_B,Processed,1123511.52,1
RET0004852,PO0037211,VND00905,SKU3147,Raw Material,08/21/2024,Damaged Packaging,235,2184.94,,Processed,513460.9,1
RET0003999,PO0046856,VND00871,SKU2930,Textiles,04/10/2023,Wrong Quantity,60,3650.91,Manager_A,Pending,219054.6,1
RET0003239,PO0047273,VND00166,SKU4592,Chemicals,01/07/2021,Wrong Item Delivered,371,3758.56,Manager_A,Processed,1394425.76,1
RET0000089,PO0024274,VND00122,SKU5226,Textiles,11/27/2024,Wrong Item delivered,235,2329.68,Manager_C,Pending,547474.8,1
RET0004510,PO0036123,VND00833,SKU5007,Machinery,06/21/2024,damaged packaging,192,3834.84,,Processed,736289.28,1
RET0000948,PO0038952,VND00971,SKU3833,Textiles,05/06/2023,Wrong Quantity,171,3738.88,Manager_A,Processed,639348.48,1
RET0001530,PO0013193,VND00494,SKU3236,Textiles,08/11/2024,Wrong Item Delivered,352,2563.8,,Processed,902457.6,1
RET0002503,PO0018747,VND00949,SKU5544,Machinery,08/24/2021,Wrong Item Delivered,314,2451.73,,Pending,769843.22,1
RET0003140,PO0021977,VND00223,SKU4219,IT Equipment,09/17/2023,Wrong Item Delivered,73,3770.76,Manager_A,Processed,275265.48,1
RET0003668,PO0038897,VND00291,SKU1939,Machinery,04/09/2022,Defective Item,42,4135.64,,Processed,173696.88,1
RET0000297,PO0037189,VND00320,SKU3009,Machinery,05/30/2024,over shipment,303,2295.14,Manager_C,,695427.42,1
RET0002656,PO0020949,VND00368,SKU4647,Textiles,01/18/2023,Quality Failure,330,981.03,Manager_A,Pending,323739.9,1
RET0004437,PO0049710,VND00640,SKU5903,Chemicals,08/13/2023,Wrong Quantity,275,3432.33,,Rejected,943890.75,1
RET0001844,PO0017316,VND00088,SKU3326,Raw Material,07/14/2024,Damaged Packaging,407,596.7,,Rejected,242856.9,1
RET0000770,PO0047906,VND00169,SKU5087,Textiles,08/20/2022,Quality Failure,135,4484.38,Manager_A,Pending,605391.3,1
RET0001657,PO0025505,VND00891,SKU3030,Raw Material,05/07/2023,Defective Item,236,3277.17,Manager_C,Processed,773412.12,1
RET0002147,PO0039708,VND00868,SKU1639,Packaging,02/07/2022,Defective Item,250,2143.21,Manager_A,Pending,535802.5,1
RET0004239,PO0033889,VND00853,SKU4692,IT Equipment,03/04/2023,Wrong Quantity,48,805.86,Manager_C,Pending,38681.28,1
RET0003495,PO0012721,VND00677,SKU5788,Spare Parts,04/22/2024,Wrong Item Delivered,227,1750.97,Manager_B,Processed,397470.19,1
RET0002092,PO0022127,VND00211,SKU3215,IT Equipment,02/20/2023,,343,908.29,Manager_C,Processed,311543.47,1
RET0003742,PO0025834,VND00665,SKU2467,Raw Material,03/22/2022,Quality Failure,180,3854.84,Manager_B,Pending,693871.2,1
RET0001052,PO0029963,VND00102,SKU1129,Electronics,05/29/2022,Quality Failure,246,433.77,Manager_A,Processed,106707.42,1
RET0004613,PO0014307,VND00987,SKU4132,Textiles,09/13/2021,Over Shipment,417,1721.98,Manager_A,Processed,718065.66,1
RET0000035,PO0010741,VND00269,SKU3100,Machinery,07/18/2021,,397,2728.57,Manager_B,Pending,1083242.29,1
RET0003240,PO0020177,VND00649,SKU5116,Machinery,04/15/2021,Expired,152,2016.47,Manager_A,Pending,306503.44,1
RET0002854,PO0021287,VND00015,SKU1843,Textiles,10/17/2024,Expired Product,189,1175.4,Manager_A,Processed,222150.6,1
RET0003615,PO0026065,VND00399,SKU3700,Chemicals,11/18/2023,Quality Failure,401,4729.23,Manager_B,Processed,1896421.23,1
RET0000439,PO0011286,VND00529,SKU2985,Chemicals,05/06/2021,Damaged Packaging,200,4348,Manager_A,Processed,869600,1
RET0001450,PO0001060,VND00741,SKU3377,Chemicals,05/09/2024,Defective Item,96,1545.59,Manager_B,Processed,148376.64,1
RET0000513,PO0035894,VND00697,SKU5265,Raw Material,03/12/2022,Quality Failure,98,4949.8,Manager_A,Processed,485080.4,1
RET0001326,PO0032247,VND00092,SKU5359,Textiles,02/11/2022,Damaged Packaging,26,4036.17,,Processed,104940.42,1
RET0000071,PO0001170,VND00735,SKU5452,Raw Material,03/15/2022,Expired Product,382,262.44,Manager_C,Rejected,100252.08,1
RET0000072,PO0036344,VND00225,SKU2502,Textiles,02/02/2024,Over Shipment,318,125.3,Manager_B,Processed,39845.4,1
RET0000326,PO0010127,VND00180,SKU4365,IT Equipment,08/13/2021,Wrong Item Delivered,282,1138.81,Manager_B,Processed,321144.42,1
RET0002595,PO0019240,VND00741,SKU3453,IT Equipment,08/01/2024,Over Shipment,446,4865.94,Manager_C,Processed,2170209.24,1
RET0003083,PO0018846,VND00124,SKU3477,Machinery,09/10/2023,Expired Product,286,4109.73,Manager_B,Processed,1175382.78,1
RET0004859,PO0044967,VND00695,SKU3514,Spare Parts,01/23/2022,Expired Product,373,3676.37,Manager_C,Processed,1371286.01,1
RET0001236,PO0043616,VND00307,SKU1492,Chemicals,07/04/2021,Defective Item,208,1165.17,,Rejected,242355.36,1
RET0002090,PO0031406,VND00571,SKU5284,IT Equipment,03/20/2024,Defective Item,256,1593.42,Manager_A,Pending,407915.52,1
RET0000082,PO0036023,VND00563,SKU5924,Electronics,11/11/2021,Wrong Quantity,81,2114.83,Manager_A,Processed,171301.23,1
RET0000816,PO0037083,VND00031,SKU1646,Machinery,04/21/2022,Wrong Quantity,443,4400.56,Manager_B,Pending,1949448.08,1
RET0001031,PO0024397,VND00470,SKU1410,IT Equipment,12/24/2023,Wrong Quantity,325,596.49,Manager_B,Processed,193859.25,1
RET0002031,PO0031585,VND00449,SKU5255,Machinery,08/13/2024,Expired Product,252,3926.75,Manager_C,,989541,1
RET0001989,PO0030509,VND00994,SKU5194,Raw Material,12/28/2024,Defective Item,393,3939.49,,Processed,1548219.57,1
RET0002929,PO0024873,VND00119,SKU5076,Spare Parts,07/07/2023,Wrong Quantity,438,425.47,Manager_C,Processed,186355.86,1
RET0004826,PO0033563,VND00108,SKU3075,Textiles,04/28/2022,Over Shipment,198,863.77,Manager_C,Processed,171026.46,1
RET0000258,PO0045139,VND00604,SKU1811,Raw Material,01/13/2022,Quality Failure,381,3946.76,Manager_C,Pending,1503715.56,1
RET0000229,PO0022819,VND00659,SKU5129,Chemicals,03/09/2024,Wrong Item Delivered,33,3810.38,Manager_A,Pending,125742.54,1
RET0002505,PO0017454,VND00467,SKU5549,Packaging,03/04/2023,Wrong Quantity,425,1751.65,Manager_A,Processed,744451.25,1
RET0000272,PO0000966,VND00848,SKU5273,IT Equipment,03/16/2023,Expired Product,9,228.62,,Pending,2057.58,1
RET0004440,PO0042606,VND00595,SKU3020,Raw Material,03/16/2023,Wrong Quantity,232,698.07,Manager_C,Processed,161952.24,1
RET0002516,PO0032426,VND00060,SKU5305,Electronics,09/07/2024,Wrong Item,300,1512.83,Manager_B,Processed,453849,1
RET0003472,PO0000388,VND00760,SKU1269,Spare Parts,07/31/2023,wrong quantity,317,4115.72,Manager_C,Processed,1304683.24,1
RET0002169,PO0012424,VND00607,SKU5697,Raw Material,09/09/2021,Defective Item,393,705.13,,Processed,277116.09,1
RET0001943,PO0037924,VND00101,SKU4669,Machinery,10/25/2024,Damaged Packaging,358,2263.11,Manager_B,Processed,810193.38,1
RET0002087,PO0003420,VND00201,SKU5493,Electronics,03/22/2024,Damaged Packaging,181,4807.83,Manager_A,Processed,870217.23,1
RET0003736,PO0036316,VND00816,SKU1155,Chemicals,10/12/2021,Over Shipment,70,4989.12,Manager_B,Processed,349238.4,1
RET0002773,PO0023937,VND00465,SKU2143,Raw Material,04/11/2024,Over Shipment,113,3918.55,Manager_A,Processed,442796.15,1
RET0003987,PO0037400,VND00390,SKU5064,Chemicals,03/17/2022,Quality Failure,353,3317.69,,Rejected,1171144.57,1
RET0001737,PO0046007,VND00020,SKU2172,Electronics,04/16/2024,Defective Item,360,642.29,,Processed,231224.4,1
RET0002625,PO0037000,VND00476,SKU3509,Raw Material,08/04/2021,,184,1861.01,Manager_B,Rejected,342425.84,1
RET0002209,PO0028277,VND00816,SKU3967,Machinery,06/14/2021,Damaged Packaging,274,830.52,,Processed,227562.48,1
RET0004677,PO0046925,VND00832,SKU1827,Textiles,08/20/2023,Over Shipment,470,1256.59,Manager_B,Processed,590597.3,1
RET0002132,PO0025030,VND00459,SKU5196,Textiles,06/04/2023,Wrong Item,499,2074.11,Manager_A,,1034980.89,1
RET0001809,PO0001041,VND00063,SKU5729,IT Equipment,07/27/2024,Quality Failure,424,1059.67,Manager_C,Pending,449300.08,1
RET0001946,PO0041370,VND00106,SKU4110,Electronics,09/18/2021,Expired Product,108,1062.97,Manager_A,Pending,114800.76,1
RET0000007,PO0008385,VND00077,SKU4870,Raw Material,03/27/2023,,67,2907.04,Manager_C,Pending,194771.68,1
RET0000773,PO0030254,VND00225,SKU4356,Textiles,09/06/2023,Defective Item,458,3422.94,,Processed,1567706.52,1
RET0003329,PO0037198,VND00603,SKU1047,Packaging,02/27/2021,Defective Item,213,66.74,,Processed,14215.62,1
RET0000972,PO0044967,VND00547,SKU2754,Chemicals,07/20/2023,Defective Item,483,2123.27,Manager_B,Processed,1025539.41,1
RET0003587,PO0025937,VND00994,SKU2456,Electronics,07/06/2023,Damaged Packaging,362,2355.77,Manager_B,Processed,852788.74,1
RET0001997,PO0020171,VND00816,SKU2371,Spare Parts,05/15/2024,Wrong Item Delivered,398,4443.56,Manager_B,Pending,1768536.88,1
RET0000627,PO0029513,VND00681,SKU2591,Spare Parts,11/04/2023,Expired Product,33,1798.98,,Processed,59366.34,1
RET0004690,PO0046909,VND00198,SKU4813,Chemicals,12/23/2022,Over Shipment,272,1231.6,Manager_A,Rejected,334995.2,1
RET0002174,PO0032728,VND00591,SKU4951,Machinery,01/02/2021,Wrong Item Delivered,484,2780.78,Manager_B,Pending,1345897.52,1
RET0000402,PO0037756,VND00055,SKU4511,Chemicals,05/09/2021,Damaged Packaging,70,489.9,Manager_B,Processed,34293,1
RET0000397,PO0043082,VND00989,SKU4503,Textiles,01/31/2024,Damaged Packaging,129,4251.67,Manager_B,Processed,548465.43,1
RET0003748,PO0026914,VND00531,SKU3282,Packaging,10/06/2024,Quality Failure,265,2087.14,Manager_A,Processed,553092.1,1
RET0000306,PO0007937,VND00449,SKU3978,Machinery,04/07/2023,Quality Failure,324,2202.05,Manager_C,Pending,713464.2,1
RET0000874,PO0034918,VND00989,SKU5459,Raw Material,04/21/2021,Expired Product,322,221.69,Manager_C,Pending,71384.18,1
RET0003674,PO0043787,VND00385,SKU4762,Packaging,03/24/2021,Damaged Packaging,145,3015.58,Manager_A,Processed,437259.1,1
RET0001862,PO0001608,VND00842,SKU3191,Raw Material,02/24/2024,Quality Failure,245,1909.23,Manager_B,Processed,467761.35,1
RET0002609,PO0019473,VND00157,SKU5125,Packaging,12/06/2024,Damaged Packaging,437,4362.05,Manager_B,Processed,1906215.85,1
RET0003217,PO0012612,VND00148,SKU3181,Electronics,03/04/2024,Expired Product,300,4819.71,,Pending,1445913,1
RET0004415,PO0041029,VND00422,SKU3654,Electronics,06/26/2023,Expired product,200,4043.96,Manager_C,Processed,808792,1
RET0002179,PO0039931,VND00812,SKU2380,Packaging,07/18/2022,Over Shipment,4,3601.7,Manager_B,Processed,14406.8,1
RET0001483,PO0049978,VND00001,SKU3228,IT Equipment,04/07/2023,Damaged Packaging,300,1074.09,Manager_B,Pending,322227,1
RET0001724,PO0024015,VND00471,SKU2314,Textiles,02/22/2024,Quality Failure,132,885.61,Manager_A,Processed,116900.52,1
RET0003147,PO0026182,VND00911,SKU4536,Raw Material,12/30/2022,Over Shipment,362,413.72,Manager_A,Rejected,149766.64,1
RET0000270,PO0007322,VND00158,SKU5953,Electronics,06/17/2024,Over Shipment,474,3739.45,,Processed,1772499.3,1
RET0003974,PO0008398,VND00697,SKU3602,Spare Parts,01/20/2022,Wrong Item Delivered,233,2565.92,Manager_B,Processed,597859.36,1
RET0001287,PO0019393,VND00695,SKU3234,Electronics,11/30/2023,Quality Failure,348,4225.6,Manager_A,Processed,1470508.8,1
RET0000521,PO0047391,VND00752,SKU4258,Spare Parts,07/09/2023,Over Shipment,312,345.93,Manager_B,Processed,107930.16,1
RET0003574,PO0013206,VND00579,SKU4617,Packaging,08/25/2024,Quality Failure,378,4738.98,Manager_C,Pending,1791334.44,1
RET0002974,PO0007131,VND00286,SKU4914,IT Equipment,08/26/2024,Damaged Packaging,118,799,Manager_B,Pending,94282,1
RET0004347,PO0023603,VND00885,SKU3842,Raw Material,02/05/2024,Over Shipment,159,823.81,Manager_C,Processed,130985.79,1
RET0001589,PO0011617,VND00499,SKU1976,Machinery,03/10/2023,,137,4111.08,Manager_C,Pending,563217.96,1
RET0000888,PO0000251,VND00589,SKU5321,Chemicals,12/27/2023,Wrong Item Delivered,271,1775.2,Manager_A,Rejected,481079.2,1
RET0004532,PO0012741,VND00152,SKU1757,Raw Material,06/29/2021,Defective Item,270,4450.54,Manager_B,Processed,1201645.8,1
RET0001175,PO0036071,VND00156,SKU3986,Raw Material,06/28/2022,Wrong Quantity,177,4937.58,Manager_B,Processed,873951.66,1
RET0003749,PO0030289,VND00725,SKU5685,Textiles,04/06/2022,Wrong Quantity,112,1067.24,Manager_C,Processed,119530.88,1
RET0003918,PO0031244,VND00956,SKU2473,Textiles,03/02/2021,Over Shipment,57,1965.41,,Rejected,112028.37,1
RET0003614,PO0006879,VND00483,SKU3575,IT Equipment,02/09/2021,Damaged Packaging,300,3453.44,Manager_A,Processed,1036032,1
RET0000966,PO0009344,VND00096,SKU2163,IT Equipment,01/19/2021,Defective Item,261,3003.83,Manager_C,Rejected,783999.63,1
RET0002715,PO0040070,VND00331,SKU4331,Raw Material,07/04/2021,Expired Product,209,4285.71,Manager_A,Rejected,895713.39,1
RET0002345,PO0046552,VND00071,SKU3644,Spare Parts,03/07/2022,Quality Failure,454,4306.11,,Processed,1954973.94,1
RET0002994,PO0016999,VND00964,SKU5139,Packaging,01/24/2024,Quality Failure,398,646.31,Manager_C,Processed,257231.38,1
RET0001253,PO0040654,VND00609,SKU5709,Raw Material,06/15/2022,Quality Failure,73,2345.93,,Processed,171252.89,1
RET0000576,PO0036017,VND00834,SKU2414,Raw Material,07/23/2021,Wrong Quantity,121,4599.74,Manager_B,Processed,556568.54,1
RET0000853,PO0031948,VND00683,SKU2355,Spare Parts,01/12/2022,,147,1722.01,,Processed,253135.47,1
RET0000290,PO0006044,VND00389,SKU1190,Electronics,07/07/2022,Wrong Quantity,233,1562.46,Manager_C,Pending,364053.18,1
RET0004594,PO0000547,VND00061,SKU4421,Chemicals,04/27/2023,Over Shipment,13,2807.25,Manager_B,Processed,36494.25,1
RET0004030,PO0033285,VND00581,SKU2228,Machinery,11/16/2023,Defective Item,150,1482.01,Manager_C,Pending,222301.5,1
RET0004624,PO0028285,VND00924,SKU5314,Chemicals,04/29/2022,Defective Item,497,4458.58,Manager_B,Pending,2215914.26,1
RET0004058,PO0000614,VND00620,SKU4002,Spare Parts,09/03/2024,Over Shipment,282,3923.54,Manager_C,Processed,1106438.28,1
RET0002774,PO0014975,VND00223,SKU5774,Textiles,11/11/2023,Defective Item,397,4334.15,Manager_A,Pending,1720657.55,1
RET0003988,PO0016772,VND00597,SKU1762,Spare Parts,04/11/2024,Defective Item,129,3137.33,Manager_C,Processed,404715.57,1
RET0002425,PO0033658,VND00596,SKU4086,Raw Material,05/21/2021,Expired Product,82,141.69,Manager_C,Rejected,11618.58,1
RET0002967,PO0013311,VND00628,SKU3117,Packaging,04/30/2022,Wrong Quantity,472,4012.18,Manager_B,Pending,1893748.96,1
RET0000374,PO0028118,VND00657,SKU2442,Raw Material,10/15/2021,Wrong Quantity,485,570.89,Manager_A,Processed,276881.65,1
RET0000040,PO0000006,VND00727,SKU5071,Packaging,06/17/2024,Expired Product,111,340.26,Manager_C,Processed,37768.86,1
RET0004998,PO0032715,VND00502,SKU2213,Textiles,02/18/2024,Wrong Item,82,1864.75,Manager_B,Pending,152909.5,1
RET0000638,PO0039355,VND00282,SKU3210,Raw Material,04/13/2021,Over Shipment,357,41.82,,Processed,14929.74,1
RET0001426,PO0048022,VND00747,SKU5402,Chemicals,01/27/2021,Defective Item,226,3624.7,Manager_C,Processed,819182.2,1
RET0004208,PO0008549,VND00054,SKU2609,Spare Parts,12/04/2023,Expired Product,265,4620.2,Manager_A,Processed,1224353,1
RET0003072,PO0002569,VND00034,SKU1670,Machinery,09/11/2022,Quality Failure,206,4999.26,Manager_B,Processed,1029847.56,1
RET0004480,PO0014905,VND00387,SKU1126,Packaging,04/03/2023,,294,3827.3,Manager_B,Pending,1125226.2,1
RET0001880,PO0021441,VND00628,SKU5977,Textiles,12/18/2024,Wrong Item,481,3122.59,Manager_C,Processed,1501965.79,1
RET0001738,PO0047590,VND00638,SKU4888,Chemicals,10/27/2024,,295,284.33,,Processed,83877.35,1
RET0000463,PO0039665,VND00868,SKU5604,IT Equipment,12/31/2022,Quality Failure,138,2335.61,,Pending,322314.18,1
RET0004581,PO0024865,VND00421,SKU5005,Raw Material,04/28/2024,Damaged Packaging,108,3794.12,Manager_A,Pending,409764.96,1
RET0000249,PO0017996,VND00688,SKU3834,Textiles,05/11/2024,Defective Item,105,3484.36,Manager_C,Processed,365857.8,1
RET0001560,PO0037571,VND00513,SKU1009,Electronics,12/29/2024,Expired Product,432,2418,Manager_B,Pending,1044576,1
RET0000571,PO0035679,VND00657,SKU4395,Raw Material,02/08/2024,Expired Product,94,3514.9,,Processed,330400.6,1
RET0002143,PO0029336,VND00427,SKU2989,Chemicals,07/16/2021,Expired Product,244,2650.46,Manager_C,Pending,646712.24,1
RET0003737,PO0019597,VND00738,SKU5586,Chemicals,03/10/2024,Damaged Packaging,55,1964.88,Manager_A,,108068.4,1
RET0000681,PO0024489,VND00543,SKU1412,Electronics,10/30/2023,Defective Item,324,2289.96,Manager_B,Processed,741947.04,1
RET0003705,PO0022917,VND00583,SKU2700,Chemicals,06/10/2023,Defective Item,241,571.25,Manager_A,Processed,137671.25,1
RET0000289,PO0041309,VND00838,SKU5604,Machinery,04/20/2021,Expired Product,475,956.82,,Processed,454489.5,1
RET0001334,PO0038751,VND00070,SKU2099,Spare Parts,03/18/2023,Damaged Packaging,463,2769.32,Manager_C,Processed,1282195.16,1
RET0001118,PO0017468,VND00957,SKU2130,Electronics,01/08/2023,Wrong Item Delivered,118,1268.09,Manager_C,Processed,149634.62,1
RET0000612,PO0028011,VND00198,SKU2091,Machinery,08/12/2021,Wrong Item Delivered,340,1483.26,Manager_B,Processed,504308.4,1
RET0002362,PO0029668,VND00198,SKU1176,Raw Material,12/31/2023,Quality Failure,420,2258.38,,Pending,948519.6,1
RET0000871,PO0040474,VND00005,SKU3813,IT Equipment,05/07/2022,Quality Failure,331,259.71,Manager_A,Processed,85964.01,1
RET0001605,PO0015550,VND00002,SKU5358,Packaging,07/04/2022,Defective Item,497,4273.24,Manager_B,Processed,2123800.28,1
RET0004618,PO0033485,VND00373,SKU2133,Raw Material,01/21/2023,Quality Failure,254,1860.3,Manager_B,Rejected,472516.2,1
RET0001451,PO0038139,VND00470,SKU1025,Chemicals,03/21/2021,Wrong Quantity,244,4694.21,Manager_C,Pending,1145387.24,1
RET0002189,PO0000206,VND00195,SKU1265,IT Equipment,09/21/2023,Damaged Packaging,363,3693.86,Manager_A,Processed,1340871.18,1
RET0003905,PO0021413,VND00415,SKU5880,Textiles,03/16/2021,Wrong Quantity,120,169.57,Manager_B,Pending,20348.4,1
RET0002054,PO0034989,VND00332,SKU3029,Raw Material,05/11/2022,Expired Product,463,2655.56,,Pending,1229524.28,1
RET0003514,PO0007750,VND00855,SKU3640,Chemicals,02/14/2021,Defective Item,3,1428.09,Manager_A,Processed,4284.27,1
RET0001923,PO0038973,VND00111,SKU2565,Electronics,03/17/2021,Wrong Item Delivered,380,750.48,Manager_A,Processed,285182.4,1
RET0004552,PO0016599,VND00902,SKU2206,Machinery,06/18/2022,Expired Product,126,3733.13,,,470374.38,1
RET0004615,PO0046642,VND00770,SKU2933,Electronics,05/07/2024,Expired Product,428,4766.22,Manager_A,Pending,2039942.16,1
RET0004988,PO0016487,VND00482,SKU3401,IT Equipment,09/06/2024,Defective Item,205,133.85,,Processed,27439.25,1
RET0002499,PO0027614,VND00377,SKU4589,Chemicals,03/30/2022,Damaged Packaging,369,3246.9,,Processed,1198106.1,1
RET0003442,PO0016599,VND00514,SKU1911,Electronics,06/21/2024,Over Shipment,98,2659.02,Manager_A,,260583.96,1
RET0002228,PO0048119,VND00496,SKU5155,Machinery,08/24/2021,Defective Item,36,2724.2,Manager_B,Processed,98071.2,1
RET0001835,PO0022733,VND00967,SKU5793,Electronics,02/09/2022,,253,1683.53,Manager_C,Processed,425933.09,1
RET0004605,PO0006081,VND00608,SKU4643,Chemicals,04/11/2022,Expired Product,140,2721.67,Manager_B,Pending,381033.8,1
RET0003795,PO0048178,VND00224,SKU3259,Spare Parts,10/27/2021,Damaged Packaging,21,684.16,Manager_A,Pending,14367.36,1
RET0004049,PO0026620,VND00619,SKU5951,Electronics,10/28/2024,,438,2937.54,Manager_A,Processed,1286642.52,1
RET0000375,PO0002627,VND00401,SKU4492,Raw Material,03/07/2021,Damaged Packaging,109,2511.64,Manager_B,Processed,273768.76,1
RET0001987,PO0007449,VND00548,SKU3885,Textiles,07/04/2022,Quality Failure,23,3554.21,Manager_C,Processed,81746.83,1
RET0003001,PO0028877,VND00759,SKU5052,IT Equipment,02/01/2024,Wrong Quantity,423,237.59,Manager_C,Pending,100500.57,1
RET0000947,PO0022896,VND00582,SKU3726,IT Equipment,11/30/2024,Over Shipment,259,67.24,Manager_A,Rejected,17415.16,1
RET0001260,PO0048106,VND00881,SKU4642,Packaging,01/15/2021,Defective Item,234,1137.55,Manager_B,Processed,266186.7,1
RET0001789,PO0001967,VND00355,SKU4526,Textiles,02/21/2022,Over Shipment,55,1386.9,Manager_C,Pending,76279.5,1
RET0000247,PO0026211,VND00887,SKU2015,Spare Parts,12/14/2024,Quality Failure,221,4345.81,Manager_B,Rejected,960424.01,1
RET0001336,PO0005850,VND00641,SKU2508,Spare Parts,08/08/2023,,80,2684.8,Manager_B,Processed,214784,1
RET0000480,PO0026313,VND00345,SKU1293,Textiles,04/06/2022,Quality Failure,431,2388.58,Manager_A,Processed,1029477.98,1
RET0003179,PO0023909,VND00772,SKU3259,Machinery,03/15/2022,,375,3220.05,,Processed,1207518.75,1
RET0001839,PO0020011,VND00762,SKU3552,Textiles,10/11/2021,Quality Failure,62,2312.12,Manager_B,Rejected,143351.44,1
RET0004950,PO0007453,VND00286,SKU3017,IT Equipment,02/16/2022,Quality Failure,256,2781.34,Manager_C,Processed,712023.04,1
RET0004562,PO0003404,VND00970,SKU3968,Spare Parts,05/23/2023,Expired Product,285,4242.05,Manager_C,Rejected,1208984.25,1
RET0000676,PO0007567,VND00478,SKU4630,Electronics,02/29/2024,Wrong Quantity,118,2918.42,Manager_C,Pending,344373.56,1
RET0004249,PO0008791,VND00388,SKU5048,IT Equipment,12/18/2022,Expired Product,383,3067.68,Manager_C,Pending,1174921.44,1
RET0000050,PO0032085,VND00463,SKU1211,Textiles,03/28/2021,Expired Product,344,2963.39,Manager_A,Processed,1019406.16,1
RET0002114,PO0012066,VND00923,SKU4654,Spare Parts,09/01/2024,Damaged Packaging,469,4422.54,Manager_B,Processed,2074171.26,1
RET0000633,PO0039139,VND00576,SKU4330,Spare Parts,03/17/2024,Defective Item,2,2987.4,Manager_A,Rejected,5974.8,1
RET0001969,PO0034628,VND00631,SKU3393,Textiles,05/01/2023,Expired Product,468,326.14,Manager_C,Processed,152633.52,1
RET0003530,PO0030250,VND00003,SKU1188,Chemicals,06/27/2023,Quality Failure,226,2174.72,,Processed,491486.72,1
RET0000727,PO0012356,VND00634,SKU5674,Raw Material,09/24/2023,Expired Product,384,3941.1,Manager_C,Processed,1513382.4,1
RET0001761,PO0027037,VND00233,SKU3467,Spare Parts,03/01/2022,Quality Failure,18,3610.26,Manager_C,Processed,64984.68,1
RET0004954,PO0013634,VND00217,SKU3852,Textiles,02/28/2024,Defective Item,214,74.11,,Processed,15859.54,1
RET0000999,PO0046538,VND00001,SKU3046,Packaging,07/25/2024,Quality Failure,430,1074.63,Manager_B,Processed,462090.9,1
RET0002183,PO0017195,VND00577,SKU2012,Chemicals,03/27/2024,Wrong Item Delivered,176,4628.37,,Processed,814593.12,1
RET0001058,PO0016681,VND01000,SKU4992,Spare Parts,08/25/2021,Wrong Item Delivered,177,1683.08,Manager_C,Processed,297905.16,1
RET0003230,PO0012423,VND00921,SKU3908,Chemicals,04/02/2021,Over Shipment,453,4646.84,Manager_C,Processed,2105018.52,1
RET0003677,PO0000162,VND00426,SKU2058,Raw Material,09/28/2022,Over Shipment,338,4314.93,,Processed,1458446.34,1
RET0004101,PO0042445,VND00727,SKU5431,Spare Parts,10/24/2023,Expired Product,359,3405.14,,Pending,1222445.26,1
RET0003401,PO0007966,VND00440,SKU1083,Chemicals,04/19/2023,Quality Failure,275,198.73,Manager_B,Processed,54650.75,1
RET0004813,PO0007182,VND00544,SKU2440,Textiles,06/20/2022,,456,2104.52,Manager_B,Processed,959661.12,1
RET0001239,PO0048666,VND00179,SKU5323,Packaging,01/08/2022,Wrong Item Delivered,210,3014.76,,Processed,633099.6,1
RET0002757,PO0045530,VND00301,SKU1474,Machinery,01/30/2022,Expired Product,375,1759.42,Manager_C,Pending,659782.5,1
RET0004252,PO0013688,VND00178,SKU3082,Spare Parts,08/12/2021,Wrong Quantity,114,2884.48,,Pending,328830.72,1
RET0002495,PO0018846,VND00446,SKU1375,Machinery,12/10/2023,Damaged Packaging,305,693.56,Manager_C,Pending,211535.8,1
RET0000802,PO0006206,VND00226,SKU5031,Spare Parts,03/01/2021,Over Shipment,258,190.49,Manager_A,Processed,49146.42,1
RET0002266,PO0014468,VND00820,SKU1351,Spare Parts,09/09/2023,Over Shipment,212,2660.3,,Processed,563983.6,1
RET0004041,PO0029353,VND00566,SKU3103,Chemicals,01/14/2023,Defective Item,308,3996.92,Manager_B,Processed,1231051.36,1
RET0001011,PO0047975,VND00845,SKU4730,Textiles,09/04/2023,wrong quantity,493,4772.76,Manager_A,Rejected,2352970.68,1
RET0002596,PO0016940,VND00778,SKU5926,Electronics,02/09/2021,Wrong Item,216,4416.11,Manager_B,Processed,953879.76,1
RET0003281,PO0025075,VND00380,SKU3555,IT Equipment,02/19/2021,Defective Item,453,1796.03,Manager_A,Processed,813601.59,1
RET0002909,PO0030701,VND00175,SKU2345,Machinery,04/10/2023,Over Shipment,270,1233.01,Manager_C,Pending,332912.7,1
RET0000069,PO0010665,VND00210,SKU5615,Spare Parts,10/24/2023,Damaged Packaging,444,501.38,Manager_C,Pending,222612.72,1
RET0001183,PO0015758,VND00181,SKU4713,Machinery,04/15/2022,Defective Item,320,1312.97,,Processed,420150.4,1
RET0002982,PO0028763,VND00985,SKU2768,Machinery,06/20/2023,Damaged Packaging,481,1509.93,Manager_C,Processed,726276.33,1
RET0003810,PO0040093,VND00419,SKU5577,Textiles,04/01/2022,Damaged Packaging,480,4943.24,Manager_A,Processed,2372755.2,1
RET0000668,PO0026484,VND00586,SKU4884,Raw Material,08/24/2024,Wrong Quantity,297,2160.61,Manager_B,Processed,641701.17,1
RET0003208,PO0022786,VND00746,SKU3465,IT Equipment,03/02/2023,Wrong Item Delivered,81,1767.36,,Pending,143156.16,1
RET0003829,PO0041453,VND00814,SKU1732,IT Equipment,06/01/2021,Over Shipment,336,10.96,Manager_A,Rejected,3682.56,1
RET0000179,PO0013324,VND00932,SKU1712,Spare Parts,12/21/2024,Quality Failure,399,765.76,Manager_B,Processed,305538.24,1
RET0002531,PO0005701,VND00498,SKU1643,IT Equipment,04/16/2021,Wrong Quantity,27,1253.31,Manager_A,Processed,33839.37,1
RET0004154,PO0022611,VND00495,SKU2205,Raw Material,07/29/2021,wrong quantity,260,1246.3,Manager_C,Processed,324038,1
RET0003968,PO0005340,VND00705,SKU1914,Spare Parts,12/21/2021,Quality Failure,499,2697.05,Manager_A,Processed,1345827.95,1
RET0000899,PO0014507,VND00355,SKU3092,IT Equipment,04/29/2022,over shipment,404,4006.33,Manager_B,Pending,1618557.32,1
RET0003434,PO0046171,VND00457,SKU4065,Textiles,02/05/2021,Wrong Quantity,251,2014.63,Manager_A,Processed,505672.13,1
RET0000483,PO0032963,VND00208,SKU4954,Chemicals,10/01/2024,Damaged Packaging,426,3218.84,Manager_C,Processed,1371225.84,1
RET0001520,PO0013785,VND00026,SKU2263,Chemicals,03/05/2023,Quality Failure,299,1947.1,Manager_C,Processed,582182.9,1
RET0003663,PO0023041,VND00974,SKU5859,Chemicals,01/30/2023,Wrong Item Delivered,144,2209.71,Manager_C,Pending,318198.24,1
RET0000079,PO0001723,VND00711,SKU4664,Chemicals,04/01/2023,Expired Product,267,1983.64,,Processed,529631.88,1
RET0004245,PO0039520,VND00489,SKU5088,Chemicals,09/15/2023,Wrong Item Delivered,221,2187.3,Manager_A,Processed,483393.3,1
RET0004578,PO0014736,VND00011,SKU3827,IT Equipment,02/04/2022,Expired Product,464,1970.89,,Processed,914492.96,1
RET0000423,PO0018467,VND00082,SKU4533,Spare Parts,09/01/2021,Over Shipment,473,1731.61,Manager_B,Rejected,819051.53,1
RET0000383,PO0001568,VND00983,SKU4311,Textiles,01/14/2023,Expired Product,40,3474.4,Manager_C,Rejected,138976,1
RET0000016,PO0039381,VND00122,SKU3878,Chemicals,08/21/2021,Damaged Packaging,444,2815.95,Manager_A,Rejected,1250281.8,1
RET0002880,PO0029360,VND00820,SKU1595,Spare Parts,01/26/2022,Over Shipment,450,4230.04,,Processed,1903518,1
RET0002127,PO0039064,VND00292,SKU2686,Electronics,02/17/2024,Defective Item,416,732.68,Manager_A,Pending,304794.88,1
RET0001870,PO0030122,VND00858,SKU3037,IT Equipment,10/21/2024,Expired Product,253,4969.58,Manager_A,Processed,1257303.74,1
RET0004470,PO0039646,VND00354,SKU4684,Chemicals,03/24/2024,Quality Failure,392,4868.15,Manager_A,Pending,1908314.8,1
RET0002666,PO0042645,VND00130,SKU4684,Spare Parts,10/25/2022,Expired Product,407,1580.64,Manager_B,Processed,643320.48,1
RET0001549,PO0005150,VND00949,SKU2685,Machinery,02/24/2023,Wrong Quantity,98,1450.95,Manager_C,Processed,142193.1,1
RET0004898,PO0041986,VND00024,SKU2447,IT Equipment,06/17/2022,Expired Product,318,2362.3,Manager_A,Pending,751211.4,1
RET0002277,PO0024331,VND00706,SKU5311,Packaging,05/20/2021,Wrong Item Delivered,451,3799.53,Manager_A,Processed,1713588.03,1
RET0001745,PO0045875,VND00989,SKU1440,IT Equipment,09/19/2024,wrong quantity,288,1251.71,Manager_C,Processed,360492.48,1
RET0002848,PO0018738,VND00309,SKU5119,Packaging,08/06/2023,,355,4591.62,Manager_B,Pending,1630025.1,1
RET0003797,PO0002958,VND00893,SKU5051,Spare Parts,01/02/2023,Quality Failure,332,323.42,Manager_A,Processed,107375.44,1
RET0003081,PO0009367,VND00828,SKU5112,Machinery,11/30/2024,Wrong Quantity,298,3777.12,,Pending,1125581.76,1
RET0000168,PO0041652,VND00434,SKU4664,Spare Parts,11/09/2021,Damaged Packaging,373,2981.05,Manager_B,Pending,1111931.65,1
RET0003087,PO0040388,VND00205,SKU3903,Textiles,12/15/2024,Over Shipment,298,1276.48,,Pending,380391.04,1
RET0000901,PO0004773,VND00043,SKU3582,Machinery,08/08/2023,Damaged Packaging,433,4523.39,,Processed,1958627.87,1
RET0003931,PO0041298,VND00323,SKU1591,Textiles,08/17/2022,Over Shipment,455,1601.22,Manager_B,Rejected,728555.1,1
RET0002422,PO0028338,VND00370,SKU4462,Packaging,05/30/2024,Expired Product,110,2146.69,,Processed,236135.9,1
RET0004037,PO0014626,VND00958,SKU1652,Textiles,03/12/2021,,336,4991.89,Manager_C,Pending,1677275.04,1
RET0003750,PO0044825,VND00863,SKU4889,Chemicals,02/11/2022,Wrong Item Delivered,45,831.39,Manager_B,,37412.55,1
RET0003512,PO0026883,VND00981,SKU5645,Packaging,03/10/2021,Over Shipment,392,1531.09,Manager_A,Processed,600187.28,1
RET0000337,PO0030618,VND00413,SKU4025,IT Equipment,09/24/2021,Wrong Item Delivered,413,4062.31,,Processed,1677734.03,1
RET0001498,PO0021735,VND00106,SKU5162,IT Equipment,10/17/2022,Defective Item,157,4408.4,Manager_C,Processed,692118.8,1
RET0002342,PO0017883,VND00081,SKU1991,Spare Parts,07/16/2023,Expired Product,441,1883.82,Manager_C,Pending,830764.62,1
RET0004665,PO0018644,VND00567,SKU2602,Spare Parts,03/19/2024,Defective Item,96,2333.8,Manager_A,Processed,224044.8,1
RET0003057,PO0019764,VND00132,SKU3671,Textiles,07/17/2021,Damaged Packaging,379,3456.87,Manager_C,Pending,1310153.73,1
RET0002201,PO0033580,VND00079,SKU3082,Packaging,12/28/2024,Wrong Quantity,49,4666.33,,Processed,228650.17,1
RET0001202,PO0027933,VND00288,SKU1228,Textiles,07/26/2022,Damaged Packaging,81,38.13,Manager_A,Processed,3088.53,1
RET0004638,PO0004821,VND00186,SKU2850,Packaging,03/16/2022,Defective Item,73,689,Manager_B,Processed,50297,1
RET0002933,PO0049662,VND00507,SKU4136,IT Equipment,10/08/2021,Wrong Quantity,214,3904.39,Manager_B,Pending,835539.46,1
RET0004977,PO0042877,VND00462,SKU2978,Spare Parts,02/07/2023,Over Shipment,234,3362.98,,Pending,786937.32,1
RET0004408,PO0023547,VND00543,SKU3035,Packaging,11/04/2021,Defective Item,341,2214.46,Manager_B,Processed,755130.86,1
RET0003326,PO0010867,VND00568,SKU3599,Machinery,12/15/2023,Quality Failure,74,4619.18,Manager_B,Pending,341819.32,1
RET0003418,PO0026022,VND00181,SKU4543,Chemicals,04/17/2024,Wrong Item,124,1338.06,Manager_B,Pending,165919.44,1
RET0002048,PO0001937,VND00177,SKU1217,Textiles,06/14/2021,Expired Product,274,2514.75,Manager_A,Pending,689041.5,1
RET0002706,PO0045283,VND00309,SKU3611,IT Equipment,11/16/2021,Wrong Item Delivered,192,2767.33,Manager_A,Processed,531327.36,1
RET0003836,PO0014683,VND00947,SKU2286,Raw Material,10/09/2021,Wrong Item Delivered,79,1784.47,Manager_C,Processed,140973.13,1
RET0001588,PO0018006,VND00262,SKU4391,Raw Material,01/01/2022,Wrong Quantity,94,736.29,Manager_B,Processed,69211.26,1
RET0000841,PO0019478,VND00038,SKU4185,Electronics,02/07/2023,Defective Item,313,1102.47,Manager_C,Pending,345073.11,1
RET0001687,PO0002756,VND00899,SKU4170,Packaging,10/29/2023,Quality Failure,54,4003.52,,Processed,216190.08,1
RET0004837,PO0033828,VND00383,SKU4880,Electronics,06/12/2021,Quality Failure,286,769.66,Manager_C,Rejected,220122.76,1
RET0001247,PO0027835,VND00735,SKU3262,Textiles,07/15/2021,Defective Item,159,4999.97,Manager_B,Processed,794995.23,1
RET0003499,PO0003907,VND00503,SKU4202,Spare Parts,03/21/2023,Defective Item,174,3051.9,Manager_A,Pending,531030.6,1
RET0002451,PO0031407,VND00386,SKU3534,Raw Material,04/23/2022,Defective Item,58,1113.24,Manager_B,Pending,64567.92,1
RET0001563,PO0029291,VND00466,SKU5486,Packaging,12/06/2024,Quality Failure,233,3785.99,Manager_B,Processed,882135.67,1
RET0000809,PO0039347,VND00199,SKU3855,IT Equipment,07/28/2021,Over Shipment,217,1022.24,,Processed,221826.08,1
RET0003543,PO0011917,VND00846,SKU3888,Electronics,08/02/2021,Wrong Quantity,250,4136.63,Manager_A,Pending,1034157.5,1
RET0001489,PO0001474,VND00869,SKU1865,Chemicals,02/20/2021,Over Shipment,448,2036.3,Manager_B,Pending,912262.4,1
RET0001854,PO0035472,VND00456,SKU4087,Electronics,02/27/2023,Damaged Packaging,429,3529.7,Manager_B,Processed,1514241.3,1
RET0003432,PO0037110,VND00534,SKU2940,Electronics,04/09/2023,Expired Product,350,137.05,Manager_C,Rejected,47967.5,1
RET0003651,PO0033576,VND00692,SKU2884,Spare Parts,03/19/2023,Over Shipment,212,4384.47,,Pending,929507.64,1
RET0003351,PO0011656,VND00883,SKU4819,Chemicals,01/05/2023,Defective Item,242,4651.24,,Processed,1125600.08,1
RET0004699,PO0002938,VND00743,SKU1642,Spare Parts,08/28/2022,,109,211.8,Manager_B,Processed,23086.2,1
RET0004609,PO0045836,VND00877,SKU2525,Textiles,01/02/2021,Wrong Quantity,280,4952.91,Manager_C,Pending,1386814.8,1
RET0004687,PO0014494,VND00643,SKU4361,Spare Parts,06/25/2022,Defective Item,351,298.83,,Processed,104889.33,1
RET0000860,PO0008828,VND00224,SKU3889,Textiles,03/27/2023,Damaged Packaging,260,3412.27,Manager_A,Processed,887190.2,1
RET0000629,PO0008633,VND00628,SKU2297,Textiles,08/16/2024,Expired Product,443,2832.5,Manager_B,Processed,1254797.5,1
RET0001689,PO0038474,VND00807,SKU4235,Chemicals,02/15/2023,wrong quantity,278,184.56,,Processed,51307.68,1
RET0004662,PO0049021,VND00979,SKU5849,Textiles,09/13/2022,Wrong Quantity,93,4188.04,Manager_B,Processed,389487.72,1
RET0002797,PO0020296,VND00386,SKU1506,Raw Material,06/27/2022,Expired Product,348,669.97,Manager_A,Pending,233149.56,1
RET0004939,PO0008610,VND00696,SKU2014,Chemicals,02/06/2024,Defective Item,324,4484,Manager_C,Processed,1452816,1
RET0000073,PO0002411,VND00593,SKU2280,Spare Parts,03/11/2022,Wrong Item delivered,112,221.56,Manager_B,Pending,24814.72,1
RET0003496,PO0034292,VND00447,SKU5232,IT Equipment,05/14/2021,Wrong Item delivered,275,3843.09,Manager_C,Processed,1056849.75,1
RET0002964,PO0022187,VND00093,SKU3338,Raw Material,05/04/2021,Defective Item,229,1729.08,,Rejected,395959.32,1
RET0000424,PO0008744,VND00789,SKU1515,Spare Parts,05/29/2024,Over Shipment,35,716.56,,Pending,25079.6,1
RET0003521,PO0016235,VND00898,SKU1065,Chemicals,09/28/2023,Over Shipment,215,4282.71,Manager_B,Pending,920782.65,1
RET0000800,PO0011535,VND00727,SKU4087,Packaging,12/31/2024,Defective Item,499,963.04,,Pending,480556.96,1
RET0002844,PO0011731,VND00419,SKU3555,IT Equipment,03/23/2023,Expired Product,484,4976.24,Manager_C,Processed,2408500.16,1
RET0001557,PO0012590,VND00011,SKU4122,Spare Parts,02/04/2024,Expired Product,141,3208.74,,Processed,452432.34,1
RET0003817,PO0026029,VND00385,SKU4319,Electronics,10/18/2022,Over Shipment,475,3340.75,Manager_B,Pending,1586856.25,1
RET0003665,PO0046494,VND00790,SKU1366,Textiles,12/24/2024,Over Shipment,494,4782.44,Manager_C,Rejected,2362525.36,1
RET0002472,PO0041894,VND00018,SKU5740,Spare Parts,12/30/2023,Wrong Quantity,67,1322.54,Manager_C,Pending,88610.18,1
RET0000496,PO0046551,VND00171,SKU2657,Packaging,10/28/2024,Over Shipment,311,3301.65,Manager_C,Pending,1026813.15,1
RET0003599,PO0043939,VND00101,SKU4971,Textiles,11/04/2024,Damaged Packaging,75,854.74,Manager_B,Rejected,64105.5,1
RET0000509,PO0024547,VND00291,SKU1322,Raw Material,12/07/2023,Damaged Packaging,44,3527.03,Manager_C,Pending,155189.32,1
RET0002891,PO0003740,VND00926,SKU5791,Packaging,11/09/2022,Damaged Packaging,210,1391.65,,Processed,292246.5,1
RET0004526,PO0004771,VND00135,SKU2951,Electronics,03/27/2023,Defective Item,213,4013.15,Manager_B,Processed,854800.95,1
RET0001795,PO0019526,VND00898,SKU3468,Spare Parts,09/14/2021,Defective Item,182,2438.6,,Processed,443825.2,1
RET0001646,PO0042213,VND00168,SKU5226,IT Equipment,03/28/2023,Quality Failure,470,4121.74,Manager_B,Pending,1937217.8,1
RET0002786,PO0040428,VND00115,SKU3099,Packaging,05/29/2024,,317,2595.06,Manager_B,Processed,822634.02,1
RET0002108,PO0012558,VND00190,SKU3141,Packaging,02/17/2021,Wrong Item,274,449.94,,Pending,123283.56,1
RET0004495,PO0008827,VND00068,SKU2674,Textiles,05/04/2022,Damaged Packaging,161,100.5,Manager_B,Processed,16180.5,1
RET0004003,PO0020293,VND00607,SKU5401,Packaging,04/16/2022,Defective Item,353,4800.3,,Pending,1694505.9,1
RET0002381,PO0018036,VND00388,SKU3581,Chemicals,10/15/2024,Quality Failure,464,1397.43,Manager_C,Processed,648407.52,1
RET0001618,PO0020253,VND00656,SKU3190,Packaging,12/16/2021,Damaged Packaging,261,4850.98,Manager_B,Processed,1266105.78,1
RET0003271,PO0046688,VND00601,SKU5206,Electronics,10/19/2021,Quality Failure,83,378.04,Manager_B,Processed,31377.32,1
RET0002629,PO0039170,VND00623,SKU4199,Chemicals,06/02/2023,Defective Item,52,2829.57,Manager_C,Rejected,147137.64,1
RET0000931,PO0004109,VND00732,SKU3343,Spare Parts,02/26/2023,Wrong Item Delivered,298,1629.25,Manager_C,Processed,485516.5,1
RET0000421,PO0001938,VND00196,SKU5667,Packaging,04/13/2021,Over Shipment,412,3648.18,Manager_B,Processed,1503050.16,1
RET0003207,PO0041274,VND00881,SKU1673,Spare Parts,02/04/2021,Expired Product,45,569.31,Manager_B,Pending,25618.95,1
RET0004454,PO0025672,VND00636,SKU2579,Packaging,01/17/2024,Expired,97,1550.72,,Processed,150419.84,1
RET0004501,PO0014300,VND00638,SKU2234,Spare Parts,08/13/2021,Quality Failure,345,240.59,Manager_B,Processed,83003.55,1
RET0003715,PO0001605,VND00365,SKU4712,Textiles,01/26/2022,Damaged Packaging,123,422.9,Manager_B,Processed,52016.7,1
RET0001281,PO0025069,VND00827,SKU1108,Chemicals,04/10/2022,Over Shipment,46,159.29,,Processed,7327.34,1
RET0000268,PO0024632,VND00738,SKU4000,Electronics,04/04/2023,Quality Failure,397,3971.89,,Pending,1576840.33,1
RET0001128,PO0000028,VND00511,SKU1387,Electronics,03/18/2023,Damaged Packaging,104,791.77,Manager_A,Processed,82344.08,1
RET0004300,PO0033469,VND00453,SKU4210,IT Equipment,02/10/2023,Expired Product,270,4805.1,Manager_A,Processed,1297377,1
RET0001029,PO0049848,VND00003,SKU5889,Electronics,11/16/2021,Damaged Packaging,55,1873.36,Manager_B,Processed,103034.8,1
RET0003309,PO0038047,VND00622,SKU2283,Spare Parts,01/28/2021,Defective Item,463,4961.92,Manager_C,Processed,2297368.96,1
RET0004675,PO0028599,VND00338,SKU4669,Machinery,01/10/2024,Wrong Item Delivered,313,4936.57,Manager_A,Pending,1545146.41,1
RET0002167,PO0017351,VND00967,SKU5796,Packaging,08/27/2023,Damaged Packaging,381,2639.72,Manager_C,Processed,1005733.32,1
RET0002640,PO0025609,VND00914,SKU5229,Textiles,09/12/2024,Over Shipment,318,374.45,Manager_B,Pending,119075.1,1
RET0003792,PO0044997,VND00469,SKU2645,Machinery,06/13/2022,Defective Item,331,641.38,Manager_B,Pending,212296.78,1
RET0001900,PO0033265,VND00396,SKU2900,Electronics,05/06/2021,Wrong Item Delivered,248,257.93,Manager_C,Rejected,63966.64,1
RET0003380,PO0016934,VND00982,SKU5337,Packaging,12/14/2022,Over Shipment,80,4258.3,Manager_C,Processed,340664,1
RET0004225,PO0002466,VND00930,SKU4157,Electronics,03/29/2021,Quality Failure,84,356.36,Manager_B,Processed,29934.24,1
RET0001963,PO0000230,VND00733,SKU5772,Packaging,08/28/2021,Wrong Item Delivered,116,1411.19,Manager_A,Processed,163698.04,1
RET0002088,PO0001736,VND00798,SKU4046,Spare Parts,12/01/2023,Wrong Quantity,385,4658.77,Manager_B,Pending,1793626.45,1
RET0003786,PO0045945,VND00986,SKU1423,Spare Parts,01/19/2021,Wrong Quantity,288,2134.84,,Rejected,614833.92,1
RET0001728,PO0046440,VND00530,SKU3700,Electronics,11/17/2023,Damaged Packaging,398,702.51,Manager_A,Processed,279598.98,1
RET0002614,PO0033648,VND00077,SKU2582,Spare Parts,12/11/2023,Wrong Item Delivered,452,2875.82,Manager_A,Processed,1299870.64,1
RET0000143,PO0032801,VND00715,SKU2429,Textiles,02/05/2022,Wrong Item,168,4519.56,,Processed,759286.08,1
RET0002724,PO0037254,VND00783,SKU3585,Raw Material,12/15/2023,Quality Failure,36,1869.32,Manager_B,Processed,67295.52,1
RET0002074,PO0036023,VND00452,SKU5417,IT Equipment,07/13/2022,Quality Failure,299,3672.94,Manager_C,Processed,1098209.06,1
RET0004431,PO0012773,VND00648,SKU1934,IT Equipment,10/05/2022,Expired product,222,2227.7,Manager_C,Processed,494549.4,1
RET0001139,PO0044431,VND00005,SKU1496,Spare Parts,07/21/2023,Expired Product,438,3860.26,Manager_A,Pending,1690793.88,1
RET0003573,PO0047249,VND00635,SKU1794,Electronics,11/22/2023,Wrong Quantity,58,1736.74,Manager_A,Processed,100730.92,1
RET0000209,PO0013220,VND00333,SKU1827,Spare Parts,02/27/2021,Damaged Packaging,135,1173.17,Manager_A,Processed,158377.95,1
RET0003016,PO0020474,VND00762,SKU4313,Textiles,03/23/2021,Damaged Packaging,473,2037.83,Manager_B,Pending,963893.59,1
RET0001193,PO0037114,VND00072,SKU2182,Electronics,08/16/2022,,291,1662.05,Manager_C,Pending,483656.55,1
RET0004612,PO0013237,VND00896,SKU4730,Spare Parts,09/10/2021,Expired Product,64,4143.58,Manager_B,Processed,265189.12,1
RET0003697,PO0039325,VND00570,SKU4942,Spare Parts,08/08/2024,Wrong Item Delivered,101,4855.23,,Processed,490378.23,1
RET0003738,PO0025642,VND00193,SKU3031,Textiles,09/24/2022,Wrong Quantity,492,4682.49,,Processed,2303785.08,1
RET0000448,PO0011261,VND00307,SKU4451,Machinery,03/06/2024,Wrong Item Delivered,78,1894.26,Manager_B,Processed,147752.28,1
RET0001071,PO0010569,VND00751,SKU1317,Packaging,07/07/2024,Over Shipment,269,4242.64,Manager_A,Processed,1141270.16,1
RET0001556,PO0008405,VND00022,SKU1547,Packaging,11/14/2022,Defective Item,494,3321.71,,Pending,1640924.74,1
RET0002468,PO0005839,VND00257,SKU5041,Electronics,03/16/2023,Over Shipment,128,3344.7,Manager_C,Pending,428121.6,1
RET0003030,PO0015984,VND00548,SKU5454,Spare Parts,03/25/2021,Quality Failure,278,2925.78,Manager_B,Pending,813366.84,1
RET0003730,PO0048104,VND00984,SKU2863,Packaging,12/09/2021,Quality Failure,180,3933.87,,Processed,708096.6,1
RET0000454,PO0019087,VND00046,SKU3277,IT Equipment,01/04/2021,Quality Failure,183,3985.26,Manager_B,Pending,729302.58,1
RET0001791,PO0016208,VND00409,SKU1448,Machinery,11/21/2021,Expired Product,394,3326.69,Manager_A,Processed,1310715.86,1
RET0003420,PO0013691,VND00738,SKU1864,Chemicals,03/11/2024,Quality Failure,309,3683.09,Manager_A,Pending,1138074.81,1
RET0001430,PO0008567,VND00184,SKU5962,Chemicals,09/08/2021,Wrong Item Delivered,337,1081.34,Manager_B,Pending,364411.58,1
RET0003827,PO0004195,VND00767,SKU5264,Machinery,07/18/2024,Wrong Quantity,97,1542.35,Manager_C,Processed,149607.95,1
RET0000847,PO0012355,VND00604,SKU2678,Electronics,12/26/2024,Wrong Item Delivered,278,1757.49,Manager_A,Processed,488582.22,1
RET0004294,PO0028737,VND00597,SKU1909,IT Equipment,04/01/2024,Quality Failure,386,3647.81,Manager_C,Pending,1408054.66,1
RET0004765,PO0038125,VND00161,SKU2951,Textiles,08/29/2024,Wrong Item Delivered,281,3520.22,Manager_A,Processed,989181.82,1
RET0002218,PO0022998,VND00230,SKU4491,Raw Material,05/02/2023,Wrong Quantity,96,2667.15,Manager_C,Processed,256046.4,1
RET0000314,PO0000907,VND00892,SKU2799,Machinery,09/05/2022,Quality Failure,77,2220.83,Manager_B,Processed,171003.91,1
RET0000630,PO0004590,VND00104,SKU4557,Raw Material,05/03/2023,Over Shipment,269,3189.41,Manager_B,Processed,857951.29,1
RET0001548,PO0006801,VND00334,SKU4784,Textiles,12/08/2024,Quality Failure,6,2610.55,Manager_C,Processed,15663.3,1
RET0002272,PO0022198,VND00686,SKU1535,Raw Material,10/16/2023,Over Shipment,271,803.08,Manager_B,Pending,217634.68,1
RET0000890,PO0021545,VND00648,SKU2750,Packaging,08/15/2023,Expired,395,3619.98,Manager_A,Pending,1429892.1,1
RET0002042,PO0035972,VND00004,SKU3461,Spare Parts,02/03/2024,Expired Product,418,2648.02,Manager_B,Processed,1106872.36,1
RET0002084,PO0034067,VND00217,SKU5107,Raw Material,12/18/2024,Wrong Quantity,254,4764.5,Manager_C,Processed,1210183,1
RET0002970,PO0027250,VND00079,SKU3618,Raw Material,06/23/2023,Over Shipment,404,2835.13,Manager_B,Pending,1145392.52,1
RET0003796,PO0023081,VND00644,SKU5422,Raw Material,12/29/2021,Quality Failure,30,1923.79,,Processed,57713.7,1
RET0003088,PO0043416,VND00539,SKU3909,Electronics,07/06/2022,Quality Failure,214,1536.78,Manager_A,Pending,328870.92,1
RET0004685,PO0032677,VND00343,SKU3005,Machinery,12/10/2024,Defective Item,203,3254.73,Manager_A,Pending,660710.19,1
RET0000001,PO0043087,VND00113,SKU4939,Packaging,05/05/2024,Expired Product,366,1129.93,Manager_B,Pending,413554.38,1
RET0001173,PO0020616,VND00477,SKU2328,Raw Material,07/29/2024,Wrong Item Delivered,371,953.3,Manager_A,Processed,353674.3,1
RET0001036,PO0021879,VND00530,SKU4650,Machinery,02/24/2022,Over Shipment,38,1383.84,Manager_A,Processed,52585.92,1
RET0004523,PO0042124,VND00220,SKU2690,Packaging,12/06/2024,Wrong Quantity,342,4045.2,,Processed,1383458.4,1
RET0000565,PO0049560,VND00946,SKU2035,Packaging,12/01/2022,Damaged Packaging,376,1010.03,Manager_A,Processed,379771.28,1
RET0001662,PO0025669,VND00997,SKU1458,Raw Material,05/06/2022,Over Shipment,113,3166.7,Manager_C,Pending,357837.1,1
RET0001641,PO0026877,VND00070,SKU5278,Electronics,06/13/2023,Wrong Quantity,116,200.7,Manager_B,Pending,23281.2,1
RET0003047,PO0034098,VND00932,SKU2217,Machinery,03/11/2024,Quality Failure,190,3301.45,,Pending,627275.5,1
RET0000506,PO0015897,VND00011,SKU3351,Chemicals,08/11/2024,Defective Item,139,4101.3,Manager_A,Processed,570080.7,1
RET0002421,PO0040877,VND00975,SKU4589,Packaging,01/15/2024,Wrong Quantity,226,1806.8,,Pending,408336.8,1
RET0000974,PO0004144,VND00437,SKU2679,Chemicals,01/29/2022,,135,2370.28,Manager_B,Processed,319987.8,1
RET0000945,PO0014773,VND00126,SKU4494,Machinery,06/12/2022,Damaged Packaging,208,814.31,,Processed,169376.48,1
RET0003189,PO0031005,VND00877,SKU5589,Spare Parts,12/13/2023,Quality Failure,24,717.65,Manager_B,Processed,17223.6,1
RET0000577,PO0045735,VND00179,SKU3389,Textiles,02/02/2023,Wrong Item Delivered,76,3768.24,,Processed,286386.24,1
RET0002772,PO0029025,VND00492,SKU4160,Raw Material,12/22/2022,Wrong Item Delivered,243,3128.35,Manager_B,Processed,760189.05,1
RET0002697,PO0015023,VND00319,SKU3859,Machinery,09/17/2022,Damaged Packaging,128,4886.45,Manager_C,Processed,625465.6,1
RET0003535,PO0023999,VND00499,SKU1212,Chemicals,12/09/2021,Over Shipment,288,701.36,,Processed,201991.68,1
RET0003228,PO0035765,VND00485,SKU5682,Spare Parts,12/04/2024,Wrong Quantity,295,1108.93,Manager_C,Processed,327134.35,1
RET0002419,PO0011224,VND00247,SKU2152,Spare Parts,01/10/2023,Wrong Item Delivered,199,2595.43,Manager_B,Processed,516490.57,1
RET0001544,PO0045073,VND00012,SKU2030,IT Equipment,08/30/2024,Defective Item,343,1819.09,Manager_C,Processed,623947.87,1
RET0004168,PO0023010,VND00935,SKU1690,Raw Material,01/01/2022,Wrong Quantity,315,3536.02,,Processed,1113846.3,1
RET0000032,PO0010602,VND00429,SKU3111,Electronics,06/25/2023,Defective Item,376,4602.48,Manager_A,Pending,1730532.48,1
RET0002681,PO0008306,VND00808,SKU1549,Raw Material,08/30/2024,Defective Item,355,3269.77,,Rejected,1160768.35,1
RET0003893,PO0033807,VND00012,SKU4690,Electronics,07/06/2023,Defective Item,37,1732.85,,Rejected,64115.45,1
RET0003911,PO0024096,VND00747,SKU4335,Textiles,11/27/2024,Defective Item,157,2170.62,Manager_B,Pending,340787.34,1
RET0000018,PO0028223,VND00837,SKU4932,Packaging,10/18/2023,Wrong Quantity,180,4378.25,Manager_A,Rejected,788085,1
RET0000170,PO0023700,VND00376,SKU3548,Chemicals,09/16/2022,Expired,381,3817.37,,Pending,1454417.97,1
RET0004987,PO0030153,VND00524,SKU3844,Textiles,04/26/2021,Expired Product,304,237.2,Manager_A,Processed,72108.8,1
RET0002647,PO0031096,VND00326,SKU5255,Machinery,06/12/2021,Wrong Quantity,300,3719.09,,Processed,1115727,1
RET0000505,PO0000970,VND00274,SKU3232,Chemicals,05/09/2024,Wrong Quantity,447,2500.86,Manager_C,Processed,1117884.42,1
RET0001818,PO0040913,VND00702,SKU2668,Chemicals,02/02/2022,Damaged Packaging,18,4813.13,Manager_C,Processed,86636.34,1
RET0001633,PO0002403,VND00912,SKU4722,Textiles,10/12/2022,Defective Item,382,2262.85,Manager_C,Processed,864408.7,1
RET0004846,PO0008267,VND00158,SKU2636,Spare Parts,08/14/2021,Defective Item,365,4307.63,,Processed,1572284.95,1
RET0003362,PO0021988,VND00906,SKU4436,Textiles,05/10/2023,Damaged Packaging,389,2722.84,Manager_C,Pending,1059184.76,1
RET0004132,PO0030410,VND00343,SKU4259,Textiles,04/24/2023,Quality Failure,226,3751.82,Manager_A,Processed,847911.32,1
RET0002683,PO0004968,VND00327,SKU3285,Chemicals,05/01/2022,Quality Failure,30,3689.1,,Processed,110673,1
RET0001742,PO0045756,VND00453,SKU2316,Textiles,10/12/2021,Over Shipment,398,4886.19,,Processed,1944703.62,1
RET0002801,PO0016308,VND00423,SKU2723,Chemicals,07/09/2024,Damaged Packaging,376,2153.1,Manager_B,Pending,809565.6,1
RET0000039,PO0043606,VND00757,SKU2301,Textiles,02/01/2021,Over Shipment,378,2173.46,,Processed,821567.88,1
RET0000726,PO0021106,VND00340,SKU1517,Machinery,10/24/2023,Damaged Packaging,397,2657.64,,Pending,1055083.08,1
RET0000195,PO0042804,VND00061,SKU1753,Raw Material,04/17/2023,Defective Item,134,4736.79,Manager_C,Pending,634729.86,1
RET0003888,PO0026701,VND00915,SKU2216,Machinery,10/17/2022,Defective Item,29,3868.52,Manager_B,Processed,112187.08,1
RET0001230,PO0000770,VND00242,SKU5803,IT Equipment,09/29/2022,Damaged Packaging,354,2302,,Processed,814908,1
RET0002570,PO0036694,VND00162,SKU5122,Textiles,11/30/2023,Wrong Item Delivered,444,2425.66,Manager_B,Pending,1076993.04,1
RET0000663,PO0033484,VND00383,SKU2703,Packaging,08/18/2021,Over Shipment,165,1357.48,Manager_A,Pending,223984.2,1
RET0003268,PO0035342,VND00006,SKU3789,IT Equipment,07/31/2024,Wrong Quantity,327,4012.63,Manager_A,Processed,1312130.01,1
RET0001986,PO0029270,VND00951,SKU5919,Chemicals,10/06/2024,Quality Failure,54,3242.93,Manager_A,Pending,175118.22,1
RET0003385,PO0034852,VND00128,SKU3891,IT Equipment,11/19/2021,Over Shipment,103,2353.99,Manager_C,Pending,242460.97,1
RET0004749,PO0004121,VND00771,SKU4690,Machinery,05/15/2021,Wrong Item Delivered,185,1548.87,,Processed,286540.95,1
RET0001258,PO0041698,VND00167,SKU4097,Textiles,11/03/2021,Damaged Packaging,99,554.36,Manager_C,Pending,54881.64,1
RET0004773,PO0030420,VND00884,SKU4904,Machinery,05/04/2024,Quality Failure,298,2616.76,Manager_A,Pending,779794.48,1
RET0002221,PO0039903,VND00505,SKU4555,Textiles,08/10/2021,Over Shipment,122,4313.79,Manager_B,Processed,526282.38,1
RET0002939,PO0049801,VND00818,SKU5575,IT Equipment,03/24/2022,Quality Failure,326,808,Manager_A,Processed,263408,1
RET0000450,PO0002366,VND00172,SKU1645,IT Equipment,02/18/2022,Defective Item,294,3835.28,,Processed,1127572.32,1
RET0000797,PO0013593,VND00843,SKU2051,Chemicals,12/15/2023,Wrong Item Delivered,184,3539.1,Manager_C,Pending,651194.4,1
RET0000377,PO0045204,VND00780,SKU1621,Machinery,05/20/2022,Wrong Item,253,868.78,Manager_B,Rejected,219801.34,1
RET0003460,PO0015424,VND00377,SKU1634,Textiles,03/19/2023,Expired Product,249,3981.94,,Processed,991503.06,1
RET0002823,PO0026287,VND00924,SKU1900,Spare Parts,09/08/2023,Over Shipment,67,2574.89,,Pending,172517.63,1
RET0002178,PO0009221,VND00908,SKU3261,Packaging,10/28/2022,Defective Item,288,2722.51,Manager_B,Pending,784082.88,1
RET0003363,PO0048756,VND00500,SKU5906,Packaging,01/28/2022,Expired Product,46,2287.83,Manager_A,Pending,105240.18,1
RET0001701,PO0018639,VND00570,SKU5580,Packaging,12/07/2024,Wrong Item Delivered,442,1498.6,,Processed,662381.2,1
RET0001482,PO0046563,VND00466,SKU1909,Raw Material,11/23/2021,Wrong Item Delivered,411,1365.11,Manager_B,Processed,561060.21,1
RET0001215,PO0012058,VND00739,SKU5314,Packaging,05/30/2024,Defective Item,194,1554.42,Manager_B,Pending,301557.48,1
RET0000920,PO0031906,VND00090,SKU5984,Packaging,04/20/2021,Damaged Packaging,3,4261.22,,Processed,12783.66,1
RET0004597,PO0018181,VND00448,SKU4504,Machinery,09/01/2023,Defective Item,244,4976.16,Manager_C,Pending,1214183.04,1
RET0003634,PO0005302,VND00104,SKU2250,Packaging,06/27/2024,Over Shipment,466,2575.64,Manager_C,Processed,1200248.24,1
RET0002638,PO0016779,VND00615,SKU2743,Machinery,05/05/2022,Defective Item,375,558.47,Manager_B,Pending,209426.25,1
RET0001919,PO0007480,VND00832,SKU4066,Packaging,11/20/2021,Expired Product,403,4724.13,Manager_B,Processed,1903824.39,1
RET0001366,PO0039982,VND00561,SKU1007,Raw Material,07/12/2024,Wrong Item Delivered,107,2026.56,Manager_A,Processed,216841.92,1
RET0001457,PO0039475,VND00066,SKU4223,Chemicals,09/17/2024,,127,1738.15,Manager_A,Processed,220745.05,1
RET0003084,PO0049743,VND00973,SKU3823,Textiles,10/23/2022,Wrong Quantity,83,4355.69,Manager_C,Pending,361522.27,1
RET0002693,PO0031715,VND00314,SKU2004,Textiles,06/16/2022,Quality Failure,493,1114.8,Manager_C,Pending,549596.4,1
RET0000810,PO0021690,VND00691,SKU1399,Textiles,04/14/2023,Wrong Item Delivered,349,2370.08,Manager_B,Processed,827157.92,1
RET0002141,PO0028963,VND00565,SKU3489,Electronics,01/18/2021,Over Shipment,400,3747.4,,Processed,1498960,1
RET0003791,PO0004866,VND00065,SKU3152,IT Equipment,03/14/2022,Wrong Item Delivered,223,1346.15,Manager_A,Processed,300191.45,1
RET0001502,PO0029355,VND00570,SKU1145,Textiles,06/27/2024,Wrong Item Delivered,10,2075.91,Manager_C,Processed,20759.1,1
RET0001723,PO0008600,VND00043,SKU5357,Textiles,05/01/2022,Wrong Item Delivered,86,3330.46,Manager_A,Rejected,286419.56,1
RET0000269,PO0036881,VND00833,SKU5562,Textiles,03/27/2022,Defective Item,44,2217.24,Manager_B,Processed,97558.56,1
RET0003276,PO0027790,VND00616,SKU5680,Machinery,05/09/2023,Over Shipment,316,4260.32,,Pending,1346261.12,1
RET0000004,PO0044589,VND00023,SKU1997,Machinery,09/17/2023,Defective Item,61,400.42,,Rejected,24425.62,1
RET0003317,PO0020338,VND00797,SKU1089,Electronics,04/07/2022,Quality Failure,144,2673.62,,Processed,385001.28,1
RET0002047,PO0021249,VND00305,SKU3484,IT Equipment,11/01/2021,Over Shipment,11,3072.38,Manager_C,Pending,33796.18,1
RET0004722,PO0000424,VND00129,SKU2446,Spare Parts,03/12/2024,Defective Item,225,1739.95,Manager_B,Processed,391488.75,1
RET0003953,PO0008279,VND00921,SKU2823,Packaging,04/24/2021,Expired Product,413,1437.25,Manager_C,Rejected,593584.25,1
RET0003992,PO0029230,VND00783,SKU5153,Spare Parts,01/31/2021,Over Shipment,404,1770.5,Manager_C,Processed,715282,1
RET0004387,PO0027434,VND00156,SKU2360,Raw Material,01/21/2022,Damaged Packaging,12,3045.3,,Processed,36543.6,1
RET0001951,PO0042850,VND00118,SKU5273,Packaging,10/25/2024,Quality Failure,415,2819.78,Manager_C,Processed,1170208.7,1
RET0002902,PO0024366,VND00452,SKU1549,Packaging,12/23/2021,Wrong Item Delivered,166,2168.24,Manager_A,Pending,359927.84,1
RET0000898,PO0017935,VND00620,SKU4101,IT Equipment,07/19/2023,Wrong Item Delivered,52,889.79,Manager_B,Processed,46269.08,1
RET0000550,PO0049869,VND00595,SKU4272,IT Equipment,08/31/2024,Quality Failure,384,4481.96,Manager_A,Processed,1721072.64,1
RET0000748,PO0012545,VND00599,SKU1788,Machinery,04/16/2021,Expired Product,231,541.15,Manager_C,,125005.65,1
RET0002930,PO0019360,VND00083,SKU5802,Electronics,10/24/2024,Damaged Packaging,43,4721.89,Manager_B,Rejected,203041.27,1
RET0003393,PO0043966,VND00629,SKU3503,Textiles,12/20/2022,Wrong Quantity,142,828.49,Manager_C,Processed,117645.58,1
RET0002465,PO0036367,VND00888,SKU2941,Electronics,06/19/2024,Defective Item,467,1271.54,Manager_B,Pending,593809.18,1
RET0000567,PO0007245,VND00072,SKU5749,Raw Material,02/28/2024,Defective Item,434,822.28,Manager_B,Pending,356869.52,1
RET0003341,PO0011445,VND00982,SKU4942,Electronics,03/03/2022,Quality Failure,196,387.46,Manager_C,Pending,75942.16,1
RET0002684,PO0012985,VND00886,SKU3329,Spare Parts,04/18/2024,Over Shipment,346,3284.06,Manager_C,Pending,1136284.76,1
RET0001741,PO0012684,VND00211,SKU5211,Machinery,07/14/2023,Wrong Quantity,128,4027.51,,Pending,515521.28,1
RET0002229,PO0007883,VND00470,SKU4106,Packaging,01/07/2022,Wrong Item Delivered,68,4659.89,Manager_A,Pending,316872.52,1
RET0004253,PO0007619,VND00795,SKU1530,Raw Material,03/03/2022,Expired Product,30,3160.76,Manager_C,Processed,94822.8,1
RET0004572,PO0021782,VND00264,SKU4730,Raw Material,07/04/2021,Wrong Item Delivered,427,3875.07,,Pending,1654654.89,1
RET0001070,PO0043823,VND00104,SKU5298,Spare Parts,09/12/2021,Defective Item,301,2229.55,,Processed,671094.55,1
RET0002513,PO0016765,VND00945,SKU5776,Chemicals,03/24/2021,Defective Item,212,60.44,Manager_B,Processed,12813.28,1
RET0003664,PO0020701,VND00870,SKU2704,Chemicals,10/26/2024,Damaged Packaging,177,2971.92,Manager_B,Pending,526029.84,1
RET0002086,PO0011099,VND00674,SKU4556,Textiles,09/25/2024,Wrong Quantity,386,4929.99,Manager_C,Processed,1902976.14,1
RET0003312,PO0008276,VND00315,SKU2353,Raw Material,06/20/2023,Damaged Packaging,337,4162.4,Manager_A,Processed,1402728.8,1
RET0001562,PO0026042,VND00713,SKU3020,Electronics,04/27/2024,wrong quantity,99,2877.12,Manager_B,Processed,284834.88,1
RET0004644,PO0049604,VND00208,SKU1418,IT Equipment,05/29/2023,Damaged Packaging,1,2912.91,Manager_B,Processed,2912.91,1
RET0003447,PO0018405,VND00995,SKU4424,Packaging,09/23/2024,Damaged Packaging,391,4502.37,,Pending,1760426.67,1
RET0000507,PO0033412,VND00703,SKU2502,Raw Material,03/05/2024,Damaged Packaging,1,1069.65,Manager_C,Pending,1069.65,1
RET0002812,PO0031877,VND00261,SKU5006,IT Equipment,11/13/2023,Damaged Packaging,203,4008.05,Manager_B,Processed,813634.15,1
RET0002249,PO0002678,VND00725,SKU4606,Electronics,10/04/2024,Over Shipment,176,3205.03,Manager_B,Pending,564085.28,1
RET0000844,PO0044343,VND00662,SKU5455,Textiles,12/28/2023,Over Shipment,31,2256.29,Manager_B,Pending,69944.99,1
RET0002521,PO0040741,VND00199,SKU1991,Machinery,10/02/2021,Defective Item,70,591.28,Manager_B,Processed,41389.6,1
RET0000787,PO0048625,VND00713,SKU3439,Machinery,10/09/2024,Wrong Item Delivered,358,1160.91,,Processed,415605.78,1
RET0002382,PO0000230,VND00513,SKU5666,Textiles,11/12/2022,Wrong Item Delivered,233,3067.53,,Processed,714734.49,1
RET0001524,PO0034842,VND00648,SKU2645,Machinery,05/20/2021,Defective Item,33,867.29,,Pending,28620.57,1
RET0004117,PO0038192,VND00683,SKU4321,Machinery,01/01/2024,Damaged Packaging,428,2219.58,Manager_C,Processed,949980.24,1
RET0003996,PO0018333,VND00239,SKU1699,Packaging,07/18/2021,Wrong Item Delivered,69,3791.95,Manager_C,Processed,261644.55,1
RET0003320,PO0003886,VND00472,SKU3824,Chemicals,02/27/2023,Quality Failure,299,4777.02,Manager_A,Processed,1428328.98,1
RET0002325,PO0037122,VND00572,SKU4391,Raw Material,12/29/2021,Damaged Packaging,384,3378.41,Manager_B,Processed,1297309.44,1
RET0002135,PO0009952,VND00572,SKU5234,Spare Parts,12/13/2024,Damaged Packaging,86,1468.81,Manager_C,Pending,126317.66,1
RET0001848,PO0007121,VND00625,SKU3421,Electronics,09/14/2022,Defective Item,472,2031.36,Manager_A,Processed,958801.92,1
RET0001772,PO0039372,VND00620,SKU5138,Electronics,08/28/2022,Damaged Packaging,466,4817.62,Manager_A,Processed,2245010.92,1
RET0001081,PO0021582,VND00492,SKU5878,Spare Parts,12/02/2023,,286,1421.77,Manager_B,Processed,406626.22,1
RET0002793,PO0036308,VND00476,SKU4081,Packaging,06/27/2021,Wrong Quantity,251,2599.19,Manager_B,Processed,652396.69,1
RET0004118,PO0024698,VND00759,SKU2090,Machinery,02/27/2022,Wrong Item Delivered,371,4683.62,Manager_B,Rejected,1737623.02,1
RET0003571,PO0041800,VND00740,SKU1772,Raw Material,03/24/2023,Quality Failure,439,3262.91,Manager_A,Processed,1432417.49,1
RET0004890,PO0044511,VND00146,SKU3272,Packaging,11/16/2022,Wrong Quantity,477,1339.25,Manager_B,Processed,638822.25,1
RET0001455,PO0025206,VND00600,SKU1401,Machinery,12/10/2022,Wrong Quantity,449,3230.95,,Pending,1450696.55,1
RET0003260,PO0022719,VND00779,SKU3419,Raw Material,06/12/2024,Wrong Quantity,261,2682.06,Manager_B,Processed,700017.66,1
RET0001245,PO0024966,VND00529,SKU3705,Chemicals,01/05/2023,Over Shipment,414,1600.04,Manager_B,Processed,662416.56,1
RET0001500,PO0048395,VND00952,SKU2228,Machinery,08/26/2021,Damaged Packaging,447,2379.31,Manager_B,Processed,1063551.57,1
RET0000868,PO0036359,VND00573,SKU4431,Textiles,11/01/2022,Over Shipment,472,3814.32,Manager_B,Processed,1800359.04,1
RET0002473,PO0012820,VND00545,SKU5017,Chemicals,03/18/2022,Expired Product,413,2400.67,Manager_C,Pending,991476.71,1
RET0001078,PO0007435,VND00296,SKU5908,Machinery,04/10/2022,Over Shipment,225,1263.77,Manager_A,Pending,284348.25,1
RET0003706,PO0025620,VND00523,SKU1522,Chemicals,11/03/2023,Wrong Item Delivered,474,4623.79,Manager_C,Processed,2191676.46,1
RET0004336,PO0018058,VND00737,SKU2142,Chemicals,07/31/2021,Wrong Quantity,162,1761.94,,Processed,285434.28,1
RET0003728,PO0027203,VND00442,SKU2732,Raw Material,12/08/2023,Quality Failure,333,661.07,,Processed,220136.31,1
RET0004065,PO0031982,VND00725,SKU5851,Electronics,09/22/2023,Expired Product,272,4687.01,Manager_C,Processed,1274866.72,1
RET0003284,PO0000244,VND00274,SKU5258,IT Equipment,10/25/2021,Damaged Packaging,422,3011.39,Manager_C,Processed,1270806.58,1
RET0001087,PO0047791,VND00224,SKU2590,Chemicals,08/12/2024,Quality Failure,204,3824.53,,Pending,780204.12,1
RET0003908,PO0020503,VND00136,SKU1177,Packaging,02/09/2023,Quality Failure,406,1646.35,,Processed,668418.1,1
RET0001462,PO0047340,VND00293,SKU2966,Packaging,01/31/2021,Wrong Item Delivered,381,4811.25,Manager_C,Processed,1833086.25,1
RET0003166,PO0012353,VND00788,SKU5419,Textiles,09/07/2024,Wrong Item Delivered,310,4126.66,Manager_C,Processed,1279264.6,1
RET0002731,PO0000159,VND00637,SKU5625,Chemicals,07/29/2022,Defective Item,139,3640.49,Manager_B,Processed,506028.11,1
RET0001469,PO0018790,VND00435,SKU1469,Chemicals,11/19/2021,Damaged Packaging,103,307.01,Manager_A,Pending,31622.03,1
RET0002296,PO0002832,VND00908,SKU3381,Raw Material,11/05/2023,Quality Failure,211,4194.79,Manager_B,Pending,885100.69,1
RET0004916,PO0015042,VND00119,SKU5842,Textiles,11/30/2023,Expired Product,105,3294.22,Manager_C,Processed,345893.1,1
RET0000845,PO0023288,VND00144,SKU2459,Spare Parts,04/27/2021,Quality Failure,243,2934.51,Manager_B,Pending,713085.93,1
RET0003854,PO0043855,VND00840,SKU3422,Electronics,03/19/2023,Over Shipment,140,2683.85,Manager_A,Processed,375739,1
RET0002103,PO0044942,VND00933,SKU3734,IT Equipment,08/08/2021,Wrong Item Delivered,346,3696.31,Manager_C,Pending,1278923.26,1
RET0000739,PO0011623,VND00873,SKU5725,Spare Parts,08/01/2024,Expired Product,277,4151.88,Manager_A,Processed,1150070.76,1
RET0003960,PO0029877,VND00101,SKU5241,Raw Material,10/13/2022,Defective Item,9,1475.79,Manager_B,Processed,13282.11,1
RET0001352,PO0031540,VND00063,SKU5368,Textiles,12/04/2022,Damaged Packaging,112,2788.17,Manager_B,Processed,312275.04,1
RET0001310,PO0045970,VND00218,SKU4265,Machinery,12/06/2023,Expired,207,3560.41,Manager_B,Processed,737004.87,1
RET0000149,PO0000783,VND00699,SKU1725,Electronics,03/29/2023,Quality Failure,310,3122.24,Manager_B,Processed,967894.4,1
RET0001547,PO0018666,VND00968,SKU2256,Textiles,05/05/2021,Wrong Quantity,15,2731.63,,Pending,40974.45,1
RET0003838,PO0012736,VND00607,SKU2132,Chemicals,12/30/2023,Expired Product,457,3614.39,Manager_A,Pending,1651776.23,1
RET0001819,PO0012007,VND00044,SKU1685,Raw Material,07/25/2022,Damaged Packaging,128,2887.43,Manager_B,Processed,369591.04,1
RET0003982,PO0024136,VND00931,SKU3445,Chemicals,04/21/2021,damaged packaging,71,3762.7,,Processed,267151.7,1
RET0003515,PO0028152,VND00098,SKU4466,Electronics,02/01/2024,Over Shipment,79,2211.45,Manager_B,Processed,174704.55,1
RET0002269,PO0049872,VND00608,SKU1301,IT Equipment,03/05/2023,Over Shipment,336,4912.61,Manager_A,Pending,1650636.96,1
RET0001134,PO0010225,VND00748,SKU4800,Packaging,05/02/2024,over shipment,46,3930.41,Manager_B,Pending,180798.86,1
RET0000329,PO0025909,VND00602,SKU3564,Electronics,02/17/2024,Expired product,458,2888.31,Manager_B,Pending,1322845.98,1
RET0001841,PO0000982,VND00580,SKU2164,Packaging,11/15/2024,Over Shipment,285,3212.99,Manager_B,Processed,915702.15,1
RET0002953,PO0026440,VND00329,SKU5987,Packaging,12/09/2023,Expired Product,268,3980.12,Manager_B,Pending,1066672.16,1
RET0004359,PO0028575,VND00090,SKU5480,IT Equipment,03/07/2024,Wrong Quantity,32,3915.36,Manager_A,Pending,125291.52,1
RET0001424,PO0031609,VND00117,SKU3116,Electronics,01/25/2022,Quality Failure,68,3420.25,Manager_B,Rejected,232577,1
RET0002912,PO0041390,VND00388,SKU3701,Packaging,08/17/2023,Over Shipment,467,1697.27,Manager_B,Processed,792625.09,1
RET0001591,PO0035335,VND00824,SKU1632,Chemicals,07/25/2022,Wrong Item Delivered,448,3696.38,Manager_B,Rejected,1655978.24,1
RET0000976,PO0006203,VND00304,SKU4646,Packaging,11/10/2023,Over Shipment,121,4180.06,,Processed,505787.26,1
RET0001040,PO0024442,VND00004,SKU3947,Electronics,11/27/2022,Quality Failure,257,4071.41,Manager_A,Pending,1046352.37,1
RET0000044,PO0031370,VND00782,SKU1089,Packaging,04/09/2024,Quality Failure,129,4080.12,Manager_C,Rejected,526335.48,1
RET0001606,PO0041623,VND00276,SKU3328,Electronics,01/06/2021,Defective Item,15,3356.07,Manager_A,Processed,50341.05,1
RET0002769,PO0045950,VND00640,SKU3370,Spare Parts,05/28/2022,Expired Product,462,4377.93,,Processed,2022603.66,1
RET0001293,PO0032115,VND00621,SKU5509,Packaging,12/09/2023,Defective Item,111,2568.59,Manager_B,Pending,285113.49,1
RET0002051,PO0017813,VND00613,SKU1833,Raw Material,11/13/2021,Wrong Quantity,266,1643.5,Manager_C,Pending,437171,1
RET0000848,PO0047625,VND00243,SKU1688,Spare Parts,12/29/2024,Wrong Item Delivered,70,3855.98,Manager_B,Processed,269918.6,1
RET0002698,PO0001994,VND00080,SKU5201,Spare Parts,03/12/2022,Quality Failure,50,4921.82,Manager_A,Processed,246091,1
RET0000422,PO0006386,VND00203,SKU5465,Textiles,10/02/2022,Damaged Packaging,196,4143.68,,Rejected,812161.28,1
RET0003780,PO0040673,VND00693,SKU3510,Spare Parts,11/23/2024,Wrong Quantity,134,3640.03,,Processed,487764.02,1
RET0002116,PO0029510,VND00667,SKU4016,Electronics,03/16/2022,Wrong Item Delivered,386,1605.27,Manager_A,Rejected,619634.22,1
RET0000825,PO0012684,VND00794,SKU3416,Textiles,07/15/2022,,239,4231.01,Manager_C,Rejected,1011211.39,1
RET0003731,PO0015103,VND00830,SKU5921,Electronics,06/15/2022,Quality Failure,57,4468.74,,Processed,254718.18,1
RET0003221,PO0008702,VND00971,SKU5705,Electronics,10/20/2024,Wrong Item Delivered,241,3929.39,,Processed,946982.99,1
RET0001680,PO0030074,VND00623,SKU4795,IT Equipment,02/02/2021,Wrong Quantity,48,1588.4,Manager_A,Pending,76243.2,1
RET0003266,PO0033030,VND00142,SKU1936,Spare Parts,12/31/2021,,484,549.61,Manager_A,Pending,266011.24,1
RET0004269,PO0023853,VND00453,SKU3921,Machinery,02/22/2022,Damaged Packaging,377,2820.13,Manager_A,Pending,1063189.01,1
RET0003704,PO0000573,VND00972,SKU1770,Packaging,03/18/2023,Wrong Item Delivered,14,3100.25,Manager_B,Rejected,43403.5,1
RET0001043,PO0018323,VND00422,SKU2558,Spare Parts,12/31/2023,Over Shipment,426,4684.56,Manager_B,Processed,1995622.56,1
RET0000510,PO0008540,VND00230,SKU2842,Electronics,11/19/2021,Over Shipment,262,1113.97,Manager_B,Pending,291860.14,1
RET0003985,PO0048923,VND00698,SKU2008,Packaging,01/30/2024,Expired Product,333,2613.41,Manager_A,Processed,870265.53,1
RET0001021,PO0038984,VND00826,SKU5327,Machinery,02/13/2023,Damaged Packaging,67,1364.04,Manager_B,Pending,91390.68,1
RET0001418,PO0035726,VND00677,SKU5458,Electronics,09/24/2023,Wrong Item Delivered,318,1974.66,Manager_C,Processed,627941.88,1
RET0003236,PO0027699,VND00744,SKU2761,Raw Material,01/09/2021,Defective Item,468,2348.71,Manager_A,Rejected,1099196.28,1
RET0004854,PO0005212,VND00613,SKU1354,Electronics,04/01/2024,Wrong Item Delivered,97,3453.18,,Pending,334958.46,1
RET0003625,PO0028749,VND00320,SKU3892,IT Equipment,04/02/2023,Expired Product,118,4224.23,Manager_A,Processed,498459.14,1
RET0000754,PO0038588,VND00405,SKU2738,Electronics,06/09/2022,Over Shipment,60,2440.84,Manager_B,Pending,146450.4,1
RET0004667,PO0017436,VND00374,SKU3142,Spare Parts,06/28/2021,,371,4591.4,Manager_B,Pending,1703409.4,1
RET0001610,PO0033637,VND00922,SKU2115,IT Equipment,05/07/2023,Defective Item,40,1222.23,Manager_A,Processed,48889.2,1
RET0001110,PO0049129,VND00157,SKU1296,Spare Parts,02/28/2024,Damaged Packaging,165,693.02,Manager_B,Pending,114348.3,1
RET0004417,PO0032778,VND00466,SKU5097,Electronics,06/07/2021,Defective Item,143,624.88,Manager_A,Processed,89357.84,1
RET0004601,PO0009527,VND00614,SKU2431,Chemicals,05/17/2023,Expired Product,429,3893.3,Manager_B,Pending,1670225.7,1
RET0000620,PO0032382,VND00075,SKU1137,Machinery,05/16/2024,Expired Product,173,1405.35,,Processed,243125.55,1
RET0000694,PO0024163,VND00919,SKU5754,IT Equipment,07/24/2024,Wrong Quantity,272,2889.44,Manager_A,Processed,785927.68,1
RET0001009,PO0006524,VND00225,SKU3918,Electronics,06/26/2024,wrong quantity,336,1075.14,,Processed,361247.04,1
RET0004074,PO0013025,VND00653,SKU3216,Machinery,10/03/2022,Damaged Packaging,323,4792.15,Manager_C,Rejected,1547864.45,1
RET0002601,PO0034250,VND00919,SKU5586,Chemicals,10/16/2021,Expired Product,293,485.09,Manager_B,Rejected,142131.37,1
RET0001442,PO0048422,VND00870,SKU4109,Electronics,12/29/2021,Defective Item,398,3185.14,Manager_A,Processed,1267685.72,1
RET0001179,PO0016603,VND00227,SKU5225,Electronics,03/29/2023,Damaged Packaging,177,4709.91,Manager_A,Processed,833654.07,1
RET0000392,PO0019660,VND00738,SKU2978,Chemicals,09/28/2021,Wrong Item Delivered,65,732.51,Manager_B,Pending,47613.15,1
RET0002118,PO0045761,VND00564,SKU5048,Raw Material,11/30/2024,Defective Item,217,4894.61,,Processed,1062130.37,1
RET0004468,PO0028554,VND00297,SKU4972,Packaging,05/06/2021,Wrong Item Delivered,458,3804.97,,Processed,1742676.26,1
RET0001402,PO0023156,VND00997,SKU4062,Chemicals,03/03/2022,Defective Item,211,1403.9,Manager_A,Processed,296222.9,1
RET0002961,PO0045564,VND00518,SKU1724,Textiles,09/22/2023,Wrong Item Delivered,112,143.8,,Pending,16105.6,1
RET0000657,PO0015566,VND00327,SKU4480,Electronics,08/03/2022,Wrong Item Delivered,145,709.09,,Processed,102818.05,1
RET0001794,PO0018376,VND00218,SKU1181,Electronics,09/04/2024,Wrong Item,379,4766.49,Manager_A,,1806499.71,1
RET0001959,PO0032265,VND00133,SKU4498,Electronics,02/01/2024,Damaged Packaging,193,1829.9,Manager_C,Pending,353170.7,1
RET0003282,PO0047017,VND00015,SKU1193,Raw Material,09/12/2023,wrong quantity,223,912.4,,Processed,203465.2,1
RET0000206,PO0005179,VND00854,SKU3839,Electronics,05/06/2021,Wrong Quantity,465,417.84,Manager_A,Processed,194295.6,1
RET0004140,PO0043672,VND00402,SKU2241,IT Equipment,04/26/2022,Wrong Quantity,276,3900.48,Manager_B,Processed,1076532.48,1
RET0003417,PO0049948,VND00686,SKU3655,Machinery,12/21/2022,Wrong Quantity,492,3384.77,Manager_B,Processed,1665306.84,1
RET0003621,PO0014049,VND00240,SKU4753,Spare Parts,03/27/2021,Damaged Packaging,27,2547.11,Manager_C,Pending,68771.97,1
RET0000246,PO0022938,VND00677,SKU4573,Chemicals,07/16/2023,Damaged Packaging,417,4081.57,,Processed,1702014.69,1
RET0000319,PO0031695,VND00225,SKU2513,Packaging,03/10/2024,Damaged Packaging,470,3688.24,Manager_A,Processed,1733472.8,1
RET0004373,PO0033007,VND00889,SKU2438,Spare Parts,05/09/2023,,81,3975.53,Manager_A,Processed,322017.93,1
RET0003890,PO0046848,VND00726,SKU1579,Raw Material,12/26/2021,Over Shipment,243,1045.15,Manager_C,Processed,253971.45,1
RET0000750,PO0039415,VND00694,SKU2838,Spare Parts,05/19/2024,Defective Item,400,2871.15,,Processed,1148460,1
RET0000891,PO0031267,VND00182,SKU4607,Chemicals,06/26/2021,Defective Item,148,277,Manager_A,Rejected,40996,1
RET0001152,PO0039232,VND00157,SKU2126,Machinery,08/15/2023,Damaged Packaging,160,2450.66,,Pending,392105.6,1
RET0000418,PO0046913,VND00089,SKU5794,Packaging,11/14/2022,Damaged Packaging,400,1169.52,Manager_A,Pending,467808,1
RET0003688,PO0007516,VND00572,SKU1991,Textiles,10/20/2022,Defective Item,380,4119.19,Manager_A,Pending,1565292.2,1
RET0004381,PO0010182,VND00070,SKU5627,Raw Material,10/01/2021,Defective Item,400,349.02,Manager_B,,139608,1
RET0001642,PO0027018,VND00013,SKU4559,Packaging,08/08/2023,Defective Item,367,4708.48,Manager_C,Pending,1728012.16,1
RET0002660,PO0014532,VND00221,SKU2723,Machinery,03/31/2023,Defective Item,442,366.66,Manager_A,Pending,162063.72,1
RET0003689,PO0018473,VND00389,SKU1109,Raw Material,04/01/2023,Defective Item,272,3435.33,,Pending,934409.76,1
RET0002966,PO0010015,VND00870,SKU5198,IT Equipment,11/24/2023,Wrong Item Delivered,219,2727.66,Manager_A,Processed,597357.54,1
RET0001625,PO0045921,VND00891,SKU1737,Machinery,02/26/2023,wrong quantity,495,967.21,Manager_C,Processed,478768.95,1
RET0002534,PO0014398,VND00634,SKU4688,Raw Material,01/25/2024,,214,3383,Manager_B,Pending,723962,1
RET0003334,PO0011628,VND00745,SKU1411,IT Equipment,08/29/2023,Defective Item,194,4809.66,,Pending,933074.04,1
RET0004075,PO0029730,VND00464,SKU5909,Electronics,04/13/2023,Wrong Item Delivered,444,1924.67,,Processed,854553.48,1
RET0003883,PO0031131,VND00814,SKU3655,Electronics,11/04/2022,,86,513.53,Manager_C,Processed,44163.58,1
RET0000952,PO0017158,VND00886,SKU2037,Machinery,05/28/2024,Quality Failure,471,4067.6,Manager_A,Pending,1915839.6,1
RET0000285,PO0018996,VND00638,SKU2833,Spare Parts,11/16/2022,Wrong Quantity,348,4275.49,Manager_A,Pending,1487870.52,1
RET0000498,PO0024986,VND00415,SKU3851,Electronics,01/15/2023,Quality Failure,495,2199.87,,Pending,1088935.65,1
RET0001229,PO0012751,VND00785,SKU2683,Spare Parts,07/14/2021,Expired Product,138,3759.51,Manager_A,Pending,518812.38,1
RET0001553,PO0001031,VND00541,SKU3721,Electronics,05/01/2021,Damaged Packaging,424,3626.92,,Processed,1537814.08,1
RET0001182,PO0040522,VND00373,SKU1063,Machinery,10/31/2021,Over Shipment,42,4399.81,Manager_A,Processed,184792.02,1
RET0003075,PO0032687,VND00635,SKU1504,Chemicals,06/08/2021,Defective Item,367,1884.47,Manager_B,Processed,691600.49,1
RET0000167,PO0011921,VND00974,SKU3511,Machinery,07/06/2021,Expired Product,26,2168.92,Manager_C,Processed,56391.92,1
RET0001829,PO0039732,VND00683,SKU1646,Textiles,07/30/2024,Wrong Item,350,3923.23,Manager_C,Processed,1373130.5,1
RET0003100,PO0003049,VND00146,SKU4739,Chemicals,06/06/2021,Wrong Quantity,159,2768.79,,Rejected,440237.61,1
RET0001391,PO0012447,VND00874,SKU5708,Packaging,04/25/2024,Wrong Item Delivered,111,3544.05,,Pending,393389.55,1
RET0003245,PO0027232,VND00626,SKU2737,Packaging,03/07/2021,Damaged Packaging,173,1142.75,,Processed,197695.75,1
RET0001461,PO0009414,VND00797,SKU1701,Electronics,11/07/2024,Quality Failure,4,2476.28,Manager_C,Processed,9905.12,1
RET0001437,PO0002705,VND00735,SKU4202,Spare Parts,01/24/2021,Wrong Quantity,145,2501.21,Manager_A,Processed,362675.45,1
RET0003298,PO0013090,VND00587,SKU3878,Spare Parts,02/01/2022,,444,4762.14,Manager_A,Processed,2114390.16,1
RET0003144,PO0039004,VND00867,SKU4422,Chemicals,06/08/2021,Wrong Quantity,345,1013.16,Manager_B,Pending,349540.2,1
RET0000476,PO0022232,VND00174,SKU3302,Spare Parts,03/31/2021,Defective Item,10,4595.41,Manager_A,Processed,45954.1,1
RET0004242,PO0038434,VND00953,SKU2969,Raw Material,01/28/2024,Expired product,345,2122.19,Manager_B,Processed,732155.55,1
RET0003915,PO0009556,VND00159,SKU5655,Machinery,03/05/2023,Defective Item,276,4298.73,Manager_A,Pending,1186449.48,1
RET0001306,PO0000217,VND00119,SKU5836,Chemicals,03/10/2024,Wrong Quantity,348,3298.38,Manager_C,Pending,1147836.24,1
RET0004174,PO0003864,VND00449,SKU3411,Electronics,11/05/2024,Damaged Packaging,58,2252.15,,Processed,130624.7,1
RET0002138,PO0044137,VND00110,SKU4870,Textiles,05/01/2021,Over Shipment,166,4380.49,Manager_C,Pending,727161.34,1
RET0002561,PO0044983,VND00206,SKU2471,Textiles,10/24/2022,Defective Item,185,2791.46,Manager_B,Rejected,516420.1,1
RET0003378,PO0038448,VND00192,SKU2049,Raw Material,03/13/2022,Expired Product,164,3318.99,Manager_A,Processed,544314.36,1
RET0002002,PO0001924,VND00077,SKU3870,Electronics,10/11/2021,Damaged Packaging,308,2661.41,,Pending,819714.28,1
RET0000523,PO0014940,VND00576,SKU2269,Electronics,12/15/2024,Defective Item,230,1630.31,,Processed,374971.3,1
RET0003693,PO0034490,VND00170,SKU4495,IT Equipment,01/10/2022,Damaged Packaging,41,3977.97,Manager_C,Rejected,163096.77,1
RET0004123,PO0023492,VND00059,SKU2247,Machinery,12/02/2021,Damaged Packaging,169,1096.28,Manager_A,Processed,185271.32,1
RET0000346,PO0026979,VND00037,SKU1470,Machinery,01/05/2022,Wrong Item Delivered,404,1339.34,Manager_C,Processed,541093.36,1
RET0002045,PO0009367,VND00986,SKU4623,Textiles,03/27/2023,Over Shipment,145,2262.65,,Pending,328084.25,1
RET0000872,PO0006073,VND00148,SKU4869,Machinery,02/03/2023,Damaged Packaging,321,829.94,Manager_A,Processed,266410.74,1
RET0000552,PO0037899,VND00244,SKU3527,Spare Parts,04/28/2021,Quality Failure,313,1122.32,Manager_A,Processed,351286.16,1
RET0003657,PO0008900,VND00500,SKU5454,Packaging,07/12/2024,Wrong Quantity,123,4532.7,Manager_C,Pending,557522.1,1
RET0001069,PO0047210,VND00285,SKU3916,Machinery,01/03/2022,Defective Item,142,807.93,,Processed,114726.06,1
RET0003283,PO0034021,VND00799,SKU1815,Packaging,09/23/2024,,482,552.96,Manager_C,Processed,266526.72,1
RET0002920,PO0006045,VND00586,SKU5958,Raw Material,01/12/2024,Over Shipment,469,3219.79,Manager_A,Processed,1510081.51,1
RET0001731,PO0041673,VND00010,SKU1056,Electronics,10/23/2024,Defective Item,467,3546.12,,Processed,1656038.04,1
RET0004304,PO0029291,VND00816,SKU2396,Textiles,07/13/2023,Over Shipment,5,2051.69,Manager_C,Processed,10258.45,1
RET0000008,PO0036089,VND00640,SKU1716,Machinery,06/25/2024,Damaged Packaging,195,4124.62,Manager_B,Processed,804300.9,1
RET0000985,PO0000220,VND00973,SKU5519,Chemicals,11/13/2022,Quality Failure,493,1417.64,Manager_B,,698896.52,1
RET0002176,PO0019913,VND00656,SKU4849,Textiles,03/16/2023,Expired Product,1,4190.27,Manager_C,Processed,4190.27,1
RET0003559,PO0025238,VND00188,SKU2920,Electronics,03/09/2024,Damaged Packaging,16,2760.03,,Processed,44160.48,1
RET0003602,PO0038899,VND00278,SKU1560,Chemicals,04/13/2023,Defective Item,386,3617.09,,Pending,1396196.74,1
RET0000807,PO0043178,VND00680,SKU4270,Electronics,02/26/2021,Expired Product,199,4535.04,Manager_C,Processed,902472.96,1
RET0003289,PO0045492,VND00417,SKU1313,Packaging,07/31/2023,Wrong Item Delivered,211,3728.97,Manager_A,Processed,786812.67,1
RET0003973,PO0002724,VND00167,SKU4792,Textiles,05/02/2024,Damaged Packaging,255,4915.2,Manager_A,,1253376,1
RET0002111,PO0021851,VND00818,SKU5938,Chemicals,09/08/2022,Defective Item,374,2988.27,Manager_B,Processed,1117612.98,1
RET0000116,PO0035766,VND00072,SKU5304,Electronics,02/17/2023,Wrong Item Delivered,3,1671.07,Manager_A,Pending,5013.21,1
RET0002910,PO0020830,VND00393,SKU3463,Spare Parts,02/23/2022,Defective Item,82,3399.08,,Pending,278724.56,1
RET0004971,PO0048686,VND00400,SKU1451,Machinery,03/12/2022,Quality Failure,485,503.43,Manager_A,,244163.55,1
RET0000100,PO0000424,VND00788,SKU4894,Machinery,09/05/2021,Wrong Item delivered,47,4841.67,Manager_A,Processed,227558.49,1
RET0001857,PO0031082,VND00667,SKU1977,IT Equipment,03/30/2022,Damaged Packaging,44,4211.4,Manager_A,Pending,185301.6,1
RET0002576,PO0037793,VND00440,SKU2943,Chemicals,09/30/2024,Defective Item,0,2203.02,Manager_A,Rejected,0,0
RET0004221,PO0012662,VND00403,SKU3944,IT Equipment,07/28/2023,Expired Product,421,803.72,Manager_B,Processed,338366.12,1
RET0000588,PO0043165,VND00640,SKU5227,Electronics,12/11/2021,Wrong Item Delivered,55,1587.31,Manager_C,Pending,87302.05,1
RET0003035,PO0039127,VND00597,SKU1863,Chemicals,11/21/2023,Over Shipment,39,2488.72,,Processed,97060.08,1
RET0001832,PO0045579,VND00326,SKU3424,Chemicals,03/02/2021,Damaged Packaging,98,4787.49,,Processed,469174.02,1
RET0000474,PO0006406,VND00097,SKU3336,Electronics,03/30/2021,Defective Item,311,4563.2,Manager_A,Pending,1419155.2,1
RET0002642,PO0038913,VND00108,SKU5620,Textiles,11/29/2022,wrong quantity,445,3455.55,Manager_A,Processed,1537719.75,1
RET0002843,PO0030180,VND00353,SKU3525,Chemicals,11/22/2024,Quality Failure,293,886.67,Manager_A,Pending,259794.31,1
RET0000621,PO0033873,VND00615,SKU3213,IT Equipment,02/16/2022,expiry,403,4355.46,Manager_B,Processed,1755250.38,1
RET0003669,PO0029126,VND00210,SKU4766,Raw Material,07/17/2022,expiry,95,2118.98,Manager_B,Processed,201303.1,1
RET0001656,PO0017916,VND00131,SKU5695,Electronics,08/18/2023,Defective Item,432,259.38,Manager_B,Processed,112052.16,1
RET0003712,PO0041175,VND00099,SKU2211,Spare Parts,03/07/2022,Over Shipment,114,2963.1,Manager_B,Rejected,337793.4,1
RET0000564,PO0041833,VND00829,SKU1372,Electronics,01/13/2022,Quality Failure,171,4291.91,Manager_C,Processed,733916.61,1
RET0003054,PO0022504,VND00927,SKU4836,Textiles,03/30/2023,Defective Item,470,614.53,Manager_C,Pending,288829.1,1
RET0000387,PO0026901,VND00692,SKU2439,Electronics,07/10/2021,Expired,254,3177.98,Manager_A,Rejected,807206.92,1
RET0004305,PO0043603,VND00287,SKU5504,Chemicals,12/25/2022,Wrong Item Delivered,247,1211.71,Manager_A,Processed,299292.37,1
RET0001235,PO0008164,VND00939,SKU1756,Raw Material,05/07/2024,Wrong Item Delivered,50,3093.43,Manager_C,Processed,154671.5,1
RET0003678,PO0004348,VND00747,SKU1632,IT Equipment,07/26/2021,Over Shipment,325,4193.45,Manager_B,Processed,1362871.25,1
RET0001931,PO0004297,VND00631,SKU3666,Textiles,05/17/2022,Wrong Quantity,92,849.23,,Processed,78129.16,1
RET0000912,PO0022047,VND00924,SKU2006,Spare Parts,11/14/2021,Damaged Packaging,63,3176.71,Manager_C,Processed,200132.73,1
RET0001874,PO0044364,VND00510,SKU5666,Machinery,02/06/2022,Over Shipment,142,3839.22,Manager_B,Pending,545169.24,1
RET0004781,PO0036557,VND00908,SKU3737,Spare Parts,06/01/2022,Over Shipment,137,4828.5,Manager_C,Pending,661504.5,1
RET0002754,PO0011125,VND00487,SKU2099,Electronics,02/08/2023,Wrong Quantity,388,3901.54,,Processed,1513797.52,1
RET0004289,PO0042860,VND00458,SKU2136,IT Equipment,07/09/2023,Expired Product,24,2383.92,,Pending,57214.08,1
RET0000445,PO0035128,VND00438,SKU1459,Electronics,05/18/2022,Defective Item,96,1452.58,Manager_C,Pending,139447.68,1
RET0002558,PO0027600,VND00495,SKU2738,Machinery,07/17/2023,Wrong Quantity,340,2894.3,Manager_A,Processed,984062,1
RET0000191,PO0040793,VND00999,SKU3390,Raw Material,12/02/2021,Damaged Packaging,222,2065.61,Manager_C,Pending,458565.42,1
RET0003402,PO0046110,VND00769,SKU1206,IT Equipment,07/18/2021,Wrong Item Delivered,71,2813.13,Manager_B,Processed,199732.23,1
RET0003252,PO0031173,VND00830,SKU1857,IT Equipment,10/07/2023,Wrong Item Delivered,137,1394.49,Manager_A,Pending,191045.13,1
RET0000323,PO0048794,VND00474,SKU1504,Electronics,01/04/2024,Wrong Quantity,95,3239.31,,Processed,307734.45,1
RET0001681,PO0045582,VND00930,SKU3411,Raw Material,11/16/2022,Expired Product,277,1653.69,Manager_A,Processed,458072.13,1
RET0002679,PO0043935,VND00297,SKU5401,Textiles,04/08/2021,Wrong Item Delivered,41,3080.42,Manager_C,Pending,126297.22,1
RET0000407,PO0039154,VND00019,SKU4291,Raw Material,10/04/2021,Expired Product,220,3555.55,,,782221,1
RET0004999,PO0023353,VND00521,SKU4607,Electronics,09/24/2021,Over Shipment,179,1628.57,,Processed,291514.03,1
RET0004932,PO0026894,VND00652,SKU2741,Raw Material,09/20/2024,Wrong Item,333,1245.75,Manager_A,Processed,414834.75,1
RET0001166,PO0032755,VND00460,SKU1825,Chemicals,04/13/2023,Over Shipment,217,2714.09,,Processed,588957.53,1
RET0001670,PO0024037,VND00544,SKU2957,Packaging,05/02/2023,Damaged Packaging,160,4755.65,Manager_C,Processed,760904,1
RET0004193,PO0031825,VND00799,SKU4580,Spare Parts,01/11/2021,Quality Failure,251,1004.56,Manager_C,Rejected,252144.56,1
RET0002795,PO0013380,VND00388,SKU5890,Raw Material,04/17/2024,Expired Product,386,3143.72,Manager_A,Processed,1213475.92,1
RET0003861,PO0009665,VND00959,SKU2674,Electronics,07/24/2024,Damaged Packaging,188,4228.59,Manager_C,Pending,794974.92,1
RET0002126,PO0027191,VND00188,SKU2888,Packaging,12/14/2024,Over Shipment,446,1600.73,Manager_B,Rejected,713925.58,1
RET0003640,PO0045235,VND00217,SKU1490,IT Equipment,09/11/2021,Over Shipment,355,962.49,Manager_A,Pending,341683.95,1
RET0004271,PO0025799,VND00433,SKU3329,Machinery,03/15/2021,Expired Product,202,4658.63,Manager_C,Processed,941043.26,1
RET0000052,PO0035756,VND00885,SKU1716,Electronics,12/23/2024,,265,3226.64,Manager_B,Processed,855059.6,1
RET0004042,PO0029045,VND00996,SKU1893,Raw Material,10/17/2023,Quality Failure,216,3687.76,Manager_C,Processed,796556.16,1
RET0001103,PO0035250,VND00803,SKU2024,Spare Parts,01/13/2024,Over Shipment,99,3464.5,Manager_B,Processed,342985.5,1
RET0003023,PO0007772,VND00598,SKU3118,Chemicals,09/03/2023,Expired Product,202,2282.43,Manager_A,Rejected,461050.86,1
RET0003814,PO0010270,VND00526,SKU5620,Spare Parts,08/28/2021,Wrong Quantity,202,4635.76,Manager_C,Processed,936423.52,1
RET0003632,PO0034919,VND00072,SKU4425,Packaging,05/12/2022,Damaged Packaging,313,3397.06,Manager_C,Pending,1063279.78,1
RET0003818,PO0032002,VND00816,SKU3959,Electronics,01/05/2023,Defective Item,163,2752.19,Manager_A,Processed,448606.97,1
RET0000130,PO0016651,VND00597,SKU4731,IT Equipment,03/22/2023,Over Shipment,264,2250.28,,Processed,594073.92,1
RET0002607,PO0029311,VND00888,SKU4808,IT Equipment,06/30/2022,Expired Product,471,3725.76,Manager_B,Processed,1754832.96,1
RET0000591,PO0011308,VND00804,SKU5508,Packaging,08/24/2024,Wrong Item,98,4242.53,Manager_C,Pending,415767.94,1
RET0000432,PO0020176,VND00410,SKU3860,IT Equipment,03/26/2023,Wrong Item Delivered,247,1939.74,,Pending,479115.78,1
RET0004506,PO0014332,VND00055,SKU4271,Chemicals,11/25/2023,Quality Failure,491,3658.99,Manager_A,Processed,1796564.09,1
RET0001176,PO0017318,VND00579,SKU5244,Chemicals,05/28/2023,Expired Product,98,4426.47,,Processed,433794.06,1
RET0001824,PO0017893,VND00467,SKU1887,Electronics,07/26/2021,Defective Item,267,2688.6,Manager_C,Rejected,717856.2,1
RET0004492,PO0025913,VND00597,SKU2027,Textiles,11/08/2024,Quality Failure,110,2164.76,,,238123.6,1
RET0001516,PO0043694,VND00117,SKU5007,IT Equipment,02/01/2024,Damaged Packaging,267,2478.18,Manager_B,Processed,661674.06,1
RET0004273,PO0018684,VND00830,SKU5817,Raw Material,04/12/2024,Damaged Packaging,243,4539.85,Manager_C,Processed,1103183.55,1
RET0000734,PO0027263,VND00732,SKU3032,Raw Material,11/15/2024,Expired Product,495,2603.31,Manager_C,Processed,1288638.45,1
RET0004560,PO0035320,VND00879,SKU1276,Raw Material,03/12/2023,Defective Item,68,4486.66,Manager_B,Processed,305092.88,1
RET0000384,PO0038967,VND00953,SKU1412,IT Equipment,07/06/2022,Wrong Quantity,253,3138.33,Manager_B,Pending,793997.49,1
RET0002841,PO0014757,VND00540,SKU2289,Packaging,03/12/2021,Quality Failure,98,172.58,Manager_C,Processed,16912.84,1
RET0003517,PO0018447,VND00529,SKU3950,IT Equipment,07/17/2024,Wrong Item Delivered,368,3955.92,,Rejected,1455778.56,1
RET0001190,PO0042408,VND00797,SKU3801,Raw Material,11/09/2024,Wrong Quantity,11,3237.22,Manager_B,Pending,35609.42,1
RET0000675,PO0003236,VND00445,SKU3302,Textiles,12/25/2024,,226,4999.71,,Processed,1129934.46,1
RET0002794,PO0020927,VND00572,SKU3777,Textiles,10/16/2024,Over Shipment,397,3081.44,Manager_A,Processed,1223331.68,1
RET0004602,PO0001030,VND00632,SKU1970,Electronics,02/10/2021,expiry,186,260.8,Manager_C,Processed,48508.8,1
RET0002900,PO0028326,VND00129,SKU1947,Spare Parts,07/20/2024,Damaged Packaging,55,3267.9,,Pending,179734.5,1
RET0004063,PO0046044,VND00279,SKU1302,Raw Material,04/07/2023,Wrong Item Delivered,128,1733.71,Manager_B,Processed,221914.88,1
RET0002306,PO0009511,VND00464,SKU5748,Machinery,03/31/2022,Over Shipment,455,2045.3,,Processed,930611.5,1
RET0004265,PO0002080,VND00576,SKU1827,Chemicals,05/23/2024,Wrong Quantity,36,3431.86,,Pending,123546.96,1
RET0004115,PO0044113,VND00087,SKU3725,Packaging,04/02/2024,Defective Item,3,2947.7,Manager_C,Rejected,8843.1,1
RET0003570,PO0030207,VND00853,SKU4272,IT Equipment,12/19/2023,over shipment,7,1761.4,Manager_A,Pending,12329.8,1
RET0001148,PO0015542,VND00884,SKU2786,Electronics,01/11/2024,damaged packaging,410,4668.42,Manager_A,Pending,1914052.2,1
RET0000763,PO0014536,VND00165,SKU4640,IT Equipment,02/28/2022,Defective Item,476,865.55,Manager_A,Processed,412001.8,1
RET0003010,PO0030231,VND01000,SKU2013,Chemicals,04/26/2021,Expired product,97,3693.24,Manager_C,Rejected,358244.28,1
RET0002977,PO0011154,VND00634,SKU2522,Electronics,06/12/2021,Expired Product,179,1544,Manager_C,Pending,276376,1
RET0003991,PO0048934,VND00503,SKU5375,Textiles,08/21/2023,Wrong Item Delivered,368,877.85,Manager_A,Processed,323048.8,1
RET0001365,PO0005150,VND00221,SKU1593,Textiles,07/21/2022,Wrong Item delivered,130,697.13,,Pending,90626.9,1
RET0001774,PO0023839,VND00181,SKU2154,Textiles,10/20/2021,Defective Item,320,1133.98,,,362873.6,1
RET0001396,PO0021410,VND00853,SKU4361,Electronics,04/28/2023,Quality Failure,282,2227.83,Manager_A,Processed,628248.06,1
RET0004803,PO0012519,VND00094,SKU1397,IT Equipment,02/21/2022,Expired Product,329,468.79,Manager_A,Pending,154231.91,1
RET0002745,PO0019097,VND00658,SKU1730,Electronics,09/13/2023,Quality Failure,304,717.52,Manager_A,Processed,218126.08,1
RET0000126,PO0005424,VND00664,SKU5718,Textiles,12/05/2021,Wrong Item Delivered,325,4609.95,,Processed,1498233.75,1
RET0003598,PO0033655,VND00539,SKU1121,Spare Parts,02/13/2021,Quality Failure,137,1180.84,,Processed,161775.08,1
RET0000204,PO0023493,VND00550,SKU1348,Packaging,09/15/2022,,150,2046.94,Manager_A,Pending,307041,1
RET0002258,PO0044267,VND00240,SKU2337,Textiles,02/03/2021,Expired Product,180,571.4,Manager_C,Pending,102852,1
RET0003661,PO0004991,VND00366,SKU4456,Machinery,09/04/2024,Wrong Quantity,430,1595.61,Manager_A,Processed,686112.3,1
RET0000566,PO0022473,VND00476,SKU4539,Raw Material,04/29/2023,Damaged Packaging,72,4220.04,Manager_C,Pending,303842.88,1
RET0001376,PO0024675,VND00339,SKU5854,Machinery,02/02/2024,Over Shipment,114,4212.34,Manager_A,Processed,480206.76,1
RET0003539,PO0003392,VND00759,SKU5576,Electronics,10/26/2023,Over Shipment,92,4790.66,Manager_C,Processed,440740.72,1
RET0004591,PO0015832,VND00396,SKU2733,Chemicals,04/28/2024,Defective Item,230,723.57,Manager_A,Processed,166421.1,1
RET0000147,PO0038492,VND00108,SKU4451,Textiles,09/07/2023,Wrong Item,73,4089.24,Manager_A,Processed,298514.52,1
RET0002791,PO0000757,VND00145,SKU1632,IT Equipment,10/29/2024,Defective Item,300,2929.19,Manager_C,Processed,878757,1
RET0003782,PO0003907,VND00209,SKU1058,IT Equipment,08/14/2024,Wrong Item Delivered,413,55.37,,Processed,22867.81,1
RET0001555,PO0036910,VND00614,SKU3503,Machinery,08/13/2021,Quality Failure,499,4919.51,,Pending,2454835.49,1
RET0001344,PO0017139,VND00983,SKU2191,Raw Material,07/18/2024,damaged packaging,250,4472.52,Manager_C,Rejected,1118130,1
RET0003165,PO0021059,VND00985,SKU4782,Machinery,02/24/2021,Wrong Item Delivered,466,1789.2,,Pending,833767.2,1
RET0002150,PO0004310,VND00285,SKU4233,Machinery,12/31/2023,Expired,46,2589.87,Manager_A,Processed,119134.02,1
RET0003315,PO0003042,VND00192,SKU5805,Machinery,11/22/2021,Defective Item,422,2758.58,,Processed,1164120.76,1
RET0001407,PO0041910,VND00098,SKU4715,Textiles,12/04/2023,Defective Item,448,2005.01,,Processed,898244.48,1
RET0002671,PO0048681,VND00029,SKU2856,Textiles,01/22/2021,Over Shipment,432,3582.36,Manager_B,Processed,1547579.52,1
RET0004292,PO0036465,VND00156,SKU3069,Machinery,04/22/2024,Wrong Item Delivered,184,4647.24,Manager_A,Processed,855092.16,1
RET0003457,PO0020153,VND00219,SKU3924,IT Equipment,02/09/2021,Over Shipment,83,2379,Manager_A,Processed,197457,1
RET0000107,PO0001854,VND00832,SKU5242,Chemicals,08/23/2021,Wrong Quantity,102,1273.12,Manager_C,Processed,129858.24,1
